time,r,g,b,shutter,gain
2020-07-29T09:31:36Z,147,147,185,331,2.51171875
2020-07-29T09:32:40Z,169,169,205,728,1.01953125
2020-07-29T09:33:45Z,167,169,205,690,1.01953125
2020-07-29T09:34:50Z,165,167,202,671,1.01953125
2020-07-29T09:35:55Z,166,166,201,652,1.0
2020-07-29T09:36:59Z,178,173,198,614,1.0
2020-07-29T09:38:04Z,184,176,198,577,1.0234375
2020-07-29T09:39:09Z,192,180,192,520,1.02734375
2020-07-29T09:40:14Z,193,182,194,482,1.03125
2020-07-29T09:41:19Z,203,193,204,444,1.03515625
2020-07-29T09:42:24Z,172,161,177,198,2.1171875
2020-07-29T09:43:28Z,189,178,190,406,1.0
2020-07-29T09:44:34Z,194,185,194,406,1.0
2020-07-29T09:45:38Z,195,186,197,406,1.0
2020-07-29T09:46:43Z,189,180,192,387,1.01953125
2020-07-29T09:47:47Z,202,194,204,369,1.0390625
2020-07-29T09:48:52Z,200,192,203,369,1.0390625
2020-07-29T09:49:57Z,197,188,201,369,1.0390625
2020-07-29T09:51:02Z,195,186,198,369,1.0390625
2020-07-29T09:52:06Z,183,175,186,369,1.0390625
2020-07-29T09:53:11Z,184,174,185,369,1.0390625
2020-07-29T09:54:16Z,183,174,184,369,1.0390625
2020-07-29T09:55:21Z,182,173,183,369,1.0390625
2020-07-29T09:56:26Z,179,170,179,369,1.0390625
2020-07-29T09:57:30Z,176,167,176,369,1.0390625
2020-07-29T09:58:35Z,172,162,172,369,1.0390625
2020-07-29T09:59:39Z,165,156,166,369,1.0390625
2020-07-29T10:00:43Z,157,147,158,406,1.0
2020-07-29T10:01:51Z,171,162,173,274,2.20703125
2020-07-29T10:05:22Z,191,182,190,293,1.94140625
2020-07-29T10:15:27Z,184,174,179,463,1.03125
2020-07-29T10:25:33Z,181,170,190,444,1.015625
2020-07-29T10:35:38Z,181,171,185,387,1.0
2020-07-29T10:45:43Z,181,170,188,331,1.02734375
2020-07-29T10:55:47Z,189,182,196,312,1.03125
2020-07-29T11:05:52Z,102,122,185,558,1.01953125
2020-07-29T11:15:56Z,143,151,196,539,1.0078125
2020-07-29T11:26:01Z,180,177,202,293,1.03515625
2020-07-29T11:36:06Z,168,159,170,104,2.2265625
2020-07-29T11:46:10Z,156,148,158,690,1.0
2020-07-29T11:56:15Z,188,180,190,406,1.0390625
2020-07-29T12:06:20Z,193,184,193,331,1.0078125
2020-07-29T12:16:25Z,190,182,192,274,1.05859375
2020-07-29T12:26:30Z,138,127,137,85,2.24609375
2020-07-29T12:36:36Z,179,169,178,161,2.06640625
2020-07-29T12:46:40Z,190,182,191,293,1.0
2020-07-29T12:56:45Z,166,156,166,463,1.01953125
2020-07-29T13:06:50Z,199,190,199,425,1.015625
2020-07-29T13:16:54Z,198,189,198,293,1.015625
2020-07-29T13:26:59Z,198,189,197,217,1.0390625
2020-07-29T13:37:04Z,190,182,190,293,1.01953125
2020-07-29T13:47:08Z,194,185,194,293,1.0
2020-07-29T13:57:13Z,179,169,178,312,1.0234375
2020-07-29T14:07:18Z,190,182,191,274,1.0390625
2020-07-29T14:17:23Z,170,160,170,123,2.2265625
2020-07-29T14:27:28Z,192,184,195,217,1.05859375
2020-07-29T14:37:33Z,195,188,196,293,1.01953125
2020-07-29T14:47:38Z,166,157,164,104,2.15234375
2020-07-29T14:57:42Z,194,185,193,406,1.0
2020-07-29T15:07:47Z,178,169,178,406,1.0
2020-07-29T15:17:51Z,188,180,189,520,1.01953125
2020-07-29T15:27:55Z,185,178,187,784,1.0
2020-07-29T15:38:01Z,155,146,153,66,2.30859375
2020-07-29T15:48:06Z,175,163,164,28,2.5859375
2020-07-29T15:58:11Z,186,179,189,217,1.0546875
2020-07-29T16:08:16Z,145,134,138,28,2.5859375
2020-07-29T16:18:22Z,163,151,151,28,2.265625
2020-07-29T16:28:28Z,157,152,161,28,2.0
2020-07-29T16:38:34Z,150,143,147,28,1.8828125
2020-07-29T16:48:39Z,137,126,129,28,1.8828125
2020-07-29T16:58:45Z,93,87,95,28,2.5859375
2020-07-29T17:08:50Z,157,146,151,66,2.51171875
2020-07-29T17:18:56Z,149,138,143,66,2.37109375
2020-07-29T17:29:01Z,145,137,145,85,2.39453125
2020-07-29T17:39:06Z,143,132,135,47,2.5859375
2020-07-29T17:49:11Z,163,153,158,85,2.15234375
2020-07-29T17:59:16Z,178,175,193,180,1.0625
2020-07-29T18:09:22Z,171,162,171,85,2.1171875
2020-07-29T18:19:27Z,198,189,195,236,1.05078125
2020-07-29T18:29:32Z,185,177,181,236,1.05078125
2020-07-29T18:39:37Z,172,164,174,293,1.046875
2020-07-29T18:49:42Z,193,184,191,331,1.02734375
2020-07-29T18:59:46Z,183,174,181,312,1.03125
2020-07-29T19:09:51Z,183,172,177,312,1.03125
2020-07-29T19:19:55Z,195,186,191,312,1.01171875
2020-07-29T19:30:00Z,174,166,176,312,1.01171875
2020-07-29T19:40:05Z,179,173,182,331,1.01953125
2020-07-29T19:50:09Z,148,153,181,633,1.0
2020-07-29T20:00:14Z,168,166,189,728,1.01953125
2020-07-29T20:10:18Z,139,151,191,917,1.0
2020-07-29T20:20:23Z,162,163,192,936,1.01171875
2020-07-29T20:30:28Z,164,164,188,992,1.01171875
2020-07-29T20:40:33Z,161,166,198,1427,1.0078125
2020-07-29T20:50:38Z,163,162,184,1427,1.0
2020-07-29T21:00:42Z,173,171,196,1824,1.0
2020-07-29T21:10:47Z,151,156,199,2448,1.0
2020-07-29T21:20:52Z,151,155,189,2732,1.0
2020-07-29T21:30:57Z,155,162,195,3318,1.0
2020-07-29T21:41:01Z,165,162,190,4206,1.0
2020-07-29T21:51:06Z,168,165,192,6758,1.0
2020-07-29T22:01:11Z,154,170,211,8252,1.0
2020-07-29T22:11:15Z,133,160,211,8630,1.0
2020-07-29T22:21:21Z,142,159,204,12940,1.0
2020-07-29T22:31:25Z,120,144,197,32997,1.0
2020-07-29T22:41:30Z,120,149,203,33243,1.70703125
2020-07-29T22:51:35Z,122,151,207,33243,2.2265625
2020-07-29T23:01:39Z,72,96,158,33243,2.5859375
2020-07-29T23:11:44Z,48,66,118,33243,2.5859375
2020-07-29T23:21:49Z,21,32,66,33243,2.5859375
2020-07-29T23:31:54Z,21,31,66,33243,5.2265625
2020-07-29T23:42:01Z,19,24,55,29424,9.84765625
2020-07-29T23:52:08Z,12,18,43,28536,9.84765625
2020-07-30T00:02:15Z,7,11,29,28536,9.84765625
2020-07-30T00:12:22Z,5,7,19,28951,9.84765625
2020-07-30T00:22:29Z,3,4,8,28668,9.84765625
2020-07-30T00:32:36Z,3,3,5,28951,9.84765625
2020-07-30T00:42:44Z,2,2,3,29084,9.84765625
2020-07-30T00:52:51Z,2,1,2,28668,9.84765625
2020-07-30T01:02:58Z,2,1,1,28536,9.84765625
2020-07-30T01:13:05Z,2,1,1,28800,9.84765625
2020-07-30T01:23:12Z,2,1,1,28951,9.84765625
2020-07-30T01:33:19Z,2,1,1,28668,9.84765625
2020-07-30T01:43:26Z,2,1,0,28951,9.84765625
2020-07-30T01:53:33Z,2,1,0,28668,9.84765625
2020-07-30T02:03:40Z,2,1,1,28536,9.84765625
2020-07-30T02:13:47Z,2,1,2,28800,9.84765625
2020-07-30T02:23:53Z,2,2,2,28101,9.84765625
2020-07-30T02:34:00Z,2,2,4,28951,9.84765625
2020-07-30T02:44:08Z,3,3,6,29821,9.84765625
2020-07-30T02:54:14Z,5,4,9,28951,9.84765625
2020-07-30T03:04:22Z,7,7,18,28800,9.84765625
2020-07-30T03:14:29Z,12,14,34,29821,9.84765625
2020-07-30T03:24:36Z,22,28,60,29556,9.84765625
2020-07-30T03:34:42Z,33,47,93,33243,5.2265625
2020-07-30T03:44:46Z,30,43,87,33243,2.5859375
2020-07-30T03:54:50Z,47,61,112,33243,2.5859375
2020-07-30T04:04:55Z,80,97,155,33243,2.5859375
2020-07-30T04:15:00Z,120,137,191,33243,2.5859375
2020-07-30T04:25:05Z,135,155,204,33243,1.59375
2020-07-30T04:35:10Z,133,155,202,33243,1.0390625
2020-07-30T04:45:14Z,172,189,224,21881,1.0
2020-07-30T04:55:19Z,179,191,219,14320,1.0
2020-07-30T05:05:23Z,178,189,217,10766,1.0
2020-07-30T05:15:28Z,174,162,179,4301,1.97265625
2020-07-30T05:25:34Z,172,164,181,4112,1.97265625
2020-07-30T05:35:39Z,171,165,186,1900,2.0
2020-07-30T05:45:44Z,197,189,204,3507,1.0
2020-07-30T05:55:49Z,173,164,181,1730,1.98828125
2020-07-30T06:05:54Z,183,173,178,1163,1.98828125
2020-07-30T06:15:59Z,174,162,164,1919,1.0
2020-07-30T06:26:04Z,175,166,182,1238,2.01953125
2020-07-30T06:36:09Z,177,169,187,1144,2.0
2020-07-30T06:46:14Z,192,189,212,2259,1.0
2020-07-30T06:56:19Z,166,161,188,955,2.01953125
2020-07-30T07:06:24Z,192,186,208,1541,1.0
2020-07-30T07:16:29Z,168,161,184,652,2.0
2020-07-30T07:26:34Z,182,171,189,1541,1.0
2020-07-30T07:36:39Z,188,176,192,1692,1.0
2020-07-30T07:46:43Z,190,180,194,1616,1.0
2020-07-30T07:56:49Z,180,169,183,747,2.01953125
2020-07-30T08:06:53Z,186,177,194,1635,1.0
2020-07-30T08:16:57Z,180,170,184,1352,1.0
2020-07-30T08:27:02Z,185,176,189,1087,1.0
2020-07-30T08:37:06Z,188,179,191,1068,1.0
2020-07-30T08:47:10Z,179,170,183,1049,1.0
2020-07-30T08:57:15Z,184,175,188,1106,1.0
2020-07-30T09:07:20Z,189,182,192,1181,1.0
2020-07-30T09:17:25Z,174,167,177,501,2.03515625
2020-07-30T09:27:30Z,185,175,184,463,1.03125
2020-07-30T09:37:35Z,180,171,179,406,1.0
2020-07-30T09:47:39Z,174,165,177,501,1.0
2020-07-30T09:57:43Z,179,170,181,539,1.0
2020-07-30T10:07:48Z,195,187,197,425,1.015625
2020-07-30T10:17:53Z,167,159,169,520,1.0
2020-07-30T10:27:57Z,173,164,174,444,1.0
2020-07-30T10:38:02Z,192,183,193,539,1.0
2020-07-30T10:48:06Z,191,182,191,539,1.0
2020-07-30T10:58:12Z,167,157,167,274,2.1015625
2020-07-30T11:08:16Z,188,180,189,595,1.0
2020-07-30T11:18:21Z,191,182,191,482,1.01171875
2020-07-30T11:28:26Z,187,178,187,482,1.0
2020-07-30T11:38:30Z,190,182,192,614,1.0
2020-07-30T11:48:35Z,194,187,195,633,1.0
2020-07-30T11:58:40Z,194,185,194,709,1.0
2020-07-30T12:08:46Z,177,169,178,293,2.0
2020-07-30T12:18:51Z,168,158,169,255,2.08203125
2020-07-30T12:28:55Z,171,162,173,425,1.03515625
2020-07-30T12:39:00Z,197,189,198,577,1.0
2020-07-30T12:49:06Z,175,167,177,236,2.1171875
2020-07-30T12:59:10Z,195,188,197,425,1.03515625
2020-07-30T13:09:15Z,172,163,173,482,1.01953125
2020-07-30T13:19:19Z,184,175,187,501,1.03515625
2020-07-30T13:29:24Z,168,160,172,406,1.0390625
2020-07-30T13:39:29Z,190,181,190,463,1.01953125
2020-07-30T13:49:34Z,176,168,177,236,2.03515625
2020-07-30T13:59:39Z,198,191,200,331,1.046875
2020-07-30T14:09:43Z,192,184,193,331,1.046875
2020-07-30T14:19:48Z,170,161,172,331,1.046875
2020-07-30T14:29:53Z,198,190,198,312,1.03125
2020-07-30T14:39:57Z,186,177,186,312,1.01171875
2020-07-30T14:50:02Z,179,171,181,331,1.01953125
2020-07-30T15:00:07Z,169,161,171,350,1.0234375
2020-07-30T15:10:12Z,193,185,195,425,1.01953125
2020-07-30T15:20:16Z,190,181,191,482,1.0
2020-07-30T15:30:21Z,172,163,173,539,1.0
2020-07-30T15:40:26Z,170,162,172,652,1.0
2020-07-30T15:50:30Z,187,179,189,766,1.0
2020-07-30T16:00:35Z,172,165,176,520,1.02734375
2020-07-30T16:10:40Z,162,154,165,293,1.01953125
2020-07-30T16:20:45Z,172,163,172,350,1.0234375
2020-07-30T16:30:49Z,195,187,195,425,1.01953125
2020-07-30T16:40:54Z,198,188,192,312,1.05078125
2020-07-30T16:51:00Z,137,128,136,66,2.19140625
2020-07-30T17:01:05Z,201,192,198,198,1.0
2020-07-30T17:11:10Z,194,184,188,236,1.0234375
2020-07-30T17:21:14Z,173,163,172,350,1.0234375
2020-07-30T17:31:20Z,177,167,172,104,2.01953125
2020-07-30T17:41:24Z,165,166,196,236,1.05078125
2020-07-30T17:51:29Z,157,159,190,274,1.0234375
2020-07-30T18:01:34Z,146,146,185,312,1.0
2020-07-30T18:11:39Z,133,144,186,444,1.01953125
2020-07-30T18:21:43Z,136,144,186,463,1.0
2020-07-30T18:31:48Z,134,144,186,482,1.01953125
2020-07-30T18:41:53Z,136,147,189,558,1.0
2020-07-30T18:51:58Z,140,147,186,539,1.0
2020-07-30T19:02:03Z,158,157,193,539,1.0
2020-07-30T19:12:08Z,156,157,187,501,1.01171875
2020-07-30T19:22:13Z,131,142,182,558,1.01953125
2020-07-30T19:32:17Z,182,175,186,482,1.03125
2020-07-30T19:42:22Z,167,157,172,595,1.0
2020-07-30T19:52:27Z,177,167,173,595,1.01953125
2020-07-30T20:02:32Z,173,162,166,671,1.0
2020-07-30T20:12:37Z,184,177,187,879,1.0
2020-07-30T20:22:41Z,181,170,187,1314,1.0
2020-07-30T20:33:15Z,176,174,198,2259,1.0
2020-07-30T20:43:19Z,173,191,231,2656,1.0
2020-07-30T20:53:24Z,144,163,210,2543,1.0
2020-07-30T21:03:29Z,141,163,212,2902,1.0
2020-07-30T21:13:34Z,147,167,213,3091,1.0
2020-07-30T21:23:39Z,145,165,209,5095,1.0
2020-07-30T21:33:44Z,160,182,223,5095,1.0
2020-07-30T21:43:48Z,135,158,207,6323,1.0
2020-07-30T21:53:53Z,140,161,205,7231,1.0
2020-07-30T22:03:57Z,154,174,214,8649,1.0
2020-07-30T22:14:02Z,148,162,195,12959,1.0
2020-07-30T22:24:07Z,150,165,202,21862,1.0
2020-07-30T22:34:11Z,126,147,195,33243,1.10546875
2020-07-30T22:44:16Z,130,157,208,33243,1.0625
2020-07-30T22:54:21Z,123,151,207,33243,2.05078125
2020-07-30T23:04:26Z,70,90,149,33243,2.5859375
2020-07-30T23:14:30Z,43,61,114,33243,2.5859375
2020-07-30T23:24:37Z,28,42,85,33243,5.2265625
2020-07-30T23:34:43Z,19,31,68,33243,5.2265625
2020-07-30T23:44:50Z,14,19,46,30218,9.84765625
2020-07-30T23:54:57Z,6,7,18,28252,9.84765625
2020-07-31T00:05:04Z,4,5,12,28252,9.84765625
2020-07-31T00:15:11Z,2,2,4,28668,9.84765625
2020-07-31T00:25:18Z,2,2,3,28800,9.84765625
2020-07-31T00:35:25Z,2,1,1,28536,9.84765625
2020-07-31T00:45:32Z,1,1,1,28384,9.84765625
2020-07-31T00:55:39Z,1,1,1,28668,9.84765625
2020-07-31T01:05:46Z,1,1,2,29556,9.84765625
2020-07-31T01:15:53Z,1,1,1,28252,9.84765625
2020-07-31T01:26:01Z,1,1,1,29556,9.84765625
2020-07-31T01:36:08Z,1,1,1,29821,9.84765625
2020-07-31T01:46:15Z,1,1,1,29821,9.84765625
2020-07-31T01:56:22Z,1,1,0,28252,9.84765625
2020-07-31T02:06:29Z,1,1,1,27968,9.84765625
2020-07-31T02:16:37Z,1,1,1,29689,9.84765625
2020-07-31T02:26:44Z,1,1,1,29821,9.84765625
2020-07-31T02:36:51Z,1,2,3,28536,9.84765625
2020-07-31T02:46:58Z,2,2,4,28800,9.84765625
2020-07-31T02:57:05Z,3,4,11,28252,9.84765625
2020-07-31T03:07:12Z,3,4,10,28536,9.84765625
2020-07-31T03:17:19Z,3,4,9,29008,9.84765625
2020-07-31T03:27:26Z,9,14,39,29008,9.84765625
2020-07-31T03:37:32Z,14,28,68,33243,5.2265625
2020-07-31T03:47:37Z,22,41,90,33243,2.5859375
2020-07-31T03:57:41Z,53,81,150,33243,2.5859375
2020-07-31T04:07:46Z,105,126,194,33243,2.5859375
2020-07-31T04:17:51Z,120,155,215,33243,1.6875
2020-07-31T04:27:55Z,120,163,219,33243,1.0
2020-07-31T04:38:00Z,162,190,232,23734,1.0
2020-07-31T04:48:05Z,174,192,229,15530,1.0
2020-07-31T04:58:10Z,166,166,193,5473,1.97265625
2020-07-31T05:08:15Z,169,164,188,4376,1.98828125
2020-07-31T05:18:21Z,167,162,186,4168,2.03515625
2020-07-31T05:28:27Z,173,165,186,3431,1.97265625
2020-07-31T05:38:32Z,169,163,186,3072,1.97265625
2020-07-31T05:48:37Z,170,162,183,3053,1.98828125
2020-07-31T05:58:42Z,179,170,181,3771,1.0
2020-07-31T06:08:47Z,188,179,199,3866,1.0
2020-07-31T06:18:51Z,199,189,206,3242,1.0
2020-07-31T06:28:56Z,175,164,179,1314,1.98828125
2020-07-31T06:39:02Z,173,164,176,1219,2.01953125
2020-07-31T06:49:08Z,188,180,191,2183,1.0
2020-07-31T06:59:13Z,187,179,191,2278,1.0
2020-07-31T07:09:17Z,184,173,188,3393,1.0
2020-07-31T07:19:22Z,201,192,206,5095,1.0
2020-07-31T07:29:27Z,173,162,177,3412,1.0
2020-07-31T07:39:31Z,195,188,198,2656,1.0
2020-07-31T07:49:37Z,179,171,180,1276,1.0078125
2020-07-31T07:59:41Z,178,170,180,1219,1.0
2020-07-31T08:09:46Z,185,177,188,1144,1.0
2020-07-31T08:19:50Z,182,174,186,992,1.01171875
2020-07-31T08:29:55Z,197,188,197,595,1.0234375
2020-07-31T08:40:00Z,198,191,199,614,1.0
2020-07-31T08:50:05Z,190,182,193,992,1.01171875
2020-07-31T09:00:10Z,195,188,198,841,1.0
2020-07-31T09:10:14Z,190,181,193,955,1.0
2020-07-31T09:20:20Z,189,180,193,1465,1.0
2020-07-31T09:30:25Z,174,165,178,1011,1.01171875
2020-07-31T09:40:30Z,176,167,178,274,2.0
2020-07-31T09:50:35Z,188,179,189,539,1.0
2020-07-31T10:00:39Z,189,180,191,577,1.01953125
2020-07-31T10:10:44Z,189,181,192,633,1.0
2020-07-31T10:20:50Z,176,167,179,406,2.08203125
2020-07-31T10:30:54Z,200,193,203,841,1.015625
2020-07-31T10:41:00Z,178,169,178,255,2.06640625
2020-07-31T10:51:04Z,199,191,200,501,1.0234375
2020-07-31T11:01:09Z,189,180,191,671,1.0
2020-07-31T11:11:14Z,185,177,188,784,1.0
2020-07-31T11:21:19Z,188,181,192,974,1.0078125
2020-07-31T11:31:24Z,178,170,181,463,2.06640625
2020-07-31T11:41:29Z,177,169,180,369,2.03515625
2020-07-31T11:51:35Z,173,165,176,236,2.03515625
2020-07-31T12:01:41Z,172,163,173,198,2.1171875
2020-07-31T12:11:46Z,195,188,198,406,1.015625
2020-07-31T12:21:50Z,193,185,196,406,1.015625
2020-07-31T12:31:55Z,177,168,179,236,2.05078125
2020-07-31T12:42:00Z,176,168,179,501,1.0
2020-07-31T12:52:04Z,191,182,194,728,1.0
2020-07-31T13:02:09Z,188,179,191,728,1.0
2020-07-31T13:12:14Z,184,176,188,992,1.01171875
2020-07-31T13:22:19Z,183,175,187,766,1.015625
2020-07-31T13:32:23Z,185,176,188,595,1.0
2020-07-31T13:42:28Z,187,178,191,747,1.0
2020-07-31T13:52:33Z,176,168,180,709,1.0
2020-07-31T14:02:37Z,198,192,201,652,1.0234375
2020-07-31T14:12:42Z,188,181,191,1030,1.0
2020-07-31T14:22:47Z,191,182,193,1465,1.0
2020-07-31T14:32:52Z,172,164,176,577,1.98828125
2020-07-31T14:42:57Z,188,179,191,1181,1.0
2020-07-31T14:53:02Z,173,164,177,1163,1.0
2020-07-31T15:03:06Z,170,161,174,1087,1.0
2020-07-31T15:13:11Z,174,165,177,1219,1.0
2020-07-31T15:23:16Z,188,180,191,936,1.0
2020-07-31T15:33:21Z,191,183,194,1030,1.0
2020-07-31T15:43:26Z,199,192,203,1087,1.01171875
2020-07-31T15:53:31Z,184,176,187,728,1.01953125
2020-07-31T16:03:37Z,178,170,182,803,1.015625
2020-07-31T16:13:41Z,189,180,191,917,1.0
2020-07-31T16:23:46Z,190,182,194,1030,1.0
2020-07-31T16:33:51Z,175,166,178,633,2.01953125
2020-07-31T16:43:56Z,181,172,185,936,1.01171875
2020-07-31T16:54:00Z,180,170,184,879,1.0
2020-07-31T17:04:05Z,197,189,200,709,1.0
2020-07-31T17:14:10Z,182,173,185,879,1.0
2020-07-31T17:24:15Z,187,180,191,1900,1.0
2020-07-31T17:34:20Z,190,181,193,3034,1.0
2020-07-31T17:44:25Z,199,191,203,3185,1.0
2020-07-31T17:54:29Z,191,181,195,2826,1.0
2020-07-31T18:04:35Z,177,166,181,1389,1.97265625
2020-07-31T18:14:40Z,201,194,205,2127,1.0
2020-07-31T18:24:45Z,177,166,180,1692,1.0
2020-07-31T18:34:49Z,183,173,187,2372,1.0
2020-07-31T18:44:54Z,183,172,188,3242,1.0
2020-07-31T18:54:58Z,176,165,182,3072,1.0
2020-07-31T19:05:03Z,198,187,202,3318,1.0
2020-07-31T19:15:08Z,199,191,202,2958,1.0
2020-07-31T19:25:13Z,184,175,192,4357,1.0
2020-07-31T19:35:17Z,182,174,190,5416,1.0
2020-07-31T19:45:22Z,198,189,200,5435,1.0
2020-07-31T19:55:27Z,187,181,188,4887,1.0
2020-07-31T20:05:32Z,171,163,174,5246,1.0
2020-07-31T20:15:37Z,170,164,172,4471,1.0
2020-07-31T20:25:41Z,182,176,181,4641,1.0
2020-07-31T20:35:47Z,194,189,196,6153,1.0
2020-07-31T20:45:52Z,200,193,203,9802,1.0
2020-07-31T20:55:57Z,189,182,203,11730,1.0
2020-07-31T21:06:02Z,170,160,179,8705,1.0
2020-07-31T21:16:06Z,171,162,180,6531,1.0
2020-07-31T21:26:11Z,175,164,179,7628,1.0
2020-07-31T21:36:16Z,175,165,179,4962,2.0
2020-07-31T21:46:21Z,185,179,195,14169,1.0
2020-07-31T21:56:26Z,165,160,186,32222,1.0
2020-07-31T22:06:31Z,126,135,174,33243,2.5859375
2020-07-31T22:16:35Z,70,88,142,33243,2.5859375
2020-07-31T22:26:40Z,46,67,118,33243,2.5859375
2020-07-31T22:36:45Z,27,48,94,33243,2.5859375
2020-07-31T22:46:49Z,24,42,85,33243,2.5859375
2020-07-31T22:56:55Z,13,27,63,33243,5.2265625
2020-07-31T23:07:03Z,15,25,60,28536,9.84765625
2020-07-31T23:17:10Z,12,21,53,29140,9.84765625
2020-07-31T23:27:17Z,4,7,21,29008,9.84765625
2020-07-31T23:37:25Z,2,4,11,28384,9.84765625
2020-07-31T23:47:32Z,2,2,6,28951,9.84765625
2020-07-31T23:57:39Z,2,2,6,28951,9.84765625
2020-08-01T00:07:47Z,2,3,7,29084,9.84765625
2020-08-01T00:17:53Z,1,1,3,29953,9.84765625
2020-08-01T00:28:01Z,1,1,3,28536,9.84765625
2020-08-01T00:38:08Z,1,1,2,29556,9.84765625
2020-08-01T00:48:15Z,1,1,1,28252,9.84765625
2020-08-01T00:58:23Z,1,1,1,28668,9.84765625
2020-08-01T01:08:30Z,1,1,0,28951,9.84765625
2020-08-01T01:18:37Z,0,0,0,28536,9.84765625
2020-08-01T01:28:44Z,1,0,0,28668,9.84765625
2020-08-01T01:38:51Z,1,1,0,28800,9.84765625
2020-08-01T01:48:58Z,1,0,0,28668,9.84765625
2020-08-01T01:59:06Z,1,0,0,29556,9.84765625
2020-08-01T02:09:13Z,1,1,0,29424,9.84765625
2020-08-01T02:19:20Z,1,1,1,28536,9.84765625
2020-08-01T02:29:27Z,1,1,1,28668,9.84765625
2020-08-01T02:39:34Z,1,1,2,28536,9.84765625
2020-08-01T02:49:41Z,1,1,3,29556,9.84765625
2020-08-01T02:59:49Z,1,2,4,29424,9.84765625
2020-08-01T03:09:56Z,2,3,10,29556,9.84765625
2020-08-01T03:20:03Z,4,10,30,28536,9.84765625
2020-08-01T03:30:11Z,8,15,42,29821,9.84765625
2020-08-01T03:40:18Z,18,28,66,30218,9.84765625
2020-08-01T03:50:24Z,31,44,89,33243,5.2265625
2020-08-01T04:00:29Z,25,31,66,33243,2.5859375
2020-08-01T04:10:33Z,43,57,103,33243,2.5859375
2020-08-01T04:20:38Z,76,96,153,33243,2.5859375
2020-08-01T04:30:43Z,98,123,180,33243,2.5859375
2020-08-01T04:40:48Z,116,148,201,33243,2.0
2020-08-01T04:50:52Z,120,149,202,33243,1.5
2020-08-01T05:00:57Z,131,156,206,33243,1.0
2020-08-01T05:11:02Z,170,188,225,21881,1.0
2020-08-01T05:21:07Z,182,183,210,11673,1.0
2020-08-01T05:31:12Z,168,166,189,4282,2.0
2020-08-01T05:41:18Z,164,163,197,4055,2.01953125
2020-08-01T05:51:23Z,157,157,188,7061,1.0
2020-08-01T06:01:29Z,169,166,190,2977,1.97265625
2020-08-01T06:11:34Z,190,186,207,7609,1.0
2020-08-01T06:21:38Z,157,149,155,2335,1.0
2020-08-01T06:31:43Z,180,169,184,2845,1.0
2020-08-01T06:41:48Z,173,168,191,5095,1.0
2020-08-01T06:51:52Z,178,171,189,5548,1.0
2020-08-01T07:01:57Z,182,176,197,6323,1.0
2020-08-01T07:12:01Z,168,167,197,7552,1.0
2020-08-01T07:22:06Z,180,183,214,7098,1.0
2020-08-01T07:32:11Z,182,185,217,7760,1.0
2020-08-01T07:42:17Z,160,162,197,2826,1.97265625
2020-08-01T07:52:21Z,192,189,216,4924,1.0
2020-08-01T08:02:27Z,170,162,183,1389,1.98828125
2020-08-01T08:12:31Z,199,191,208,2013,1.0
2020-08-01T08:22:37Z,179,168,185,1049,1.98828125
2020-08-01T08:32:41Z,182,171,185,1824,1.0078125
2020-08-01T08:42:46Z,188,179,192,2013,1.0
2020-08-01T08:52:51Z,178,169,182,766,2.05078125
2020-08-01T09:02:55Z,199,191,203,1408,1.0
2020-08-01T09:13:00Z,190,180,194,1692,1.0
2020-08-01T09:23:06Z,171,161,175,709,2.05078125
2020-08-01T09:33:11Z,175,166,179,690,2.01953125
2020-08-01T09:43:16Z,180,171,184,595,2.0
2020-08-01T09:53:22Z,172,163,175,350,2.03515625
2020-08-01T10:03:26Z,200,192,201,482,1.01171875
2020-08-01T10:13:31Z,183,174,184,406,1.0
2020-08-01T10:23:36Z,179,170,182,406,1.0
2020-08-01T10:33:41Z,182,173,183,406,1.0
2020-08-01T10:43:47Z,173,164,176,180,2.06640625
2020-08-01T10:53:52Z,171,162,174,161,2.15234375
2020-08-01T11:03:57Z,201,193,202,274,1.05859375
2020-08-01T11:14:02Z,197,189,198,274,1.01953125
2020-08-01T11:24:07Z,170,160,170,123,2.171875
2020-08-01T11:34:13Z,165,155,165,104,2.2890625
2020-08-01T11:44:18Z,159,148,157,85,2.46484375
2020-08-01T11:54:23Z,196,187,195,236,1.05078125
2020-08-01T12:04:28Z,200,193,201,274,1.0
2020-08-01T12:14:32Z,193,185,197,293,1.0
2020-08-01T12:24:38Z,171,161,171,123,2.2265625
2020-08-01T12:34:44Z,171,161,169,85,2.20703125
2020-08-01T12:44:49Z,143,134,142,66,2.5859375
2020-08-01T12:54:55Z,132,123,131,66,2.5859375
2020-08-01T13:05:00Z,186,177,187,236,1.05078125
2020-08-01T13:15:04Z,188,180,190,369,1.01953125
2020-08-01T13:25:09Z,187,178,190,444,1.01953125
2020-08-01T13:35:14Z,185,178,189,369,1.0390625
2020-08-01T13:45:19Z,175,166,177,293,1.03515625
2020-08-01T13:55:24Z,191,183,193,331,1.01953125
2020-08-01T14:05:29Z,190,182,192,312,1.05078125
2020-08-01T14:15:33Z,202,194,202,293,1.015625
2020-08-01T14:25:39Z,174,164,172,123,2.03515625
2020-08-01T14:35:43Z,196,189,197,236,1.05078125
2020-08-01T14:45:48Z,195,187,195,236,1.05078125
2020-08-01T14:55:53Z,193,185,194,255,1.05078125
2020-08-01T15:05:58Z,201,194,201,255,1.03125
2020-08-01T15:16:03Z,195,188,196,274,1.05078125
2020-08-01T15:26:07Z,191,184,192,312,1.05078125
2020-08-01T15:36:12Z,199,191,198,255,1.0078125
2020-08-01T15:46:17Z,187,180,191,274,1.05078125
2020-08-01T15:56:22Z,192,185,196,293,1.01953125
2020-08-01T16:06:27Z,175,165,171,104,2.19140625
2020-08-01T16:16:32Z,199,190,196,217,1.02734375
2020-08-01T16:26:38Z,184,175,183,255,1.0234375
2020-08-01T16:36:43Z,190,182,192,331,1.0
2020-08-01T16:46:48Z,195,188,197,350,1.0234375
2020-08-01T16:56:52Z,191,184,193,350,1.0234375
2020-08-01T17:06:57Z,196,189,197,350,1.0234375
2020-08-01T17:17:02Z,183,174,185,350,1.0234375
2020-08-01T17:27:06Z,178,169,181,501,1.0
2020-08-01T17:37:11Z,185,176,189,652,1.0
2020-08-01T17:47:16Z,191,183,194,652,1.0
2020-08-01T17:57:22Z,168,160,172,274,2.08203125
2020-08-01T18:07:27Z,181,172,184,558,1.0
2020-08-01T18:17:31Z,174,164,177,784,1.0
2020-08-01T18:27:36Z,184,176,188,1030,1.0
2020-08-01T18:37:41Z,169,161,172,1427,1.0
2020-08-01T18:47:46Z,174,166,178,1616,1.0
2020-08-01T18:57:51Z,172,162,175,2127,1.0
2020-08-01T19:07:56Z,180,172,184,2372,1.0
2020-08-01T19:18:01Z,183,175,186,2486,1.0
2020-08-01T19:28:05Z,183,172,186,2656,1.0
2020-08-01T19:38:10Z,184,174,191,2940,1.0
2020-08-01T19:48:16Z,174,165,183,1597,2.0
2020-08-01T19:58:21Z,174,164,179,1730,1.98828125
2020-08-01T20:08:27Z,174,163,177,1730,1.98828125
2020-08-01T20:18:33Z,175,166,177,1616,1.97265625
2020-08-01T20:28:38Z,181,172,184,4263,1.0
2020-08-01T20:38:43Z,173,163,176,4565,1.0
2020-08-01T20:48:48Z,200,192,203,4055,1.0
2020-08-01T20:58:53Z,197,189,200,4149,1.0
2020-08-01T21:08:58Z,184,176,188,4924,1.0
2020-08-01T21:19:02Z,183,174,191,5737,1.0
2020-08-01T21:29:07Z,172,163,182,5510,1.0
2020-08-01T21:39:12Z,165,159,183,6569,1.0
2020-08-01T21:49:17Z,157,159,189,8970,1.0
2020-08-01T21:59:22Z,136,154,200,12562,1.0
2020-08-01T22:09:27Z,143,166,211,18932,1.0
2020-08-01T22:19:32Z,118,154,209,27893,1.0
2020-08-01T22:29:36Z,121,154,207,33243,1.1640625
2020-08-01T22:39:41Z,119,153,208,33243,2.0
2020-08-01T22:49:46Z,90,121,185,33243,2.5859375
2020-08-01T22:59:51Z,50,72,130,33243,2.5859375
2020-08-01T23:09:56Z,20,35,76,33243,2.5859375
2020-08-01T23:20:02Z,22,38,83,33243,5.2265625
2020-08-01T23:30:15Z,15,26,65,28951,9.84765625
2020-08-01T23:40:23Z,7,14,41,29689,9.84765625
2020-08-01T23:50:30Z,4,9,28,29689,9.84765625
2020-08-02T00:00:38Z,2,3,11,27968,9.84765625
2020-08-02T00:10:45Z,2,3,9,28800,9.84765625
2020-08-02T00:20:52Z,1,1,4,28252,9.84765625
2020-08-02T00:30:59Z,1,1,3,28951,9.84765625
2020-08-02T00:41:07Z,0,1,1,28951,9.84765625
2020-08-02T00:51:14Z,1,1,1,28252,9.84765625
2020-08-02T01:01:21Z,1,1,1,28668,9.84765625
2020-08-02T01:11:28Z,1,1,1,28800,9.84765625
2020-08-02T01:21:35Z,0,0,0,28384,9.84765625
2020-08-02T01:31:43Z,0,0,0,28951,9.84765625
2020-08-02T01:41:50Z,0,0,0,28668,9.84765625
2020-08-02T01:51:57Z,0,0,0,29273,9.84765625
2020-08-02T02:02:04Z,1,1,0,29424,9.84765625
2020-08-02T02:12:11Z,1,1,1,28800,9.84765625
2020-08-02T02:22:18Z,1,1,1,28668,9.84765625
2020-08-02T02:32:26Z,1,1,2,28668,9.84765625
2020-08-02T02:42:33Z,1,1,3,28252,9.84765625
2020-08-02T02:52:41Z,1,2,5,28800,9.84765625
2020-08-02T03:02:49Z,2,3,9,28101,9.84765625
2020-08-02T03:12:56Z,3,4,13,29689,9.84765625
2020-08-02T03:23:03Z,3,8,25,29556,9.84765625
2020-08-02T03:33:10Z,15,24,60,30086,9.84765625
2020-08-02T03:43:16Z,20,32,72,33243,5.2265625
2020-08-02T03:53:21Z,20,31,68,33243,2.5859375
2020-08-02T04:03:26Z,43,57,105,33243,2.5859375
2020-08-02T04:13:31Z,85,103,161,33243,2.5859375
2020-08-02T04:23:36Z,123,149,204,33243,2.5859375
2020-08-02T04:33:41Z,123,154,208,33243,1.44921875
2020-08-02T04:43:46Z,125,157,210,30785,1.0
2020-08-02T04:53:50Z,167,190,230,20180,1.0
2020-08-02T05:03:55Z,167,186,227,17099,1.0
2020-08-02T05:14:00Z,145,157,202,10974,1.0
2020-08-02T05:24:05Z,160,168,203,7269,1.0
2020-08-02T05:34:10Z,183,191,220,6985,1.0
2020-08-02T05:44:16Z,163,164,193,2769,1.97265625
2020-08-02T05:54:21Z,160,159,189,1767,2.0
2020-08-02T06:04:26Z,195,190,210,3204,1.0
2020-08-02T06:14:32Z,175,167,186,1522,1.97265625
2020-08-02T06:24:38Z,171,162,183,1257,2.0
2020-08-02T06:34:44Z,179,169,188,1030,2.0
2020-08-02T06:44:49Z,180,170,186,955,2.01953125
2020-08-02T06:54:54Z,179,168,183,879,2.01953125
2020-08-02T07:04:59Z,182,171,185,1389,1.0078125
2020-08-02T07:15:04Z,172,162,176,1257,1.0
2020-08-02T07:25:09Z,174,163,178,1389,1.0
2020-08-02T07:35:14Z,179,169,183,1276,1.0078125
2020-08-02T07:45:19Z,180,170,183,1125,1.0078125
2020-08-02T07:55:25Z,179,171,183,539,1.98828125
2020-08-02T08:05:29Z,194,186,197,917,1.015625
2020-08-02T08:15:35Z,175,166,179,444,2.01953125
2020-08-02T08:25:40Z,173,164,177,406,2.1015625
2020-08-02T08:35:45Z,176,167,180,387,2.05078125
2020-08-02T08:45:51Z,173,165,177,331,2.08203125
2020-08-02T08:55:57Z,177,169,181,293,2.0
2020-08-02T09:06:02Z,171,162,175,236,2.13671875
2020-08-02T09:16:10Z,171,163,174,217,2.08203125
2020-08-02T09:26:15Z,195,187,199,444,1.0
2020-08-02T09:36:20Z,199,192,202,444,1.0
2020-08-02T09:46:25Z,172,162,175,198,2.1171875
2020-08-02T09:56:30Z,199,191,200,387,1.01953125
2020-08-02T10:06:35Z,192,185,195,387,1.01953125
2020-08-02T10:16:40Z,186,178,189,387,1.01953125
2020-08-02T10:26:45Z,182,172,186,369,1.0
2020-08-02T10:36:50Z,196,185,203,331,1.046875
2020-08-02T10:46:54Z,182,169,187,331,1.02734375
2020-08-02T10:56:59Z,176,164,185,331,1.02734375
2020-08-02T11:07:04Z,177,166,189,331,1.02734375
2020-08-02T11:17:09Z,198,189,201,312,1.01171875
2020-08-02T11:27:14Z,192,181,201,274,1.01953125
2020-08-02T11:37:19Z,160,156,189,274,1.01953125
2020-08-02T11:47:24Z,178,172,198,312,1.03515625
2020-08-02T11:57:29Z,183,175,199,274,1.01953125
2020-08-02T12:07:34Z,198,189,207,236,1.05078125
2020-08-02T12:17:39Z,179,173,198,236,1.05078125
2020-08-02T12:27:45Z,163,154,168,85,2.265625
2020-08-02T12:37:51Z,168,159,173,85,2.1171875
2020-08-02T12:47:57Z,156,147,161,66,2.171875
2020-08-02T12:58:03Z,138,129,141,47,2.5859375
2020-08-02T13:08:09Z,146,136,146,47,2.51171875
2020-08-02T13:18:15Z,133,123,131,47,2.51171875
2020-08-02T13:28:20Z,135,126,133,47,2.51171875
2020-08-02T13:38:26Z,162,151,155,47,2.08203125
2020-08-02T13:48:32Z,108,99,106,28,2.5859375
2020-08-02T13:58:38Z,126,116,120,28,2.5625
2020-08-02T14:08:44Z,112,103,110,28,2.5625
2020-08-02T14:18:49Z,137,126,129,28,2.5625
2020-08-02T14:28:55Z,129,119,126,66,2.5859375
2020-08-02T14:38:59Z,195,185,192,217,1.02734375
2020-08-02T14:49:04Z,197,188,196,255,1.05078125
2020-08-02T14:59:10Z,162,151,159,85,2.3515625
2020-08-02T15:09:21Z,171,160,168,85,2.1171875
2020-08-02T15:19:27Z,152,141,147,66,2.5859375
2020-08-02T15:29:32Z,141,131,138,85,2.44140625
2020-08-02T15:39:38Z,160,151,160,104,2.1171875
2020-08-02T15:49:44Z,143,133,142,85,2.24609375
2020-08-02T15:59:54Z,160,150,157,85,2.15234375
2020-08-02T16:09:59Z,198,190,197,198,1.046875
2020-08-02T16:20:06Z,148,137,143,85,2.46484375
2020-08-02T16:30:16Z,165,154,158,66,2.30859375
2020-08-02T16:40:23Z,136,127,133,47,2.5625
2020-08-02T16:50:28Z,152,148,158,28,2.5859375
2020-08-02T17:00:34Z,140,132,141,28,2.06640625
2020-08-02T17:10:40Z,141,131,136,28,2.06640625
2020-08-02T17:20:46Z,123,111,113,28,2.06640625
2020-08-02T17:30:56Z,199,192,201,198,1.07421875
2020-08-02T17:41:02Z,168,158,165,123,2.15234375
2020-08-02T17:51:12Z,166,154,169,425,1.0
2020-08-02T18:01:23Z,197,189,195,312,1.03125
2020-08-02T18:11:27Z,181,170,177,293,1.03515625
2020-08-02T18:21:37Z,162,153,162,350,1.0
2020-08-02T18:31:48Z,189,180,187,425,1.015625
2020-08-02T18:41:59Z,170,162,173,425,1.01953125
2020-08-02T18:52:05Z,189,181,193,633,1.0
2020-08-02T19:02:10Z,199,192,201,728,1.0
2020-08-02T19:12:15Z,169,161,174,974,1.0078125
2020-08-02T19:22:20Z,172,164,186,955,2.03515625
2020-08-02T19:32:32Z,151,142,155,463,2.5859375
2020-08-02T19:42:43Z,141,134,143,463,2.5859375
2020-08-02T19:52:54Z,130,121,130,463,2.48828125
2020-08-02T20:03:05Z,94,87,106,463,2.48828125
2020-08-02T20:13:10Z,169,161,174,2202,1.0
2020-08-02T20:23:21Z,177,169,175,1068,2.01953125
2020-08-02T20:33:31Z,160,152,163,1068,2.15234375
2020-08-02T20:43:42Z,143,135,148,1068,2.46484375
2020-08-02T20:53:53Z,142,134,146,1068,2.48828125
2020-08-02T21:04:03Z,201,194,201,2429,1.0
2020-08-02T21:14:14Z,178,170,181,3544,1.0
2020-08-02T21:24:25Z,181,173,182,4679,1.0
2020-08-02T21:34:36Z,181,171,184,6456,1.0
2020-08-02T21:44:47Z,167,165,188,9650,1.0
2020-08-02T21:54:58Z,161,167,195,13545,1.0
2020-08-02T22:05:16Z,164,167,201,19934,1.0
2020-08-02T22:15:27Z,136,156,203,32222,1.0
2020-08-02T22:25:32Z,139,152,198,33243,1.25
2020-08-02T22:35:42Z,130,150,204,33243,1.85546875
2020-08-02T22:46:20Z,120,139,198,33243,2.5859375
2020-08-02T22:56:33Z,68,82,140,33243,2.5859375
2020-08-02T23:06:44Z,31,46,93,33243,2.5859375
2020-08-02T23:16:55Z,26,42,90,33243,5.2265625
2020-08-02T23:27:13Z,19,31,70,28536,9.84765625
2020-08-02T23:37:28Z,9,15,40,28252,9.84765625
2020-08-02T23:47:39Z,17,23,50,33243,9.84765625
2020-08-02T23:57:50Z,9,13,31,33243,9.84765625
2020-08-03T00:08:01Z,6,8,19,33243,9.84765625
2020-08-03T00:18:13Z,5,5,10,33243,9.84765625
2020-08-03T00:28:24Z,4,4,6,33243,9.84765625
2020-08-03T00:38:35Z,4,3,4,33243,9.84765625
2020-08-03T00:48:46Z,4,3,2,33243,9.84765625
2020-08-03T00:58:57Z,3,2,2,33243,9.84765625
2020-08-03T01:09:08Z,3,2,2,33243,9.84765625
2020-08-03T01:19:19Z,3,2,1,33243,9.84765625
2020-08-03T01:29:30Z,3,2,1,33243,9.84765625
2020-08-03T01:39:41Z,3,2,1,33243,9.84765625
2020-08-03T01:49:52Z,4,2,1,33243,9.84765625
2020-08-03T02:00:00Z,1,1,0,29273,9.84765625
2020-08-03T02:10:11Z,4,3,1,33243,9.84765625
2020-08-03T02:20:22Z,4,3,2,33243,9.84765625
2020-08-03T02:30:33Z,4,3,3,33243,9.84765625
2020-08-03T02:40:44Z,5,4,5,33243,9.84765625
2020-08-03T02:51:01Z,2,2,2,28800,9.84765625
2020-08-03T03:01:12Z,6,6,10,33243,9.84765625
2020-08-03T03:11:23Z,8,10,22,33243,9.84765625
2020-08-03T03:21:34Z,13,18,39,33243,9.84765625
2020-08-03T03:31:45Z,25,33,69,33243,9.84765625
2020-08-03T03:41:53Z,15,24,58,28951,9.84765625
2020-08-03T03:52:01Z,20,34,76,33243,5.2265625
2020-08-03T04:02:12Z,53,75,135,33243,5.2265625
2020-08-03T04:12:23Z,97,124,189,33243,5.2265625
2020-08-03T04:22:34Z,127,152,208,33243,4.1328125
2020-08-03T04:32:43Z,137,156,207,33243,1.95703125
2020-08-03T04:42:55Z,144,161,204,33243,1.08203125
2020-08-03T04:53:06Z,147,160,195,28989,1.0
2020-08-03T05:03:11Z,186,192,216,21447,1.0
2020-08-03T05:13:22Z,189,194,217,14925,1.0
2020-08-03T05:23:33Z,191,193,214,12675,1.0
2020-08-03T05:33:45Z,163,165,190,4943,1.98828125
2020-08-03T05:44:02Z,166,163,185,3431,1.98828125
2020-08-03T05:54:12Z,189,182,201,3431,1.53515625
2020-08-03T06:04:24Z,153,146,166,1711,2.41796875
2020-08-03T06:14:39Z,173,164,178,1673,2.0
2020-08-03T06:24:50Z,175,165,181,1673,1.78125
2020-08-03T06:35:01Z,191,182,197,1673,1.6015625
2020-08-03T06:45:12Z,174,163,180,1219,1.98828125
2020-08-03T06:55:51Z,191,180,196,1219,1.5625
2020-08-03T07:06:30Z,144,132,150,595,2.5859375
2020-08-03T07:16:41Z,159,148,166,595,2.328125
2020-08-03T07:26:51Z,179,168,185,595,1.95703125
2020-08-03T07:37:02Z,187,177,193,595,1.8046875
2020-08-03T07:47:13Z,186,177,192,595,1.59375
2020-08-03T07:57:24Z,155,145,161,595,2.15234375
2020-08-03T08:07:35Z,149,141,154,595,2.41796875
2020-08-03T08:17:48Z,175,165,179,1314,1.0
2020-08-03T08:28:00Z,172,164,176,766,2.06640625
2020-08-03T08:38:14Z,176,167,180,709,2.03515625
2020-08-03T08:48:25Z,166,159,172,709,2.05078125
2020-08-03T08:58:33Z,177,168,182,1427,1.0
2020-08-03T09:08:44Z,187,178,190,1370,1.0
2020-08-03T09:18:55Z,175,166,178,539,2.0
2020-08-03T09:29:05Z,194,185,197,539,1.54296875
2020-08-03T09:39:16Z,199,192,203,539,1.44140625
2020-08-03T09:49:28Z,146,138,151,255,2.5859375
2020-08-03T09:59:40Z,153,144,156,255,2.5859375
2020-08-03T10:09:51Z,157,148,160,255,2.48828125
2020-08-03T10:20:01Z,169,161,172,274,2.13671875
2020-08-03T10:30:12Z,171,161,174,274,2.0
2020-08-03T10:40:23Z,171,160,174,274,2.0
2020-08-03T10:50:34Z,198,189,199,274,1.54296875
2020-08-03T11:00:46Z,146,136,148,123,2.5859375
2020-08-03T11:10:57Z,159,149,160,123,2.37109375
2020-08-03T11:21:08Z,161,151,162,123,2.37109375
2020-08-03T11:31:19Z,147,136,146,123,2.328125
2020-08-03T11:41:29Z,196,187,196,274,1.0390625
2020-08-03T11:51:39Z,198,191,199,293,1.01953125
2020-08-03T12:01:51Z,170,161,169,142,2.1171875
2020-08-03T12:11:59Z,192,184,192,293,1.01953125
2020-08-03T12:22:10Z,192,184,193,312,1.0234375
2020-08-03T12:32:21Z,197,189,197,312,1.046875
2020-08-03T12:42:48Z,165,155,165,123,2.20703125
2020-08-03T12:52:59Z,182,173,181,123,1.94140625
2020-08-03T13:03:10Z,184,175,184,123,1.6875
2020-08-03T13:13:20Z,172,161,171,123,1.6875
2020-08-03T13:23:47Z,154,145,153,85,2.44140625
2020-08-03T13:33:52Z,166,155,163,85,2.20703125
2020-08-03T13:43:58Z,156,145,151,47,2.48828125
2020-08-03T13:54:04Z,143,131,137,28,2.5859375
2020-08-03T14:04:10Z,130,119,124,28,2.5625
2020-08-03T14:14:16Z,115,105,111,28,2.5625
2020-08-03T14:24:22Z,126,116,121,28,2.5625
2020-08-03T14:34:29Z,155,144,147,28,2.265625
2020-08-03T14:44:35Z,165,158,166,28,1.8828125
2020-08-03T14:54:41Z,178,167,171,28,1.70703125
2020-08-03T15:04:47Z,119,110,114,28,2.0
2020-08-03T15:14:53Z,110,102,105,28,2.37109375
2020-08-03T15:24:59Z,126,116,122,28,2.41796875
2020-08-03T15:47:30Z,151,143,162,47,2.5859375
2020-08-03T15:48:48Z,191,183,199,85,2.13671875
2020-08-03T15:49:55Z,175,166,184,66,2.5859375
2020-08-03T15:50:40Z,192,184,202,85,1.8046875
2020-08-03T15:54:49Z,192,182,201,85,2.171875
2020-08-03T17:35:52Z,139,138,164,104,2.37109375
2020-08-03T17:36:45Z,150,150,176,123,2.05078125
2020-08-03T17:46:54Z,122,117,134,66,2.5859375
2020-08-03T17:56:38Z,184,173,179,104,2.37109375
2020-08-03T17:57:43Z,188,182,185,104,2.15234375
2020-08-03T18:04:35Z,195,185,188,104,2.265625
2020-08-03T18:05:31Z,194,183,185,85,2.3515625
2020-08-03T18:06:30Z,141,134,148,85,2.5859375
2020-08-03T18:06:44Z,145,136,152,104,2.5859375
2020-08-03T18:16:54Z,205,195,199,255,1.05078125
2020-08-03T18:27:07Z,183,174,183,444,1.0
2020-08-03T18:37:19Z,188,179,189,539,1.01953125
2020-08-03T18:47:30Z,197,190,199,614,1.0234375
2020-08-03T18:57:41Z,183,175,186,841,1.0
2020-08-03T19:07:50Z,190,183,193,917,1.0
2020-08-03T19:18:02Z,177,169,177,444,2.05078125
2020-08-03T19:28:14Z,194,187,196,1049,1.0078125
2020-08-03T19:38:25Z,176,165,183,1238,1.0
2020-08-03T19:48:42Z,196,187,199,1522,1.0
2020-08-03T19:58:54Z,179,170,183,1087,2.0
2020-08-03T20:09:07Z,177,168,180,1181,2.0
2020-08-03T20:19:18Z,176,171,193,3204,1.0
2020-08-03T20:29:30Z,196,189,207,2599,1.0
2020-08-03T20:39:41Z,187,177,193,2902,1.0
2020-08-03T20:49:50Z,179,171,190,3318,1.0
2020-08-03T20:52:18Z,174,166,185,1900,2.0
2020-08-03T21:02:29Z,177,172,194,5718,1.0
2020-08-03T21:12:41Z,174,165,181,2580,2.0
2020-08-03T21:22:51Z,184,172,189,5378,1.0
2020-08-03T21:33:01Z,184,172,188,6701,1.0
2020-08-03T21:43:11Z,174,172,197,8743,1.0
2020-08-03T21:53:22Z,156,166,205,14339,1.0
2020-08-03T22:03:32Z,154,165,206,19707,1.0
2020-08-03T22:13:42Z,131,152,201,25341,1.0
2020-08-03T22:23:52Z,121,149,204,33243,1.2109375
2020-08-03T22:34:03Z,121,147,206,33243,2.3515625
2020-08-03T22:44:12Z,75,101,167,33243,2.5859375
2020-08-03T22:54:22Z,39,60,114,33243,2.5859375
2020-08-03T23:04:33Z,16,29,68,33243,2.5859375
2020-08-03T23:14:44Z,20,34,76,33243,5.2265625
2020-08-03T23:24:57Z,18,25,60,29424,9.84765625
2020-08-03T23:35:10Z,11,13,33,28252,9.84765625
2020-08-03T23:45:23Z,8,8,18,28951,9.84765625
2020-08-03T23:55:33Z,6,5,7,28668,9.84765625
2020-08-04T00:05:45Z,4,3,3,29689,9.84765625
2020-08-04T00:15:55Z,4,3,1,29084,9.84765625
2020-08-04T00:26:05Z,4,2,1,28668,9.84765625
2020-08-04T00:36:17Z,3,2,0,29084,9.84765625
2020-08-04T00:46:29Z,3,2,0,29556,9.84765625
2020-08-04T00:56:40Z,2,1,0,29424,9.84765625
2020-08-04T01:06:51Z,3,2,0,28951,9.84765625
2020-08-04T01:17:01Z,3,2,0,28668,9.84765625
2020-08-04T01:27:15Z,4,2,0,28668,9.84765625
2020-08-04T01:37:25Z,4,2,0,29424,9.84765625
2020-08-04T01:47:36Z,4,2,0,28668,9.84765625
2020-08-04T01:57:50Z,3,2,0,28951,9.84765625
2020-08-04T02:08:00Z,5,2,0,28668,9.84765625
2020-08-04T02:18:14Z,4,2,0,28951,9.84765625
2020-08-04T02:28:24Z,5,2,1,28536,9.84765625
2020-08-04T02:38:35Z,6,2,1,29084,9.84765625
2020-08-04T02:48:48Z,6,3,1,29084,9.84765625
2020-08-04T02:58:59Z,6,3,2,28951,9.84765625
2020-08-04T03:09:09Z,6,4,4,28951,9.84765625
2020-08-04T03:19:21Z,7,5,5,28951,9.84765625
2020-08-04T03:29:32Z,10,7,11,28951,9.84765625
2020-08-04T03:39:51Z,14,15,29,29084,9.84765625
2020-08-04T03:50:05Z,21,23,48,28384,9.84765625
2020-08-04T04:00:18Z,19,27,58,33243,5.2265625
2020-08-04T04:10:30Z,16,27,57,33243,2.5859375
2020-08-04T04:20:48Z,44,62,112,33243,2.5859375
2020-08-04T04:30:58Z,86,108,169,33243,2.5859375
2020-08-04T04:41:10Z,126,151,206,33243,2.20703125
2020-08-04T04:51:20Z,142,153,202,33243,1.1015625
2020-08-04T05:01:33Z,174,161,181,12202,1.98828125
2020-08-04T05:11:48Z,188,178,199,23677,1.0
2020-08-04T05:21:59Z,162,161,192,7004,1.98828125
2020-08-04T05:32:12Z,167,167,197,7949,1.0
2020-08-04T05:42:22Z,166,163,190,6966,1.0
2020-08-04T05:52:35Z,180,170,186,1465,1.97265625
2020-08-04T06:02:48Z,174,166,183,1370,1.98828125
2020-08-04T06:13:00Z,175,166,183,1181,2.01953125
2020-08-04T06:23:17Z,180,170,184,1068,1.98828125
2020-08-04T06:33:30Z,178,168,182,879,2.03515625
2020-08-04T06:43:42Z,178,168,182,841,2.0
2020-08-04T06:53:52Z,178,168,190,2240,1.0
2020-08-04T07:04:04Z,170,162,186,728,2.03515625
2020-08-04T07:14:14Z,183,179,204,1673,1.0
2020-08-04T07:24:26Z,187,176,194,1484,1.0
2020-08-04T07:34:38Z,178,169,190,709,1.98828125
2020-08-04T07:44:49Z,200,192,204,992,1.01171875
2020-08-04T07:55:00Z,188,179,191,1257,1.0
2020-08-04T08:05:18Z,188,179,192,1578,1.0
2020-08-04T08:15:30Z,175,167,179,709,2.03515625
2020-08-04T08:25:48Z,174,165,178,558,2.05078125
2020-08-04T08:35:59Z,182,172,186,728,1.97265625
2020-08-04T08:46:12Z,189,180,193,1125,1.0078125
2020-08-04T08:56:27Z,174,166,178,822,2.05078125
2020-08-04T09:06:38Z,191,184,195,1635,1.0
2020-08-04T09:16:49Z,197,190,199,1352,1.0
2020-08-04T09:26:59Z,180,171,184,1597,1.0
2020-08-04T09:37:20Z,167,159,172,1276,1.0078125
2020-08-04T09:47:30Z,176,168,180,803,1.0
2020-08-04T09:57:43Z,196,189,199,690,1.01953125
2020-08-04T10:07:54Z,171,161,174,747,1.0
2020-08-04T10:18:04Z,191,183,194,974,1.0078125
2020-08-04T10:28:18Z,175,167,179,520,2.0
2020-08-04T10:38:30Z,173,165,176,444,2.08203125
2020-08-04T10:48:44Z,195,188,198,671,1.01953125
2020-08-04T10:58:54Z,168,159,171,614,1.0
2020-08-04T11:09:06Z,186,177,189,766,1.0
2020-08-04T11:19:17Z,199,192,202,766,1.015625
2020-08-04T11:29:29Z,197,190,200,577,1.0234375
2020-08-04T11:39:48Z,172,164,176,198,2.1015625
2020-08-04T11:49:58Z,200,193,202,387,1.0078125
2020-08-04T12:00:09Z,199,192,202,387,1.0078125
2020-08-04T12:10:19Z,201,193,203,387,1.0078125
2020-08-04T12:20:30Z,184,176,187,444,1.0
2020-08-04T12:30:44Z,179,171,181,444,1.015625
2020-08-04T12:40:55Z,177,167,176,123,2.01953125
2020-08-04T12:51:05Z,156,148,157,406,1.01953125
2020-08-04T13:01:20Z,161,151,160,104,2.2890625
2020-08-04T13:11:50Z,176,168,179,482,1.0
2020-08-04T13:22:03Z,189,180,188,312,1.01171875
2020-08-04T13:32:17Z,177,167,177,312,1.03515625
2020-08-04T13:42:29Z,148,137,146,66,2.30859375
2020-08-04T13:52:42Z,202,194,202,198,1.046875
2020-08-04T14:02:54Z,180,171,183,577,1.0
2020-08-04T14:13:05Z,189,182,193,539,1.0078125
2020-08-04T14:23:17Z,190,182,192,520,1.0078125
2020-08-04T14:33:28Z,192,183,194,577,1.0
2020-08-04T14:43:41Z,187,179,190,690,1.0
2020-08-04T14:53:52Z,174,165,176,255,2.1015625
2020-08-04T15:04:04Z,197,189,199,520,1.0078125
2020-08-04T15:14:18Z,174,166,177,312,2.08203125
2020-08-04T15:24:33Z,172,163,174,255,2.06640625
2020-08-04T15:34:48Z,182,173,184,633,1.0
2020-08-04T15:44:59Z,171,163,175,425,2.1015625
2020-08-04T15:55:12Z,172,164,175,312,2.08203125
2020-08-04T16:05:22Z,197,190,199,633,1.015625
2020-08-04T16:15:34Z,194,187,197,633,1.015625
2020-08-04T16:25:45Z,188,181,192,671,1.01953125
2020-08-04T16:35:55Z,186,177,189,784,1.0
2020-08-04T16:46:06Z,174,166,178,444,2.08203125
2020-08-04T16:56:20Z,168,159,170,369,2.1015625
2020-08-04T17:06:31Z,174,165,177,369,2.0
2020-08-04T17:16:41Z,171,163,175,1068,1.0
2020-08-04T17:26:52Z,170,161,173,1087,1.0
2020-08-04T17:37:03Z,185,177,189,1030,1.0
2020-08-04T17:47:14Z,181,172,185,1200,1.0
2020-08-04T17:57:24Z,199,191,203,1314,1.0078125
2020-08-04T18:07:35Z,189,181,192,1616,1.0
2020-08-04T18:17:46Z,174,165,177,974,2.03515625
2020-08-04T18:27:56Z,179,170,183,1654,1.0
2020-08-04T18:38:07Z,185,178,189,1843,1.0
2020-08-04T18:48:17Z,195,188,199,1767,1.0
2020-08-04T18:58:28Z,186,177,189,1938,1.0
2020-08-04T19:08:38Z,201,193,204,2070,1.0
2020-08-04T19:18:51Z,173,164,177,1295,2.0
2020-08-04T19:29:01Z,201,193,204,2732,1.0
2020-08-04T19:39:12Z,187,178,191,3507,1.0
2020-08-04T19:49:23Z,171,160,175,4754,1.0
2020-08-04T19:59:33Z,198,189,202,6872,1.0
2020-08-04T20:09:44Z,200,191,203,5794,1.0
2020-08-04T20:19:55Z,187,177,191,6853,1.0
2020-08-04T20:30:06Z,176,166,181,3374,1.97265625
2020-08-04T20:40:17Z,174,164,181,3979,2.0
2020-08-04T20:50:27Z,188,186,213,13091,1.0
2020-08-04T21:00:38Z,173,165,176,2694,2.0
2020-08-04T21:10:48Z,183,175,186,8592,1.0
2020-08-04T21:20:58Z,197,190,207,12335,1.0
2020-08-04T21:31:09Z,188,184,208,25435,1.0
2020-08-04T21:41:19Z,160,158,189,33243,1.046875
2020-08-04T21:51:29Z,140,154,201,33243,1.5078125
2020-08-04T22:01:39Z,112,144,205,33243,2.2890625
2020-08-04T22:11:50Z,92,127,192,33243,2.5859375
2020-08-04T22:22:00Z,72,103,168,33243,2.5859375
2020-08-04T22:32:10Z,43,67,123,33243,2.5859375
2020-08-04T22:42:21Z,19,34,73,33243,2.5859375
2020-08-04T22:52:32Z,18,34,77,33243,5.2265625
2020-08-04T23:02:45Z,13,24,58,27968,9.84765625
2020-08-04T23:12:58Z,6,9,26,28668,9.84765625
2020-08-04T23:23:08Z,3,4,10,29689,9.84765625
2020-08-04T23:33:19Z,2,2,3,29821,9.84765625
2020-08-04T23:43:29Z,2,1,1,29556,9.84765625
2020-08-04T23:53:39Z,2,1,0,29821,9.84765625
2020-08-05T00:03:50Z,1,1,0,29689,9.84765625
2020-08-05T00:14:00Z,1,1,0,28668,9.84765625
2020-08-05T00:24:10Z,1,1,0,28536,9.84765625
2020-08-05T00:34:21Z,1,1,0,28800,9.84765625
2020-08-05T00:44:31Z,2,1,0,28668,9.84765625
2020-08-05T00:54:41Z,1,1,0,29424,9.84765625
2020-08-05T01:04:51Z,1,1,0,29556,9.84765625
2020-08-05T01:15:01Z,1,1,0,29084,9.84765625
2020-08-05T01:25:11Z,1,1,0,28384,9.84765625
2020-08-05T01:35:22Z,1,1,0,29821,9.84765625
2020-08-05T01:45:32Z,1,1,0,28951,9.84765625
2020-08-05T01:55:42Z,1,1,0,29821,9.84765625
2020-08-05T02:05:52Z,1,1,0,27968,9.84765625
2020-08-05T02:16:03Z,1,1,0,28951,9.84765625
2020-08-05T02:26:13Z,1,1,0,28951,9.84765625
2020-08-05T02:36:23Z,1,1,0,29689,9.84765625
2020-08-05T02:46:34Z,1,1,0,28101,9.84765625
2020-08-05T02:56:44Z,1,1,1,29216,9.84765625
2020-08-05T03:06:54Z,1,1,1,28800,9.84765625
2020-08-05T03:17:04Z,2,2,2,29689,9.84765625
2020-08-05T03:27:15Z,2,2,4,28800,9.84765625
2020-08-05T03:37:25Z,3,5,14,33243,9.84765625
2020-08-05T03:47:37Z,8,14,41,30218,9.84765625
2020-08-05T03:57:50Z,11,22,58,28384,9.84765625
2020-08-05T04:08:01Z,24,44,94,33243,5.2265625
2020-08-05T04:18:11Z,21,39,84,33243,2.5859375
2020-08-05T04:28:22Z,57,84,149,33243,2.5859375
2020-08-05T04:38:33Z,109,148,210,33243,2.5859375
2020-08-05T04:48:44Z,118,153,211,33243,1.73046875
2020-08-05T04:58:54Z,125,155,211,33243,1.0625
2020-08-05T05:09:06Z,138,157,207,27855,1.0
2020-08-05T05:19:16Z,177,189,225,21806,1.0
2020-08-05T05:29:27Z,160,172,212,22656,1.0
2020-08-05T05:39:37Z,182,187,218,18970,1.0
2020-08-05T05:49:47Z,194,191,213,16475,1.0
2020-08-05T05:59:57Z,194,189,209,12656,1.0
2020-08-05T06:10:07Z,192,187,206,10993,1.0
2020-08-05T06:20:18Z,173,166,187,4773,1.97265625
2020-08-05T06:30:30Z,172,164,182,4584,1.95703125
2020-08-05T06:40:41Z,176,165,180,3223,2.01953125
2020-08-05T06:50:51Z,184,175,191,7911,1.0
2020-08-05T07:01:03Z,177,168,184,3280,1.97265625
2020-08-05T07:11:14Z,173,164,181,3582,1.95703125
2020-08-05T07:21:26Z,174,164,180,3242,1.97265625
2020-08-05T07:31:37Z,173,163,177,2032,2.01953125
2020-08-05T07:41:47Z,202,192,205,3923,1.0
2020-08-05T07:51:58Z,195,186,198,3318,1.0
2020-08-05T08:02:08Z,201,192,204,2996,1.0
2020-08-05T08:12:18Z,188,180,192,3809,1.0
2020-08-05T08:22:30Z,175,165,179,2089,1.98828125
2020-08-05T08:32:41Z,201,194,204,3431,1.0
2020-08-05T08:42:52Z,173,164,176,1238,2.01953125
2020-08-05T08:53:01Z,199,191,203,3166,1.0
2020-08-05T09:03:12Z,174,166,177,1560,1.97265625
2020-08-05T09:13:24Z,176,168,179,974,2.0
2020-08-05T09:23:36Z,192,185,195,2127,1.0
2020-08-05T09:33:47Z,197,189,200,1938,1.0
2020-08-05T09:43:58Z,175,167,178,652,2.03515625
2020-08-05T09:54:09Z,194,187,197,577,1.01953125
2020-08-05T10:04:20Z,201,194,204,501,1.01171875
2020-08-05T10:14:30Z,193,185,197,369,1.0
2020-08-05T10:24:40Z,199,193,201,406,1.01953125
2020-08-05T10:34:51Z,172,162,171,123,2.20703125
2020-08-05T10:45:01Z,168,159,170,104,2.1171875
2020-08-05T10:55:12Z,191,182,194,236,1.0234375
2020-08-05T11:05:22Z,161,152,164,350,1.0
2020-08-05T11:15:32Z,195,188,198,444,1.01953125
2020-08-05T11:25:42Z,185,176,189,463,1.0
2020-08-05T11:35:52Z,176,167,179,463,1.01171875
2020-08-05T11:46:02Z,185,176,186,425,1.015625
2020-08-05T11:56:14Z,167,157,167,123,2.171875
2020-08-05T12:06:24Z,183,175,186,255,1.04296875
2020-08-05T12:16:36Z,185,177,186,350,1.0078125
2020-08-05T12:26:46Z,184,176,185,255,1.0078125
2020-08-05T12:36:58Z,170,160,169,66,2.1171875
2020-08-05T12:47:10Z,136,126,134,47,2.5859375
2020-08-05T12:57:21Z,127,116,122,28,2.5859375
2020-08-05T13:07:33Z,160,149,153,28,2.44140625
2020-08-05T13:17:45Z,126,115,122,28,2.06640625
2020-08-05T13:27:56Z,126,118,125,28,2.5859375
2020-08-05T13:38:07Z,140,131,142,85,2.39453125
2020-08-05T13:48:18Z,197,189,196,255,1.05078125
2020-08-05T13:58:28Z,202,193,199,161,1.046875
2020-08-05T14:08:39Z,167,154,158,28,2.5859375
2020-08-05T14:18:50Z,134,124,129,28,2.48828125
2020-08-05T14:29:02Z,164,154,163,66,2.19140625
2020-08-05T14:39:15Z,161,151,156,66,2.46484375
2020-08-05T14:49:26Z,149,136,137,28,2.5859375
2020-08-05T14:59:37Z,194,187,195,142,1.03515625
2020-08-05T15:09:47Z,174,165,178,293,1.01953125
2020-08-05T15:19:58Z,161,150,157,104,2.328125
2020-08-05T15:30:10Z,172,166,172,28,2.41796875
2020-08-05T15:40:21Z,150,142,147,28,2.5859375
2020-08-05T15:50:32Z,179,171,180,274,1.0546875
2020-08-05T16:00:43Z,162,153,166,104,2.24609375
2020-08-05T16:10:54Z,187,179,192,255,1.05078125
2020-08-05T16:21:04Z,174,166,177,350,1.0078125
2020-08-05T16:31:15Z,167,159,170,123,2.01953125
2020-08-05T16:41:26Z,153,144,154,85,2.39453125
2020-08-05T16:51:38Z,167,159,169,85,2.15234375
2020-08-05T17:01:49Z,179,171,181,331,1.02734375
2020-08-05T17:12:00Z,190,182,192,803,1.0
2020-08-05T17:22:10Z,180,173,182,1578,1.0
2020-08-05T17:32:20Z,184,176,187,577,1.0234375
2020-08-05T17:42:32Z,183,174,186,633,1.0234375
2020-08-05T17:52:42Z,172,163,176,1068,1.0
2020-08-05T18:02:53Z,173,165,178,614,1.0234375
2020-08-05T18:13:03Z,174,165,178,747,1.0
2020-08-05T18:23:14Z,173,165,176,369,2.08203125
2020-08-05T18:33:28Z,184,176,188,1049,1.0078125
2020-08-05T18:43:38Z,190,182,194,1654,1.0
2020-08-05T18:53:48Z,183,174,186,3355,1.0
2020-08-05T19:03:59Z,173,163,177,3299,1.0
2020-08-05T19:14:10Z,172,164,176,747,2.01953125
2020-08-05T19:24:20Z,178,170,182,1692,1.0
2020-08-05T19:34:31Z,175,167,179,1352,2.0
2020-08-05T19:44:43Z,174,165,178,1730,1.0
2020-08-05T19:54:53Z,168,157,172,3261,1.0
2020-08-05T20:05:04Z,165,154,169,4357,1.0
2020-08-05T20:15:14Z,179,171,183,1805,1.0
2020-08-05T20:25:27Z,175,165,180,1011,1.98828125
2020-08-05T20:35:41Z,157,151,178,3469,1.0
2020-08-05T20:45:51Z,170,160,181,3733,1.0
2020-08-05T20:56:02Z,201,195,203,3752,1.0
2020-08-05T21:06:12Z,171,161,179,2543,1.0
2020-08-05T21:16:23Z,163,153,169,3790,1.0
2020-08-05T21:26:34Z,168,158,172,3828,1.0
2020-08-05T21:36:45Z,174,163,186,7533,1.0
2020-08-05T21:46:55Z,193,187,208,12562,1.0
2020-08-05T21:57:06Z,181,188,217,20388,1.0
2020-08-05T22:07:18Z,128,148,191,26740,1.0
2020-08-05T22:17:28Z,121,156,204,33243,1.1015625
2020-08-05T22:27:38Z,105,117,161,33243,2.5859375
2020-08-05T22:37:49Z,100,135,192,33243,2.5859375
2020-08-05T22:47:59Z,57,71,115,33243,2.5859375
2020-08-05T22:58:10Z,33,48,87,33243,2.5859375
2020-08-05T23:08:21Z,28,34,61,33243,5.2265625
2020-08-05T23:18:33Z,23,30,57,33243,5.2265625
2020-08-05T23:28:45Z,25,21,30,29556,9.84765625
2020-08-05T23:38:58Z,24,17,21,29424,9.84765625
2020-08-05T23:49:10Z,24,15,14,30218,9.84765625
2020-08-05T23:59:21Z,24,13,10,29821,9.84765625
2020-08-06T00:09:33Z,22,13,9,28384,9.84765625
2020-08-06T00:19:45Z,22,12,8,28951,9.84765625
2020-08-06T00:29:55Z,22,12,8,29084,9.84765625
2020-08-06T00:40:06Z,22,12,7,28101,9.84765625
2020-08-06T00:50:17Z,1,0,0,29556,9.84765625
2020-08-06T01:00:27Z,1,0,0,29689,9.84765625
2020-08-06T01:10:39Z,0,0,0,28951,9.84765625
2020-08-06T01:20:51Z,0,0,0,28536,9.84765625
2020-08-06T01:31:01Z,1,1,0,29556,9.84765625
2020-08-06T01:41:13Z,1,1,0,29821,9.84765625
2020-08-06T01:51:24Z,1,0,0,29689,9.84765625
2020-08-06T02:01:35Z,1,1,0,28252,9.84765625
2020-08-06T02:11:46Z,0,0,0,29556,9.84765625
2020-08-06T02:21:56Z,0,0,0,29556,9.84765625
2020-08-06T02:32:07Z,0,0,0,29084,9.84765625
2020-08-06T02:42:19Z,1,1,1,28951,9.84765625
2020-08-06T02:52:30Z,1,1,1,28668,9.84765625
2020-08-06T03:02:43Z,1,1,1,29821,9.84765625
2020-08-06T03:12:55Z,1,1,1,28536,9.84765625
2020-08-06T03:23:05Z,1,2,7,28951,9.84765625
2020-08-06T03:33:16Z,2,5,22,28252,9.84765625
2020-08-06T03:43:27Z,4,10,32,29556,9.84765625
2020-08-06T03:53:40Z,10,21,55,29953,9.84765625
2020-08-06T04:03:53Z,16,35,83,33243,5.2265625
2020-08-06T04:14:04Z,19,34,77,33243,2.5859375
2020-08-06T04:24:15Z,55,79,142,33243,2.5859375
2020-08-06T04:34:26Z,108,138,199,33243,2.5859375
2020-08-06T04:44:37Z,115,147,206,33243,1.9140625
2020-08-06T04:54:47Z,122,149,204,33243,1.87109375
2020-08-06T05:04:59Z,148,163,205,7987,1.98828125
2020-08-06T05:15:10Z,160,160,197,4773,2.0
2020-08-06T05:25:21Z,163,162,196,3620,1.95703125
2020-08-06T05:35:31Z,183,180,204,5057,1.0
2020-08-06T05:45:43Z,164,162,188,2089,2.01953125
2020-08-06T05:55:53Z,174,168,189,5718,1.0
2020-08-06T06:06:04Z,179,169,182,6834,1.0
2020-08-06T06:16:16Z,170,166,191,1767,1.97265625
2020-08-06T06:26:26Z,178,171,193,3771,1.0
2020-08-06T06:36:38Z,165,165,192,1163,2.01953125
2020-08-06T06:46:48Z,193,185,202,2561,1.0
2020-08-06T06:56:58Z,182,172,187,3318,1.0
2020-08-06T07:07:09Z,196,186,200,3034,1.0
2020-08-06T07:17:19Z,175,170,194,1730,1.0
2020-08-06T07:27:31Z,176,166,180,577,2.01953125
2020-08-06T07:37:42Z,174,163,182,652,2.05078125
2020-08-06T07:47:53Z,187,179,192,992,1.01171875
2020-08-06T07:58:05Z,176,166,179,463,2.08203125
2020-08-06T08:08:16Z,189,180,194,841,1.015625
2020-08-06T08:18:26Z,169,158,173,860,1.0
2020-08-06T08:28:37Z,158,154,186,577,1.0
2020-08-06T08:38:50Z,176,168,179,255,2.03515625
2020-08-06T08:49:02Z,186,177,190,501,1.01171875
2020-08-06T08:59:12Z,187,177,190,671,1.01953125
2020-08-06T09:09:22Z,186,178,189,690,1.0
2020-08-06T09:19:33Z,194,186,196,1049,1.0
2020-08-06T09:29:43Z,183,175,186,633,1.0
2020-08-06T09:39:53Z,199,191,199,784,1.0
2020-08-06T09:50:03Z,184,177,187,1068,1.0
2020-08-06T10:00:14Z,181,173,184,822,1.015625
2020-08-06T10:10:24Z,185,176,185,539,1.01171875
2020-08-06T10:20:34Z,199,193,200,1068,1.0
2020-08-06T10:30:46Z,172,163,174,425,2.05078125
2020-08-06T10:40:57Z,188,181,191,936,1.0
2020-08-06T10:51:07Z,184,176,186,501,1.0
2020-08-06T11:01:17Z,184,175,194,293,1.0546875
2020-08-06T11:11:29Z,185,177,188,331,1.0
2020-08-06T11:21:39Z,173,164,177,633,1.0
2020-08-06T11:31:49Z,188,180,190,312,1.03125
2020-08-06T11:41:59Z,199,191,199,652,1.0
2020-08-06T11:52:10Z,149,140,155,85,2.24609375
2020-08-06T12:02:22Z,128,120,130,66,2.5859375
2020-08-06T12:12:33Z,193,185,193,236,1.05078125
2020-08-06T12:22:43Z,193,185,193,274,1.0234375
2020-08-06T12:32:54Z,157,147,158,66,2.51171875
2020-08-06T12:43:06Z,187,184,204,198,1.046875
2020-08-06T12:53:18Z,157,149,162,85,2.15234375
2020-08-06T13:03:29Z,159,152,165,85,2.15234375
2020-08-06T13:13:40Z,158,150,160,66,2.171875
2020-08-06T13:23:53Z,118,112,127,47,2.5859375
2020-08-06T13:34:04Z,136,128,138,66,2.5859375
2020-08-06T13:44:15Z,142,133,142,66,2.51171875
2020-08-06T13:54:26Z,135,126,135,66,2.328125
2020-08-06T14:04:36Z,162,153,162,350,1.0234375
2020-08-06T14:14:47Z,197,190,199,274,1.0390625
2020-08-06T14:24:58Z,164,156,164,47,2.13671875
2020-08-06T14:35:11Z,138,129,136,28,2.5859375
2020-08-06T14:45:22Z,147,135,137,28,2.5625
2020-08-06T14:55:33Z,178,169,179,558,1.0
2020-08-06T15:05:44Z,149,141,151,85,2.20703125
2020-08-06T15:15:56Z,177,163,166,28,2.44140625
2020-08-06T15:26:07Z,154,144,149,66,2.46484375
2020-08-06T15:36:18Z,193,185,194,198,1.0234375
2020-08-06T15:46:30Z,144,134,138,47,2.41796875
