time,humidity
2020-09-15T21:45:22Z,51.00
2020-09-15T21:46:21Z,51.00
2020-09-15T21:47:12Z,52.00
2020-09-15T21:48:18Z,52.00
2020-09-15T21:49:10Z,52.00
2020-09-15T21:50:02Z,52.00
2020-09-15T21:50:56Z,56.00
2020-09-15T21:55:46Z,56.00
2020-09-15T22:00:38Z,60.00
2020-09-15T22:05:53Z,63.00
2020-09-15T22:10:40Z,64.00
2020-09-15T22:15:38Z,66.00
2020-09-15T22:20:38Z,68.00
2020-09-15T22:25:53Z,67.00
2020-09-15T22:30:36Z,69.00
2020-09-15T22:35:35Z,70.00
2020-09-15T22:40:32Z,71.00
2020-09-15T22:45:26Z,70.00
2020-09-15T22:50:39Z,71.00
2020-09-15T22:55:33Z,72.00
2020-09-15T23:00:26Z,72.00
2020-09-15T23:05:36Z,73.00
2020-09-15T23:10:39Z,74.00
2020-09-15T23:15:44Z,74.00
2020-09-15T23:20:29Z,74.00
2020-09-15T23:25:28Z,73.00
2020-09-15T23:30:29Z,73.00
2020-09-15T23:35:25Z,74.00
2020-09-15T23:40:41Z,73.00
2020-09-15T23:45:44Z,74.00
2020-09-15T23:50:24Z,74.00
2020-09-15T23:55:24Z,73.00
2020-09-16T00:00:27Z,73.00
2020-09-16T00:05:27Z,74.00
2020-09-16T00:10:29Z,74.00
2020-09-16T00:15:23Z,74.00
2020-09-16T00:20:40Z,73.00
2020-09-16T00:25:41Z,74.00
2020-09-16T00:30:40Z,74.00
2020-09-16T00:35:37Z,75.00
2020-09-16T00:40:43Z,76.00
2020-09-16T00:45:23Z,76.00
2020-09-16T00:50:20Z,76.00
2020-09-16T00:55:32Z,76.00
2020-09-16T01:00:28Z,76.00
2020-09-16T01:05:22Z,76.00
2020-09-16T01:10:31Z,76.00
2020-09-16T01:15:26Z,76.00
2020-09-16T01:20:20Z,75.00
2020-09-16T01:25:30Z,74.00
2020-09-16T01:30:26Z,73.00
2020-09-16T01:35:21Z,74.00
2020-09-16T01:40:31Z,74.00
2020-09-16T01:45:26Z,74.00
2020-09-16T01:50:20Z,74.00
2020-09-16T01:55:29Z,73.00
2020-09-16T02:00:24Z,73.00
2020-09-16T02:05:19Z,73.00
2020-09-16T02:10:29Z,73.00
2020-09-16T02:15:24Z,72.00
2020-09-16T02:20:18Z,72.00
2020-09-16T02:25:29Z,72.00
2020-09-16T02:30:23Z,72.00
2020-09-16T02:35:19Z,71.00
2020-09-16T02:40:29Z,71.00
2020-09-16T02:45:24Z,71.00
2020-09-16T02:50:19Z,71.00
2020-09-16T02:55:30Z,71.00
2020-09-16T03:00:25Z,71.00
2020-09-16T03:05:21Z,71.00
2020-09-16T03:10:17Z,71.00
2020-09-16T03:15:27Z,71.00
2020-09-16T03:20:22Z,71.00
2020-09-16T03:25:17Z,71.00
2020-09-16T03:30:28Z,70.00
2020-09-16T03:35:23Z,71.00
2020-09-16T03:40:18Z,71.00
2020-09-16T03:45:28Z,71.00
2020-09-16T03:50:23Z,71.00
2020-09-16T03:55:19Z,72.00
2020-09-16T04:00:13Z,72.00
2020-09-16T04:05:24Z,73.00
2020-09-16T04:10:18Z,73.00
2020-09-16T04:15:13Z,72.00
2020-09-16T04:20:23Z,73.00
2020-09-16T04:25:17Z,74.00
2020-09-16T04:30:12Z,75.00
2020-09-16T04:35:22Z,75.00
2020-09-16T04:40:17Z,75.00
2020-09-16T04:45:11Z,75.00
2020-09-16T04:50:22Z,75.00
2020-09-16T04:55:17Z,74.00
2020-09-16T05:00:13Z,72.00
2020-09-16T05:05:24Z,73.00
2020-09-16T05:10:18Z,73.00
2020-09-16T05:15:13Z,72.00
2020-09-16T05:20:22Z,72.00
2020-09-16T05:25:17Z,72.00
2020-09-16T05:30:12Z,72.00
2020-09-16T05:35:22Z,72.00
2020-09-16T05:40:17Z,72.00
2020-09-16T05:45:12Z,72.00
2020-09-16T05:50:23Z,72.00
2020-09-16T05:55:18Z,72.00
2020-09-16T06:00:14Z,72.00
2020-09-16T06:05:10Z,72.00
2020-09-16T06:10:20Z,72.00
2020-09-16T06:15:14Z,73.00
2020-09-16T06:20:09Z,72.00
2020-09-16T06:25:18Z,72.00
2020-09-16T06:30:12Z,73.00
2020-09-16T06:35:07Z,73.00
2020-09-16T06:40:17Z,73.00
2020-09-16T06:45:11Z,73.00
2020-09-16T06:50:20Z,72.00
2020-09-16T06:55:14Z,74.00
2020-09-16T07:00:09Z,75.00
2020-09-16T07:05:19Z,75.00
2020-09-16T07:10:13Z,76.00
2020-09-16T07:15:08Z,77.00
2020-09-16T07:20:18Z,77.00
2020-09-16T07:25:13Z,77.00
2020-09-16T07:30:09Z,77.00
2020-09-16T07:35:18Z,77.00
2020-09-16T07:40:13Z,76.00
2020-09-16T07:45:08Z,76.00
2020-09-16T07:50:17Z,75.00
2020-09-16T07:55:12Z,75.00
2020-09-16T08:00:06Z,76.00
2020-09-16T08:05:15Z,75.00
2020-09-16T08:10:11Z,74.00
2020-09-16T08:15:08Z,75.00
2020-09-16T08:20:17Z,75.00
2020-09-16T08:25:13Z,75.00
2020-09-16T08:30:07Z,75.00
2020-09-16T08:35:49Z,74.00
2020-09-16T08:40:13Z,73.00
2020-09-16T08:45:08Z,72.00
2020-09-16T08:50:08Z,74.00
2020-09-16T08:55:12Z,73.00
2020-09-16T09:00:11Z,73.00
2020-09-16T09:05:11Z,73.00
2020-09-16T09:10:10Z,72.00
2020-09-16T09:15:05Z,72.00
2020-09-16T09:20:14Z,72.00
2020-09-16T09:25:10Z,72.00
2020-09-16T09:30:04Z,71.00
2020-09-16T09:35:13Z,71.00
2020-09-16T09:40:12Z,72.00
2020-09-16T09:45:13Z,73.00
2020-09-16T09:50:13Z,73.00
2020-09-16T09:55:12Z,73.00
2020-09-16T10:00:12Z,75.00
2020-09-16T10:05:09Z,76.00
2020-09-16T10:10:10Z,75.00
2020-09-16T10:15:10Z,76.00
2020-09-16T10:20:08Z,77.00
2020-09-16T10:25:11Z,77.00
2020-09-16T10:30:09Z,78.00
2020-09-16T10:35:08Z,79.00
2020-09-16T10:40:16Z,80.00
2020-09-16T10:45:10Z,82.00
2020-09-16T10:50:08Z,83.00
2020-09-16T10:55:09Z,84.00
2020-09-16T11:00:16Z,85.00
2020-09-16T11:05:10Z,85.00
2020-09-16T11:10:09Z,85.00
2020-09-16T11:15:26Z,86.00
2020-09-16T11:20:00Z,86.00
2020-09-16T11:25:02Z,86.00
2020-09-16T11:29:57Z,86.00
2020-09-16T11:35:10Z,86.00
2020-09-16T11:40:14Z,86.00
2020-09-16T11:45:14Z,86.00
2020-09-16T11:50:15Z,86.00
2020-09-16T11:55:15Z,86.00
2020-09-16T12:00:27Z,87.00
2020-09-16T12:05:14Z,87.00
2020-09-16T12:10:24Z,87.00
2020-09-16T12:14:56Z,87.00
2020-09-16T12:20:13Z,87.00
2020-09-16T12:25:11Z,87.00
2020-09-16T12:30:07Z,87.00
2020-09-16T12:35:11Z,87.00
2020-09-16T12:40:14Z,87.00
2020-09-16T12:45:09Z,87.00
2020-09-16T12:50:09Z,87.00
2020-09-16T12:55:26Z,87.00
2020-09-16T13:00:00Z,88.00
2020-09-16T13:04:54Z,89.00
2020-09-16T13:09:55Z,89.00
2020-09-16T13:15:12Z,90.00
2020-09-16T13:20:13Z,89.00
2020-09-16T13:24:55Z,90.00
2020-09-16T13:29:58Z,90.00
2020-09-16T13:34:55Z,90.00
2020-09-16T13:39:55Z,91.00
2020-09-16T13:45:15Z,90.00
2020-09-16T13:50:05Z,90.00
2020-09-16T13:55:10Z,90.00
2020-09-16T14:00:10Z,90.00
2020-09-16T14:05:19Z,90.00
2020-09-16T14:10:03Z,90.00
2020-09-16T14:14:59Z,90.00
2020-09-16T14:20:27Z,90.00
2020-09-16T14:24:54Z,90.00
2020-09-16T14:29:56Z,90.00
2020-09-16T14:34:52Z,89.00
2020-09-16T14:40:05Z,89.00
2020-09-16T14:45:14Z,89.00
2020-09-16T14:49:53Z,88.00
2020-09-16T14:55:09Z,88.00
2020-09-16T15:00:10Z,89.00
2020-09-16T15:04:53Z,89.00
2020-09-16T15:09:53Z,89.00
2020-09-16T15:14:55Z,88.00
2020-09-16T15:19:55Z,87.00
2020-09-16T15:24:57Z,88.00
2020-09-16T15:29:52Z,89.00
2020-09-16T15:35:01Z,89.00
2020-09-16T15:39:56Z,89.00
2020-09-16T15:44:50Z,89.00
2020-09-16T15:50:00Z,89.00
2020-09-16T15:54:56Z,89.00
2020-09-16T15:59:51Z,89.00
2020-09-16T16:05:01Z,88.00
2020-09-16T16:09:56Z,87.00
2020-09-16T16:14:52Z,87.00
2020-09-16T16:19:46Z,87.00
2020-09-16T16:24:55Z,87.00
2020-09-16T16:29:50Z,87.00
2020-09-16T16:35:00Z,88.00
2020-09-16T16:39:55Z,88.00
2020-09-16T16:44:49Z,89.00
2020-09-16T16:49:59Z,89.00
2020-09-16T16:54:54Z,90.00
2020-09-16T16:59:49Z,89.00
2020-09-16T17:05:00Z,89.00
2020-09-16T17:09:54Z,90.00
2020-09-16T17:14:48Z,90.00
2020-09-16T17:19:58Z,90.00
2020-09-16T17:24:52Z,91.00
2020-09-16T17:29:47Z,92.00
2020-09-16T17:34:57Z,91.00
2020-09-16T17:39:51Z,92.00
2020-09-16T17:44:46Z,92.00
2020-09-16T17:49:56Z,92.00
2020-09-16T17:54:50Z,92.00
2020-09-16T17:59:44Z,93.00
2020-09-16T18:04:54Z,93.00
2020-09-16T18:09:50Z,94.00
2020-09-16T18:14:45Z,94.00
2020-09-16T18:19:55Z,95.00
2020-09-16T18:24:50Z,95.00
2020-09-16T18:29:44Z,95.00
2020-09-16T18:34:54Z,95.00
2020-09-16T18:39:49Z,95.00
2020-09-16T18:44:43Z,96.00
2020-09-16T18:49:52Z,96.00
2020-09-16T18:54:48Z,95.00
2020-09-16T18:59:43Z,95.00
2020-09-16T19:04:53Z,95.00
2020-09-16T19:09:48Z,95.00
2020-09-16T19:14:43Z,95.00
2020-09-16T19:19:53Z,95.00
2020-09-16T19:24:49Z,95.00
2020-09-16T19:29:43Z,95.00
2020-09-16T19:34:53Z,95.00
2020-09-16T19:39:48Z,95.00
2020-09-16T19:44:43Z,95.00
2020-09-16T19:49:52Z,95.00
2020-09-16T19:54:48Z,95.00
2020-09-16T19:59:42Z,95.00
2020-09-16T20:04:53Z,95.00
2020-09-16T20:09:48Z,95.00
2020-09-16T20:14:44Z,95.00
2020-09-16T20:19:39Z,95.00
2020-09-16T20:24:49Z,95.00
2020-09-16T20:29:44Z,95.00
2020-09-16T20:34:38Z,95.00
2020-09-16T20:39:48Z,95.00
2020-09-16T20:44:42Z,95.00
2020-09-16T20:49:36Z,95.00
2020-09-16T20:54:46Z,95.00
2020-09-16T20:59:40Z,95.00
2020-09-16T21:04:50Z,95.00
2020-09-16T21:09:44Z,95.00
2020-09-16T21:14:39Z,95.00
2020-09-16T21:19:48Z,95.00
2020-09-16T21:24:43Z,95.00
2020-09-16T21:29:37Z,95.00
2020-09-16T21:34:47Z,95.00
2020-09-16T21:39:42Z,95.00
2020-09-16T21:44:37Z,95.00
2020-09-16T21:49:47Z,95.00
2020-09-16T21:54:43Z,95.00
2020-09-16T21:59:38Z,95.00
2020-09-16T22:04:48Z,95.00
2020-09-16T22:09:43Z,95.00
2020-09-16T22:14:38Z,95.00
2020-09-16T22:19:48Z,95.00
2020-09-16T22:24:43Z,95.00
2020-09-16T22:29:39Z,95.00
2020-09-16T22:34:34Z,95.00
2020-09-16T22:39:45Z,95.00
2020-09-16T22:44:39Z,95.00
2020-09-16T22:49:35Z,95.00
2020-09-16T22:54:44Z,95.00
2020-09-16T22:59:38Z,95.00
2020-09-16T23:04:32Z,95.00
2020-09-16T23:09:41Z,95.00
2020-09-16T23:14:35Z,95.00
2020-09-16T23:19:44Z,95.00
2020-09-16T23:24:39Z,95.00
2020-09-16T23:29:35Z,95.00
2020-09-16T23:34:30Z,95.00
2020-09-16T23:39:40Z,95.00
2020-09-16T23:44:35Z,95.00
2020-09-16T23:49:29Z,95.00
2020-09-16T23:54:38Z,95.00
2020-09-16T23:59:33Z,95.00
2020-09-17T00:04:48Z,95.00
2020-09-17T00:09:44Z,95.00
2020-09-17T00:14:42Z,95.00
2020-09-17T00:19:40Z,95.00
2020-09-17T00:24:43Z,95.00
2020-09-17T00:29:41Z,95.00
2020-09-17T00:34:41Z,95.00
2020-09-17T00:39:42Z,95.00
2020-09-17T00:44:37Z,95.00
2020-09-17T00:49:43Z,95.00
2020-09-17T00:54:43Z,95.00
2020-09-17T00:59:42Z,95.00
2020-09-17T01:04:43Z,95.00
2020-09-17T01:09:38Z,95.00
2020-09-17T01:14:38Z,95.00
2020-09-17T01:19:34Z,95.00
2020-09-17T01:24:30Z,95.00
2020-09-17T01:29:40Z,95.00
2020-09-17T01:34:42Z,95.00
2020-09-17T01:39:39Z,95.00
2020-09-17T01:44:36Z,95.00
2020-09-17T01:49:53Z,95.00
2020-09-17T01:54:48Z,95.00
2020-09-17T01:59:38Z,95.00
2020-09-17T02:04:40Z,95.00
2020-09-17T02:09:40Z,95.00
2020-09-17T02:14:42Z,95.00
2020-09-17T02:19:59Z,95.00
2020-09-17T02:24:45Z,95.00
2020-09-17T02:29:25Z,95.00
2020-09-17T02:34:25Z,95.00
2020-09-17T02:39:41Z,95.00
2020-09-17T02:44:39Z,95.00
2020-09-17T02:49:39Z,95.00
2020-09-17T02:54:37Z,95.00
2020-09-17T02:59:38Z,95.00
2020-09-17T03:04:44Z,95.00
2020-09-17T03:09:46Z,95.00
2020-09-17T03:14:41Z,95.00
2020-09-17T03:19:43Z,95.00
2020-09-17T03:24:23Z,95.00
2020-09-17T03:29:41Z,95.00
2020-09-17T03:34:40Z,95.00
2020-09-17T03:39:39Z,95.00
2020-09-17T03:44:41Z,95.00
2020-09-17T03:49:21Z,95.00
2020-09-17T03:54:34Z,95.00
2020-09-17T03:59:32Z,95.00
2020-09-17T04:04:27Z,95.00
2020-09-17T04:09:24Z,95.00
2020-09-17T04:14:25Z,95.00
2020-09-17T04:19:22Z,95.00
2020-09-17T04:24:34Z,95.00
2020-09-17T04:29:29Z,95.00
2020-09-17T04:34:24Z,95.00
2020-09-17T04:39:23Z,95.00
2020-09-17T04:44:23Z,95.00
2020-09-17T04:49:22Z,95.00
2020-09-17T04:54:35Z,95.00
2020-09-17T04:59:32Z,95.00
2020-09-17T05:04:27Z,95.00
2020-09-17T05:09:22Z,95.00
2020-09-17T05:14:34Z,95.00
2020-09-17T05:19:29Z,95.00
2020-09-17T05:24:23Z,95.00
2020-09-17T05:29:26Z,95.00
2020-09-17T05:34:26Z,95.00
2020-09-17T05:39:22Z,95.00
2020-09-17T05:44:16Z,95.00
2020-09-17T05:49:26Z,95.00
2020-09-17T05:54:28Z,95.00
2020-09-17T05:59:24Z,95.00
2020-09-17T06:04:22Z,95.00
2020-09-17T06:09:19Z,95.00
2020-09-17T06:14:41Z,95.00
2020-09-17T06:19:26Z,95.00
2020-09-17T06:24:30Z,95.00
2020-09-17T06:29:25Z,95.00
2020-09-17T06:34:24Z,95.00
2020-09-17T06:39:24Z,95.00
2020-09-17T06:44:22Z,95.00
2020-09-17T06:49:17Z,95.00
2020-09-17T06:54:26Z,95.00
2020-09-17T06:59:27Z,95.00
2020-09-17T07:04:27Z,95.00
2020-09-17T07:09:45Z,95.00
2020-09-17T07:14:40Z,95.00
2020-09-17T07:19:36Z,95.00
2020-09-17T07:24:46Z,95.00
2020-09-17T07:29:41Z,95.00
2020-09-17T07:34:37Z,95.00
2020-09-17T07:39:47Z,95.00
2020-09-17T07:44:42Z,95.00
2020-09-17T07:49:15Z,95.00
2020-09-17T07:54:25Z,95.00
2020-09-17T07:59:27Z,95.00
2020-09-17T08:04:23Z,95.00
2020-09-17T08:09:44Z,95.00
2020-09-17T08:14:28Z,95.00
2020-09-17T08:19:24Z,95.00
2020-09-17T08:24:23Z,95.00
2020-09-17T08:29:25Z,95.00
2020-09-17T08:34:23Z,95.00
2020-09-17T08:39:21Z,95.00
2020-09-17T08:44:16Z,95.00
2020-09-17T08:49:11Z,95.00
2020-09-17T08:54:22Z,95.00
2020-09-17T08:59:16Z,95.00
2020-09-17T09:04:12Z,95.00
2020-09-17T09:09:22Z,95.00
2020-09-17T09:14:23Z,95.00
2020-09-17T09:19:15Z,95.00
2020-09-17T09:24:12Z,95.00
2020-09-17T09:29:27Z,95.00
2020-09-17T09:34:13Z,95.00
2020-09-17T09:39:25Z,95.00
2020-09-17T09:44:14Z,95.00
2020-09-17T09:49:12Z,96.00
2020-09-17T09:54:28Z,94.00
2020-09-17T09:59:10Z,93.00
2020-09-17T10:04:28Z,91.00
2020-09-17T10:09:15Z,90.00
2020-09-17T10:14:20Z,88.00
2020-09-17T10:19:16Z,87.00
2020-09-17T10:24:16Z,85.00
2020-09-17T10:29:16Z,85.00
2020-09-17T10:34:16Z,84.00
2020-09-17T10:39:17Z,84.00
2020-09-17T10:44:15Z,83.00
2020-09-17T10:49:10Z,83.00
2020-09-17T10:54:23Z,83.00
2020-09-17T10:59:25Z,83.00
2020-09-17T11:04:14Z,82.00
2020-09-17T11:09:11Z,82.00
2020-09-17T11:14:10Z,79.00
2020-09-17T11:19:15Z,78.00
2020-09-17T11:24:11Z,77.00
2020-09-17T11:29:07Z,76.00
2020-09-17T11:34:16Z,75.00
2020-09-17T11:39:16Z,74.00
2020-09-17T11:44:14Z,74.00
2020-09-17T11:49:15Z,74.00
2020-09-17T11:54:14Z,74.00
2020-09-17T11:59:14Z,75.00
2020-09-17T12:04:15Z,75.00
2020-09-17T12:09:14Z,74.00
2020-09-17T12:14:15Z,74.00
2020-09-17T12:19:11Z,74.00
2020-09-17T12:24:10Z,74.00
2020-09-17T12:29:15Z,74.00
2020-09-17T12:34:10Z,74.00
2020-09-17T12:39:10Z,73.00
2020-09-17T12:44:04Z,73.00
2020-09-17T12:49:14Z,72.00
2020-09-17T12:54:09Z,72.00
2020-09-17T12:59:09Z,72.00
2020-09-17T13:04:09Z,72.00
2020-09-17T13:09:07Z,72.00
2020-09-17T13:14:12Z,72.00
2020-09-17T13:19:08Z,72.00
2020-09-17T13:24:04Z,72.00
2020-09-17T13:29:13Z,71.00
2020-09-17T13:34:10Z,73.00
2020-09-17T13:39:12Z,73.00
2020-09-17T13:44:12Z,74.00
2020-09-17T13:49:10Z,74.00
2020-09-17T13:54:11Z,72.00
2020-09-17T13:59:12Z,74.00
2020-09-17T14:04:10Z,74.00
2020-09-17T14:09:16Z,73.00
2020-09-17T14:14:17Z,74.00
2020-09-17T14:19:13Z,75.00
2020-09-17T14:24:12Z,75.00
2020-09-17T14:29:10Z,77.00
2020-09-17T14:34:05Z,79.00
2020-09-17T14:39:02Z,79.00
2020-09-17T14:43:57Z,78.00
2020-09-17T14:49:10Z,77.00
2020-09-17T14:54:09Z,74.00
2020-09-17T14:59:13Z,74.00
2020-09-17T15:04:12Z,73.00
2020-09-17T15:09:18Z,74.00
2020-09-17T15:13:57Z,74.00
2020-09-17T15:18:57Z,75.00
2020-09-17T15:23:57Z,75.00
2020-09-17T15:29:00Z,73.00
2020-09-17T15:34:09Z,74.00
2020-09-17T15:39:04Z,75.00
2020-09-17T15:43:59Z,75.00
2020-09-17T15:49:08Z,75.00
2020-09-17T15:54:03Z,73.00
2020-09-17T15:58:58Z,73.00
2020-09-17T16:04:07Z,72.00
2020-09-17T16:09:02Z,75.00
2020-09-17T16:13:57Z,76.00
2020-09-17T16:19:06Z,78.00
2020-09-17T16:24:02Z,79.00
2020-09-17T16:28:57Z,79.00
2020-09-17T16:34:07Z,80.00
2020-09-17T16:39:02Z,79.00
2020-09-17T16:43:56Z,79.00
2020-09-17T16:49:05Z,79.00
2020-09-17T16:54:01Z,77.00
2020-09-17T16:58:56Z,76.00
2020-09-17T17:04:06Z,77.00
2020-09-17T17:09:01Z,76.00
2020-09-17T17:13:55Z,76.00
2020-09-17T17:19:04Z,76.00
2020-09-17T17:23:59Z,76.00
2020-09-17T17:28:53Z,76.00
2020-09-17T17:34:03Z,76.00
2020-09-17T17:38:57Z,77.00
2020-09-17T17:43:51Z,77.00
2020-09-17T17:49:02Z,75.00
2020-09-17T17:53:56Z,76.00
2020-09-17T17:58:51Z,75.00
2020-09-17T18:04:01Z,76.00
2020-09-17T18:08:56Z,77.00
2020-09-17T18:13:50Z,77.00
2020-09-17T18:19:00Z,78.00
2020-09-17T18:23:55Z,78.00
2020-09-17T18:28:50Z,78.00
2020-09-17T18:34:01Z,79.00
2020-09-17T18:38:55Z,79.00
2020-09-17T18:43:50Z,79.00
2020-09-17T18:49:00Z,79.00
2020-09-17T18:53:55Z,79.00
2020-09-17T18:58:50Z,80.00
2020-09-17T19:04:01Z,80.00
2020-09-17T19:08:55Z,80.00
2020-09-17T19:13:50Z,80.00
2020-09-17T19:19:01Z,81.00
2020-09-17T19:23:56Z,81.00
2020-09-17T19:28:50Z,80.00
2020-09-17T19:34:01Z,80.00
2020-09-17T19:38:55Z,81.00
2020-09-17T19:43:50Z,82.00
2020-09-17T19:49:00Z,83.00
2020-09-17T19:53:55Z,83.00
2020-09-17T19:58:50Z,83.00
2020-09-17T20:04:00Z,84.00
2020-09-17T20:08:55Z,85.00
2020-09-17T20:13:50Z,86.00
2020-09-17T20:18:45Z,87.00
2020-09-17T20:24:00Z,87.00
2020-09-17T20:28:55Z,88.00
2020-09-17T20:33:51Z,89.00
2020-09-17T20:38:46Z,90.00
2020-09-17T20:43:56Z,91.00
2020-09-17T20:48:53Z,90.00
2020-09-17T20:53:48Z,90.00
2020-09-17T20:58:58Z,90.00
2020-09-17T21:03:52Z,90.00
2020-09-17T21:08:48Z,91.00
2020-09-17T21:13:57Z,91.00
2020-09-17T21:18:53Z,92.00
2020-09-17T21:23:49Z,91.00
2020-09-17T21:28:44Z,91.00
2020-09-17T21:33:54Z,92.00
2020-09-17T21:38:50Z,91.00
2020-09-17T21:43:45Z,92.00
2020-09-17T21:48:56Z,92.00
2020-09-17T21:53:51Z,91.00
2020-09-17T21:58:46Z,92.00
2020-09-17T22:03:56Z,92.00
2020-09-17T22:08:51Z,91.00
2020-09-17T22:13:46Z,92.00
2020-09-17T22:18:41Z,92.00
2020-09-17T22:23:51Z,91.00
2020-09-17T22:28:46Z,91.00
2020-09-17T22:33:41Z,91.00
2020-09-17T22:38:51Z,91.00
2020-09-17T22:43:46Z,90.00
2020-09-17T22:48:40Z,90.00
2020-09-17T22:53:51Z,90.00
2020-09-17T22:58:46Z,90.00
2020-09-17T23:03:41Z,89.00
2020-09-17T23:08:53Z,90.00
2020-09-17T23:13:48Z,90.00
2020-09-17T23:18:43Z,91.00
2020-09-17T23:23:52Z,91.00
2020-09-17T23:28:49Z,91.00
2020-09-17T23:33:44Z,92.00
2020-09-17T23:38:39Z,92.00
2020-09-17T23:43:50Z,92.00
2020-09-17T23:48:44Z,92.00
2020-09-17T23:53:39Z,91.00
2020-09-17T23:58:50Z,91.00
2020-09-18T00:03:44Z,91.00
2020-09-18T00:08:39Z,91.00
2020-09-18T00:13:50Z,92.00
2020-09-18T00:18:45Z,92.00
2020-09-18T00:23:39Z,92.00
2020-09-18T00:28:50Z,93.00
2020-09-18T00:33:44Z,93.00
2020-09-18T00:38:39Z,94.00
2020-09-18T00:43:50Z,94.00
2020-09-18T00:48:45Z,94.00
2020-09-18T00:53:40Z,95.00
2020-09-18T00:58:35Z,95.00
2020-09-18T01:03:45Z,95.00
2020-09-18T01:08:41Z,96.00
2020-09-18T01:13:37Z,96.00
2020-09-18T01:18:48Z,96.00
2020-09-18T01:23:43Z,96.00
2020-09-18T01:28:38Z,95.00
2020-09-18T01:33:49Z,95.00
2020-09-18T01:38:44Z,95.00
2020-09-18T01:43:39Z,95.00
2020-09-18T01:48:35Z,95.00
2020-09-18T01:53:45Z,95.00
2020-09-18T01:58:41Z,95.00
2020-09-18T02:03:37Z,95.00
2020-09-18T02:08:47Z,95.00
2020-09-18T02:13:41Z,95.00
2020-09-18T02:18:37Z,95.00
2020-09-18T02:23:32Z,95.00
2020-09-18T02:28:42Z,95.00
2020-09-18T02:33:38Z,95.00
2020-09-18T02:38:33Z,96.00
2020-09-18T02:43:42Z,96.00
2020-09-18T02:48:37Z,95.00
2020-09-18T02:53:33Z,95.00
2020-09-18T02:58:42Z,94.00
2020-09-18T03:03:38Z,94.00
2020-09-18T03:08:33Z,94.00
2020-09-18T03:13:42Z,94.00
2020-09-18T03:18:37Z,93.00
2020-09-18T03:23:32Z,93.00
2020-09-18T03:28:42Z,93.00
2020-09-18T03:33:38Z,93.00
2020-09-18T03:38:33Z,94.00
2020-09-18T03:43:42Z,94.00
2020-09-18T03:48:38Z,94.00
2020-09-18T03:53:33Z,94.00
2020-09-18T03:58:43Z,95.00
2020-09-18T04:03:38Z,96.00
2020-09-18T04:08:33Z,96.00
2020-09-18T04:13:28Z,95.00
2020-09-18T04:18:38Z,95.00
2020-09-18T04:23:32Z,95.00
2020-09-18T04:28:27Z,95.00
2020-09-18T04:33:38Z,95.00
2020-09-18T04:38:33Z,95.00
2020-09-18T04:43:28Z,95.00
2020-09-18T04:48:38Z,95.00
2020-09-18T04:53:32Z,95.00
2020-09-18T04:58:28Z,95.00
2020-09-18T05:03:38Z,95.00
2020-09-18T05:08:34Z,95.00
2020-09-18T05:13:29Z,95.00
2020-09-18T05:18:39Z,95.00
2020-09-18T05:23:34Z,95.00
2020-09-18T05:28:30Z,95.00
2020-09-18T05:33:25Z,95.00
2020-09-18T05:38:36Z,95.00
2020-09-18T05:43:31Z,95.00
2020-09-18T05:48:26Z,95.00
2020-09-18T05:53:38Z,95.00
2020-09-18T05:58:33Z,95.00
2020-09-18T06:03:28Z,95.00
2020-09-18T06:08:38Z,95.00
2020-09-18T06:13:33Z,95.00
2020-09-18T06:18:27Z,95.00
2020-09-18T06:23:39Z,95.00
2020-09-18T06:28:34Z,95.00
2020-09-18T06:33:29Z,95.00
2020-09-18T06:38:23Z,95.00
2020-09-18T06:43:33Z,95.00
2020-09-18T06:48:28Z,95.00
2020-09-18T06:53:23Z,95.00
2020-09-18T06:58:34Z,95.00
2020-09-18T07:03:29Z,95.00
2020-09-18T07:08:24Z,95.00
2020-09-18T07:13:34Z,95.00
2020-09-18T07:18:29Z,95.00
2020-09-18T07:23:24Z,95.00
2020-09-18T07:28:35Z,95.00
2020-09-18T07:33:30Z,95.00
2020-09-18T07:38:25Z,95.00
2020-09-18T07:43:20Z,95.00
2020-09-18T07:48:30Z,96.00
2020-09-18T07:53:25Z,96.00
2020-09-18T07:58:20Z,95.00
2020-09-18T08:03:30Z,94.00
2020-09-18T08:08:25Z,94.00
2020-09-18T08:13:20Z,93.00
2020-09-18T08:18:31Z,92.00
2020-09-18T08:23:26Z,91.00
2020-09-18T08:28:21Z,91.00
2020-09-18T08:33:31Z,89.00
2020-09-18T08:38:26Z,88.00
2020-09-18T08:43:21Z,86.00
2020-09-18T08:48:31Z,84.00
2020-09-18T08:53:26Z,82.00
2020-09-18T08:58:21Z,81.00
2020-09-18T09:03:32Z,80.00
2020-09-18T09:08:27Z,81.00
2020-09-18T09:13:22Z,82.00
2020-09-18T09:18:17Z,82.00
2020-09-18T09:23:27Z,81.00
2020-09-18T09:28:22Z,80.00
2020-09-18T09:33:17Z,79.00
2020-09-18T09:38:27Z,79.00
2020-09-18T09:43:23Z,79.00
2020-09-18T09:48:18Z,79.00
2020-09-18T09:53:28Z,79.00
2020-09-18T09:58:23Z,79.00
2020-09-18T10:03:18Z,79.00
2020-09-18T10:08:28Z,78.00
2020-09-18T10:13:29Z,78.00
2020-09-18T10:18:27Z,77.00
2020-09-18T10:23:22Z,77.00
2020-09-18T10:28:18Z,76.00
2020-09-18T10:33:27Z,75.00
2020-09-18T10:38:23Z,77.00
2020-09-18T10:43:17Z,75.00
2020-09-18T10:48:27Z,75.00
2020-09-18T10:53:22Z,75.00
2020-09-18T10:58:16Z,75.00
2020-09-18T11:03:27Z,75.00
2020-09-18T11:08:24Z,75.00
2020-09-18T11:13:19Z,75.00
2020-09-18T11:18:14Z,76.00
2020-09-18T11:23:24Z,76.00
2020-09-18T11:28:19Z,76.00
2020-09-18T11:33:14Z,74.00
2020-09-18T11:38:25Z,73.00
2020-09-18T11:43:20Z,74.00
2020-09-18T11:48:16Z,73.00
2020-09-18T11:53:30Z,74.00
2020-09-18T11:58:25Z,73.00
2020-09-18T12:03:19Z,75.00
2020-09-18T12:08:15Z,75.00
2020-09-18T12:13:09Z,75.00
2020-09-18T12:18:19Z,75.00
2020-09-18T12:23:14Z,75.00
2020-09-18T12:28:28Z,74.00
2020-09-18T12:33:24Z,74.00
2020-09-18T12:38:19Z,72.00
2020-09-18T12:43:14Z,71.00
2020-09-18T12:48:09Z,72.00
2020-09-18T12:53:18Z,71.00
2020-09-18T12:58:13Z,71.00
2020-09-18T13:03:23Z,70.00
2020-09-18T13:08:19Z,70.00
2020-09-18T13:13:27Z,70.00
2020-09-18T13:19:40Z,70.00
2020-09-18T13:23:30Z,69.00
2020-09-18T13:28:17Z,69.00
2020-09-18T13:33:41Z,69.00
2020-09-18T13:38:41Z,69.00
2020-09-18T13:43:15Z,69.00
2020-09-18T13:48:10Z,68.00
2020-09-18T13:53:20Z,70.00
2020-09-18T13:58:16Z,70.00
2020-09-18T14:03:12Z,70.00
2020-09-18T14:08:09Z,69.00
2020-09-18T14:13:19Z,69.00
2020-09-18T14:18:14Z,68.00
2020-09-18T14:23:10Z,66.00
2020-09-18T14:28:05Z,65.00
2020-09-18T14:33:15Z,66.00
2020-09-18T14:38:13Z,66.00
2020-09-18T14:43:13Z,67.00
2020-09-18T14:48:09Z,68.00
2020-09-18T14:53:19Z,69.00
2020-09-18T14:58:13Z,68.00
2020-09-18T15:03:12Z,70.00
2020-09-18T15:08:06Z,70.00
2020-09-18T15:13:22Z,70.00
2020-09-18T15:18:19Z,68.00
2020-09-18T15:23:23Z,69.00
2020-09-18T15:28:07Z,68.00
2020-09-18T15:33:17Z,69.00
2020-09-18T15:38:12Z,70.00
2020-09-18T15:43:07Z,68.00
2020-09-18T15:48:17Z,69.00
2020-09-18T15:53:14Z,69.00
2020-09-18T15:58:10Z,69.00
2020-09-18T16:03:05Z,68.00
2020-09-18T16:08:16Z,67.00
2020-09-18T16:13:10Z,66.00
2020-09-18T16:18:07Z,66.00
2020-09-18T16:23:03Z,65.00
2020-09-18T16:37:31Z,68.00
2020-09-18T16:42:41Z,68.00
2020-09-18T16:47:36Z,68.00
2020-09-18T16:52:30Z,67.00
2020-09-18T16:57:40Z,67.00
2020-09-18T17:02:35Z,67.00
2020-09-18T17:07:30Z,67.00
2020-09-18T17:12:40Z,66.00
2020-09-18T17:17:35Z,66.00
2020-09-18T17:22:30Z,66.00
2020-09-18T17:27:40Z,67.00
2020-09-18T17:32:36Z,67.00
2020-09-18T17:37:30Z,67.00
2020-09-18T17:42:40Z,68.00
2020-09-18T17:47:34Z,68.00
2020-09-18T17:52:29Z,69.00
2020-09-18T17:57:39Z,69.00
2020-09-18T18:02:34Z,69.00
2020-09-18T18:07:28Z,69.00
2020-09-18T18:12:38Z,70.00
2020-09-18T18:17:33Z,70.00
2020-09-18T18:22:28Z,70.00
2020-09-18T18:27:39Z,70.00
2020-09-18T18:32:34Z,70.00
2020-09-18T18:37:28Z,69.00
2020-09-18T18:42:23Z,70.00
2020-09-18T18:47:33Z,70.00
2020-09-18T18:52:29Z,70.00
2020-09-18T18:57:23Z,70.00
2020-09-18T19:02:34Z,70.00
2020-09-18T19:07:30Z,70.00
2020-09-18T19:12:24Z,70.00
2020-09-18T19:17:35Z,70.00
2020-09-18T19:22:30Z,70.00
2020-09-18T19:27:25Z,70.00
2020-09-18T19:32:35Z,69.00
2020-09-18T19:37:30Z,69.00
2020-09-18T19:42:30Z,69.00
2020-09-18T19:47:25Z,70.00
2020-09-18T19:52:35Z,70.00
2020-09-18T19:57:29Z,70.00
2020-09-18T20:02:25Z,70.00
2020-09-18T20:07:35Z,69.00
2020-09-18T20:12:30Z,69.00
2020-09-18T20:17:25Z,69.00
2020-09-18T20:22:20Z,69.00
2020-09-18T20:27:30Z,69.00
2020-09-18T20:32:25Z,70.00
2020-09-18T20:37:23Z,70.00
2020-09-18T20:42:33Z,71.00
2020-09-18T20:47:27Z,71.00
2020-09-18T20:52:23Z,71.00
2020-09-18T20:57:33Z,71.00
2020-09-18T21:02:28Z,71.00
2020-09-18T21:07:23Z,70.00
2020-09-18T21:12:17Z,70.00
2020-09-18T21:17:27Z,71.00
2020-09-18T21:22:21Z,71.00
2020-09-18T21:27:31Z,71.00
2020-09-18T21:32:26Z,71.00
2020-09-18T21:37:24Z,70.00
2020-09-18T21:42:21Z,70.00
2020-09-18T21:47:28Z,70.00
2020-09-18T21:52:24Z,70.00
2020-09-18T21:57:21Z,71.00
2020-09-18T22:02:19Z,72.00
2020-09-18T22:07:31Z,72.00
2020-09-18T22:12:27Z,72.00
2020-09-18T22:17:22Z,72.00
2020-09-18T22:22:17Z,72.00
2020-09-18T22:27:29Z,72.00
2020-09-18T22:32:24Z,72.00
2020-09-18T22:37:20Z,72.00
2020-09-18T22:42:16Z,72.00
2020-09-18T22:47:27Z,73.00
2020-09-18T22:52:26Z,73.00
2020-09-18T22:57:22Z,73.00
2020-09-18T23:02:17Z,73.00
2020-09-18T23:07:27Z,73.00
2020-09-18T23:12:23Z,73.00
2020-09-18T23:17:18Z,73.00
2020-09-18T23:22:14Z,73.00
2020-09-18T23:27:24Z,73.00
2020-09-18T23:32:20Z,73.00
2020-09-18T23:37:15Z,73.00
2020-09-18T23:42:24Z,72.00
2020-09-18T23:47:19Z,73.00
2020-09-18T23:52:14Z,73.00
2020-09-18T23:57:24Z,74.00
2020-09-19T00:02:19Z,75.00
2020-09-19T00:07:14Z,75.00
2020-09-19T00:12:23Z,75.00
2020-09-19T00:17:18Z,76.00
2020-09-19T00:22:13Z,76.00
2020-09-19T00:27:23Z,76.00
2020-09-19T00:32:18Z,76.00
2020-09-19T00:37:14Z,76.00
2020-09-19T00:42:24Z,76.00
2020-09-19T00:47:19Z,76.00
2020-09-19T00:52:14Z,76.00
2020-09-19T00:57:23Z,75.00
2020-09-19T01:02:17Z,77.00
2020-09-19T01:07:12Z,78.00
2020-09-19T01:12:21Z,79.00
2020-09-19T01:17:16Z,82.00
2020-09-19T01:22:10Z,85.00
2020-09-19T01:27:19Z,87.00
2020-09-19T01:32:14Z,88.00
2020-09-19T01:37:09Z,90.00
2020-09-19T01:42:19Z,91.00
2020-09-19T01:47:13Z,92.00
2020-09-19T01:52:08Z,93.00
2020-09-19T01:57:17Z,94.00
2020-09-19T02:02:13Z,95.00
2020-09-19T02:07:07Z,96.00
2020-09-19T02:12:17Z,95.00
2020-09-19T02:17:11Z,95.00
2020-09-19T02:22:11Z,95.00
2020-09-19T02:27:11Z,95.00
2020-09-19T02:32:21Z,95.00
2020-09-19T02:37:15Z,95.00
2020-09-19T02:42:10Z,95.00
2020-09-19T02:47:20Z,95.00
2020-09-19T02:52:14Z,95.00
2020-09-19T02:57:09Z,95.00
2020-09-19T03:02:18Z,95.00
2020-09-19T03:07:13Z,95.00
2020-09-19T03:12:07Z,95.00
2020-09-19T03:17:17Z,95.00
2020-09-19T03:22:11Z,95.00
2020-09-19T03:27:05Z,95.00
2020-09-19T03:32:15Z,95.00
2020-09-19T03:37:10Z,95.00
2020-09-19T03:42:04Z,95.00
2020-09-19T03:47:14Z,95.00
2020-09-19T03:52:08Z,95.00
2020-09-19T03:57:04Z,95.00
2020-09-19T04:02:13Z,95.00
2020-09-19T04:07:08Z,95.00
2020-09-19T04:12:02Z,95.00
2020-09-19T04:17:12Z,95.00
2020-09-19T04:22:06Z,95.00
2020-09-19T04:27:15Z,95.00
2020-09-19T04:32:10Z,95.00
2020-09-19T04:37:04Z,95.00
2020-09-19T04:42:14Z,95.00
2020-09-19T04:47:08Z,95.00
2020-09-19T04:52:03Z,95.00
2020-09-19T04:57:13Z,95.00
2020-09-19T05:02:07Z,95.00
2020-09-19T05:07:02Z,95.00
2020-09-19T05:12:12Z,95.00
2020-09-19T05:17:07Z,95.00
2020-09-19T05:22:02Z,95.00
2020-09-19T05:27:11Z,95.00
2020-09-19T05:32:06Z,95.00
2020-09-19T05:37:02Z,95.00
2020-09-19T05:42:12Z,95.00
2020-09-19T05:47:07Z,95.00
2020-09-19T05:52:02Z,95.00
2020-09-19T05:57:12Z,95.00
2020-09-19T06:02:06Z,95.00
2020-09-19T06:07:02Z,95.00
2020-09-19T06:12:11Z,94.00
2020-09-19T06:17:05Z,93.00
2020-09-19T06:22:00Z,93.00
2020-09-19T06:27:10Z,93.00
2020-09-19T06:32:05Z,93.00
2020-09-19T06:37:00Z,92.00
2020-09-19T06:42:10Z,92.00
2020-09-19T06:47:05Z,92.00
2020-09-19T06:51:59Z,92.00
2020-09-19T06:57:08Z,92.00
2020-09-19T07:02:03Z,92.00
2020-09-19T07:06:58Z,92.00
2020-09-19T07:12:07Z,91.00
2020-09-19T07:17:04Z,91.00
2020-09-19T07:21:58Z,91.00
2020-09-19T07:27:08Z,89.00
2020-09-19T07:32:03Z,90.00
2020-09-19T07:36:57Z,89.00
2020-09-19T07:42:07Z,89.00
2020-09-19T07:47:02Z,88.00
2020-09-19T07:51:57Z,88.00
2020-09-19T07:57:07Z,87.00
2020-09-19T08:02:03Z,85.00
2020-09-19T08:06:58Z,85.00
2020-09-19T08:12:08Z,85.00
2020-09-19T08:17:02Z,86.00
2020-09-19T08:21:56Z,86.00
2020-09-19T08:27:06Z,86.00
2020-09-19T08:32:01Z,85.00
2020-09-19T08:36:56Z,85.00
2020-09-19T08:42:05Z,86.00
2020-09-19T08:47:01Z,75.00
2020-09-19T08:52:00Z,73.00
2020-09-19T08:56:56Z,75.00
2020-09-19T09:02:07Z,77.00
2020-09-19T09:07:02Z,79.00
2020-09-19T09:11:56Z,80.00
2020-09-19T09:17:05Z,82.00
2020-09-19T09:22:00Z,79.00
2020-09-19T09:26:55Z,79.00
2020-09-19T09:32:06Z,76.00
2020-09-19T09:37:01Z,74.00
2020-09-19T09:41:56Z,75.00
2020-09-19T09:46:52Z,76.00
2020-09-19T09:52:02Z,79.00
2020-09-19T09:56:57Z,82.00
2020-09-19T10:01:52Z,83.00
2020-09-19T10:07:02Z,83.00
2020-09-19T10:11:56Z,82.00
2020-09-19T10:16:52Z,78.00
2020-09-19T10:22:03Z,78.00
2020-09-19T10:26:58Z,78.00
2020-09-19T10:31:52Z,80.00
2020-09-19T10:37:02Z,83.00
2020-09-19T10:41:57Z,82.00
2020-09-19T10:46:52Z,79.00
2020-09-19T10:52:03Z,74.00
2020-09-19T10:56:57Z,74.00
2020-09-19T11:01:53Z,76.00
2020-09-19T11:06:48Z,76.00
2020-09-19T11:11:58Z,74.00
2020-09-19T11:16:54Z,73.00
2020-09-19T11:21:50Z,75.00
2020-09-19T11:27:00Z,76.00
2020-09-19T11:31:54Z,71.00
2020-09-19T11:36:50Z,70.00
2020-09-19T11:41:59Z,70.00
2020-09-19T11:46:54Z,68.00
2020-09-19T11:51:49Z,69.00
2020-09-19T11:56:59Z,69.00
2020-09-19T12:01:53Z,69.00
2020-09-19T12:06:48Z,68.00
2020-09-19T12:11:58Z,69.00
2020-09-19T12:16:54Z,68.00
2020-09-19T12:21:48Z,68.00
2020-09-19T12:26:58Z,67.00
2020-09-19T12:31:53Z,68.00
2020-09-19T12:36:47Z,67.00
2020-09-19T12:41:57Z,66.00
2020-09-19T12:46:52Z,66.00
2020-09-19T12:51:47Z,66.00
2020-09-19T12:56:57Z,67.00
2020-09-19T13:01:52Z,68.00
2020-09-19T13:06:47Z,69.00
2020-09-19T13:11:57Z,66.00
2020-09-19T13:16:53Z,65.00
2020-09-19T13:21:48Z,66.00
2020-09-19T13:26:43Z,66.00
2020-09-19T13:31:52Z,68.00
2020-09-19T13:36:47Z,73.00
2020-09-19T13:41:42Z,76.00
2020-09-19T13:46:52Z,75.00
2020-09-19T13:51:47Z,73.00
2020-09-19T13:56:42Z,73.00
2020-09-19T14:01:52Z,74.00
2020-09-19T14:06:48Z,76.00
2020-09-19T14:11:35Z,75.00
2020-09-19T14:16:43Z,77.00
2020-09-19T14:21:53Z,75.00
2020-09-19T14:26:49Z,75.00
2020-09-19T14:31:44Z,74.00
2020-09-19T14:36:53Z,73.00
2020-09-19T14:41:49Z,72.00
2020-09-19T14:46:44Z,72.00
2020-09-19T14:51:53Z,74.00
2020-09-19T14:56:48Z,75.00
2020-09-19T15:01:43Z,76.00
2020-09-19T15:06:53Z,76.00
2020-09-19T15:11:48Z,75.00
2020-09-19T15:16:44Z,75.00
2020-09-19T15:21:39Z,75.00
2020-09-19T15:26:50Z,73.00
2020-09-19T15:31:45Z,73.00
2020-09-19T15:36:41Z,73.00
2020-09-19T15:41:52Z,70.00
2020-09-19T15:46:38Z,70.00
2020-09-19T15:51:48Z,70.00
2020-09-19T15:56:42Z,69.00
2020-09-19T16:01:38Z,70.00
2020-09-19T16:06:49Z,70.00
2020-09-19T16:11:43Z,70.00
2020-09-19T16:16:38Z,69.00
2020-09-19T16:21:48Z,69.00
2020-09-19T16:26:44Z,71.00
2020-09-19T16:31:39Z,70.00
2020-09-19T16:36:50Z,70.00
2020-09-19T16:41:44Z,71.00
2020-09-19T16:46:39Z,70.00
2020-09-19T16:51:50Z,70.00
2020-09-19T16:56:45Z,69.00
2020-09-19T17:01:39Z,70.00
2020-09-19T17:06:49Z,69.00
2020-09-19T17:11:44Z,69.00
2020-09-19T17:16:39Z,70.00
2020-09-19T17:21:34Z,69.00
2020-09-19T17:26:44Z,68.00
2020-09-19T17:31:39Z,69.00
2020-09-19T17:36:34Z,68.00
2020-09-19T17:41:44Z,67.00
2020-09-19T17:46:39Z,67.00
2020-09-19T17:51:34Z,68.00
2020-09-19T17:56:44Z,68.00
2020-09-19T18:01:39Z,69.00
2020-09-19T18:06:34Z,69.00
2020-09-19T18:11:44Z,69.00
2020-09-19T18:16:39Z,69.00
2020-09-19T18:21:34Z,69.00
2020-09-19T18:26:44Z,69.00
2020-09-19T18:31:38Z,69.00
2020-09-19T18:36:33Z,71.00
2020-09-19T18:41:43Z,69.00
2020-09-19T18:46:38Z,69.00
2020-09-19T18:51:32Z,69.00
2020-09-19T18:56:41Z,69.00
2020-09-19T19:01:36Z,70.00
2020-09-19T19:06:30Z,70.00
2020-09-19T19:11:40Z,70.00
2020-09-19T19:16:35Z,70.00
2020-09-19T19:21:29Z,69.00
2020-09-19T19:26:39Z,70.00
2020-09-19T19:31:35Z,70.00
2020-09-19T19:36:29Z,70.00
2020-09-19T19:41:39Z,70.00
2020-09-19T19:46:34Z,70.00
2020-09-19T19:51:29Z,70.00
2020-09-19T19:56:39Z,70.00
2020-09-19T20:01:33Z,69.00
2020-09-19T20:06:28Z,72.00
2020-09-19T20:11:37Z,73.00
2020-09-19T20:16:32Z,72.00
2020-09-19T20:21:41Z,73.00
2020-09-19T20:26:36Z,73.00
2020-09-19T20:31:30Z,73.00
2020-09-19T20:36:40Z,72.00
2020-09-19T20:41:35Z,70.00
2020-09-19T20:46:30Z,69.00
2020-09-19T20:51:39Z,69.00
2020-09-19T20:56:34Z,70.00
2020-09-19T21:01:29Z,69.00
2020-09-19T21:06:39Z,70.00
2020-09-19T21:11:35Z,70.00
2020-09-19T21:16:35Z,70.00
2020-09-19T21:21:30Z,70.00
2020-09-19T21:26:40Z,70.00
2020-09-19T21:31:31Z,70.00
2020-09-19T21:36:27Z,70.00
2020-09-19T21:41:43Z,70.00
2020-09-19T21:46:59Z,70.00
2020-09-19T21:51:41Z,70.00
2020-09-19T21:56:42Z,70.00
2020-09-19T22:01:37Z,72.00
2020-09-19T22:06:32Z,72.00
2020-09-19T22:11:27Z,74.00
2020-09-19T22:16:24Z,75.00
2020-09-19T22:21:57Z,76.00
2020-09-19T22:26:27Z,75.00
2020-09-19T22:31:31Z,75.00
2020-09-19T22:36:28Z,75.00
2020-09-19T22:41:31Z,75.00
2020-09-19T22:46:29Z,74.00
2020-09-19T22:51:30Z,74.00
2020-09-19T22:56:28Z,74.00
2020-09-19T23:01:31Z,74.00
2020-09-19T23:06:28Z,74.00
2020-09-19T23:11:30Z,73.00
2020-09-19T23:16:48Z,73.00
2020-09-19T23:21:29Z,74.00
2020-09-19T23:26:37Z,74.00
2020-09-19T23:31:32Z,74.00
2020-09-19T23:36:34Z,73.00
2020-09-19T23:41:31Z,73.00
2020-09-19T23:46:29Z,73.00
2020-09-19T23:51:25Z,73.00
2020-09-19T23:56:22Z,73.00
2020-09-20T00:01:33Z,72.00
2020-09-20T00:06:28Z,72.00
2020-09-20T00:11:30Z,72.00
2020-09-20T00:16:30Z,73.00
2020-09-20T00:21:30Z,73.00
2020-09-20T00:26:28Z,73.00
2020-09-20T00:31:28Z,74.00
2020-09-20T00:36:29Z,74.00
2020-09-20T00:41:30Z,74.00
2020-09-20T00:46:21Z,75.00
2020-09-20T00:51:32Z,75.00
2020-09-20T00:56:27Z,75.00
2020-09-20T01:01:30Z,75.00
2020-09-20T01:06:32Z,76.00
2020-09-20T01:11:17Z,75.00
2020-09-20T01:16:27Z,76.00
2020-09-20T01:21:59Z,76.00
2020-09-20T01:26:17Z,76.00
2020-09-20T01:31:29Z,76.00
2020-09-20T01:36:28Z,76.00
2020-09-20T01:41:27Z,76.00
2020-09-20T01:46:33Z,75.00
2020-09-20T01:51:29Z,75.00
2020-09-20T01:56:16Z,76.00
2020-09-20T02:01:31Z,75.00
2020-09-20T02:06:27Z,75.00
2020-09-20T02:11:28Z,74.00
2020-09-20T02:16:28Z,73.00
2020-09-20T02:21:16Z,73.00
2020-09-20T02:26:25Z,74.00
2020-09-20T02:31:21Z,74.00
2020-09-20T02:36:16Z,74.00
2020-09-20T02:41:32Z,73.00
2020-09-20T02:46:26Z,72.00
2020-09-20T02:51:53Z,73.00
2020-09-20T02:56:18Z,73.00
2020-09-20T03:01:18Z,73.00
2020-09-20T03:06:10Z,73.00
2020-09-20T03:11:23Z,73.00
2020-09-20T03:16:30Z,73.00
2020-09-20T03:21:18Z,73.00
2020-09-20T03:26:15Z,73.00
2020-09-20T03:31:30Z,72.00
2020-09-20T03:36:18Z,73.00
2020-09-20T03:41:13Z,74.00
2020-09-20T03:46:30Z,75.00
2020-09-20T03:51:15Z,77.00
2020-09-20T03:56:26Z,78.00
2020-09-20T04:01:25Z,78.00
2020-09-20T04:06:25Z,78.00
2020-09-20T04:11:20Z,79.00
2020-09-20T04:16:14Z,80.00
2020-09-20T04:21:29Z,81.00
2020-09-20T04:26:12Z,82.00
2020-09-20T04:31:28Z,84.00
2020-09-20T04:36:12Z,84.00
2020-09-20T04:41:28Z,85.00
2020-09-20T04:46:21Z,86.00
2020-09-20T04:51:17Z,87.00
2020-09-20T04:56:17Z,88.00
2020-09-20T05:01:17Z,88.00
2020-09-20T05:06:17Z,88.00
2020-09-20T05:11:12Z,88.00
2020-09-20T05:16:29Z,90.00
2020-09-20T05:21:14Z,91.00
2020-09-20T05:26:15Z,92.00
2020-09-20T05:31:15Z,93.00
2020-09-20T05:36:16Z,93.00
2020-09-20T05:41:16Z,93.00
2020-09-20T05:46:16Z,94.00
2020-09-20T05:51:15Z,95.00
2020-09-20T05:56:16Z,95.00
2020-09-20T06:01:16Z,95.00
2020-09-20T06:06:16Z,95.00
2020-09-20T06:11:16Z,96.00
2020-09-20T06:16:11Z,96.00
2020-09-20T06:21:16Z,96.00
2020-09-20T06:26:16Z,97.00
2020-09-20T06:31:16Z,95.00
2020-09-20T06:36:16Z,95.00
2020-09-20T06:41:16Z,95.00
2020-09-20T06:46:12Z,95.00
2020-09-20T06:51:17Z,95.00
2020-09-20T06:56:17Z,95.00
2020-09-20T07:01:15Z,95.00
2020-09-20T07:06:16Z,95.00
2020-09-20T07:11:16Z,95.00
2020-09-20T07:16:17Z,95.00
2020-09-20T07:21:17Z,95.00
2020-09-20T07:26:16Z,95.00
2020-09-20T07:31:16Z,95.00
2020-09-20T07:36:13Z,95.00
2020-09-20T07:41:15Z,95.00
2020-09-20T07:46:13Z,95.00
2020-09-20T07:51:14Z,95.00
2020-09-20T07:56:11Z,95.00
2020-09-20T08:01:06Z,95.00
2020-09-20T08:06:16Z,95.00
2020-09-20T08:11:12Z,95.00
2020-09-20T08:16:13Z,95.00
2020-09-20T08:21:17Z,95.00
2020-09-20T08:26:15Z,95.00
2020-09-20T08:31:14Z,95.00
2020-09-20T08:36:16Z,95.00
2020-09-20T08:41:12Z,95.00
2020-09-20T08:46:16Z,95.00
2020-09-20T08:51:16Z,95.00
2020-09-20T08:56:17Z,95.00
2020-09-20T09:01:13Z,95.00
2020-09-20T09:06:08Z,95.00
2020-09-20T09:11:03Z,95.00
2020-09-20T09:16:18Z,95.00
2020-09-20T09:20:59Z,95.00
2020-09-20T09:26:05Z,95.00
2020-09-20T09:31:13Z,95.00
2020-09-20T09:36:15Z,95.00
2020-09-20T09:41:14Z,95.00
2020-09-20T09:46:17Z,95.00
2020-09-20T09:51:13Z,95.00
2020-09-20T09:56:14Z,95.00
2020-09-20T10:01:14Z,95.00
2020-09-20T10:06:13Z,95.00
2020-09-20T10:11:09Z,95.00
2020-09-20T10:16:05Z,95.00
2020-09-20T10:20:59Z,95.00
2020-09-20T10:26:13Z,95.00
2020-09-20T10:31:13Z,95.00
2020-09-20T10:36:13Z,95.00
2020-09-20T10:41:35Z,95.00
2020-09-20T10:46:00Z,95.00
2020-09-20T10:51:14Z,95.00
2020-09-20T10:56:02Z,95.00
2020-09-20T11:01:01Z,95.00
2020-09-20T11:06:00Z,95.00
2020-09-20T11:10:58Z,95.00
2020-09-20T11:15:58Z,95.00
2020-09-20T11:21:02Z,95.00
2020-09-20T11:25:59Z,95.00
2020-09-20T11:30:58Z,95.00
2020-09-20T11:35:58Z,95.00
2020-09-20T11:40:59Z,95.00
2020-09-20T11:46:01Z,95.00
2020-09-20T11:50:59Z,95.00
2020-09-20T11:56:00Z,95.00
2020-09-20T12:00:59Z,95.00
2020-09-20T12:06:01Z,95.00
2020-09-20T12:10:57Z,95.00
2020-09-20T12:16:03Z,95.00
2020-09-20T12:21:00Z,95.00
2020-09-20T12:26:18Z,95.00
2020-09-20T12:31:27Z,95.00
2020-09-20T12:36:00Z,94.00
2020-09-20T12:41:10Z,92.00
2020-09-20T12:46:28Z,91.00
2020-09-20T12:51:58Z,90.00
2020-09-20T12:56:54Z,90.00
2020-09-20T13:01:01Z,87.00
2020-09-20T13:05:57Z,88.00
2020-09-20T13:10:58Z,86.00
2020-09-20T13:16:01Z,87.00
2020-09-20T13:21:02Z,86.00
2020-09-20T13:25:57Z,86.00
2020-09-20T13:30:56Z,84.00
2020-09-20T13:36:14Z,83.00
2020-09-20T13:41:02Z,83.00
2020-09-20T13:46:25Z,82.00
2020-09-20T13:51:03Z,80.00
2020-09-20T13:56:03Z,81.00
2020-09-20T14:01:18Z,79.00
2020-09-20T14:06:21Z,79.00
2020-09-20T14:11:06Z,79.00
2020-09-20T14:16:02Z,78.00
2020-09-20T14:20:57Z,77.00
2020-09-20T14:26:01Z,75.00
2020-09-20T14:30:58Z,77.00
2020-09-20T14:36:00Z,77.00
2020-09-20T14:41:01Z,77.00
2020-09-20T14:46:02Z,76.00
2020-09-20T14:50:50Z,76.00
2020-09-20T14:56:02Z,76.00
2020-09-20T15:00:48Z,77.00
2020-09-20T15:05:59Z,78.00
2020-09-20T15:10:51Z,79.00
2020-09-20T15:15:48Z,80.00
2020-09-20T15:21:10Z,82.00
2020-09-20T15:25:49Z,83.00
2020-09-20T15:31:01Z,84.00
2020-09-20T15:36:05Z,84.00
2020-09-20T15:40:45Z,85.00
2020-09-20T15:45:56Z,84.00
2020-09-20T15:50:51Z,85.00
2020-09-20T15:55:45Z,85.00
2020-09-20T16:00:55Z,85.00
2020-09-20T16:05:50Z,84.00
2020-09-20T16:10:45Z,85.00
2020-09-20T16:16:00Z,83.00
2020-09-20T16:20:57Z,82.00
2020-09-20T16:26:00Z,81.00
2020-09-20T16:30:58Z,82.00
2020-09-20T16:36:02Z,81.00
2020-09-20T16:41:03Z,79.00
2020-09-20T16:45:43Z,80.00
2020-09-20T16:50:58Z,80.00
2020-09-20T16:56:01Z,81.00
2020-09-20T17:00:46Z,82.00
2020-09-20T17:05:58Z,83.00
2020-09-20T17:11:03Z,81.00
2020-09-20T17:15:43Z,81.00
2020-09-20T17:20:58Z,80.00
2020-09-20T17:26:00Z,79.00
2020-09-20T17:30:46Z,79.00
2020-09-20T17:35:57Z,80.00
2020-09-20T17:40:48Z,77.00
2020-09-20T17:45:45Z,78.00
2020-09-20T17:50:59Z,78.00
2020-09-20T17:55:46Z,78.00
2020-09-20T18:00:44Z,79.00
2020-09-20T18:06:01Z,78.00
2020-09-20T18:10:50Z,78.00
2020-09-20T18:15:51Z,78.00
2020-09-20T18:20:46Z,79.00
2020-09-20T18:25:44Z,79.00
2020-09-20T18:30:59Z,79.00
2020-09-20T18:35:45Z,79.00
2020-09-20T18:40:52Z,79.00
2020-09-20T18:45:46Z,79.00
2020-09-20T18:50:43Z,79.00
2020-09-20T18:55:55Z,79.00
2020-09-20T19:00:51Z,79.00
2020-09-20T19:05:50Z,79.00
2020-09-20T19:10:47Z,78.00
2020-09-20T19:15:47Z,79.00
2020-09-20T19:20:45Z,79.00
2020-09-20T19:26:02Z,79.00
2020-09-20T19:30:51Z,79.00
2020-09-20T19:35:46Z,79.00
2020-09-20T19:40:49Z,80.00
2020-09-20T19:45:47Z,80.00
2020-09-20T19:50:45Z,80.00
2020-09-20T19:55:45Z,80.00
2020-09-20T20:00:43Z,79.00
2020-09-20T20:05:44Z,79.00
2020-09-20T20:10:44Z,80.00
2020-09-20T20:15:45Z,80.00
2020-09-20T20:21:03Z,80.00
2020-09-20T20:25:46Z,79.00
2020-09-20T20:30:46Z,79.00
2020-09-20T20:35:43Z,78.00
2020-09-20T20:40:46Z,77.00
2020-09-20T20:45:42Z,77.00
2020-09-20T20:50:47Z,77.00
2020-09-20T20:55:45Z,78.00
2020-09-20T21:00:47Z,78.00
2020-09-20T21:05:48Z,78.00
2020-09-20T21:10:55Z,78.00
2020-09-20T21:16:06Z,78.00
2020-09-20T21:20:49Z,78.00
2020-09-20T21:26:07Z,78.00
2020-09-20T21:30:43Z,78.00
2020-09-20T21:35:43Z,78.00
2020-09-20T21:40:40Z,79.00
2020-09-20T21:45:42Z,79.00
2020-09-20T21:51:08Z,78.00
2020-09-20T21:56:03Z,77.00
2020-09-20T22:00:44Z,79.00
2020-09-20T22:05:47Z,79.00
2020-09-20T22:10:49Z,79.00
2020-09-20T22:15:48Z,79.00
2020-09-20T22:20:46Z,79.00
2020-09-20T22:25:44Z,79.00
2020-09-20T22:30:41Z,80.00
2020-09-20T22:35:46Z,80.00
2020-09-20T22:40:47Z,81.00
2020-09-20T22:45:43Z,80.00
2020-09-20T22:50:38Z,81.00
2020-09-20T22:55:36Z,82.00
2020-09-20T23:00:31Z,83.00
2020-09-20T23:05:43Z,84.00
2020-09-20T23:10:44Z,84.00
2020-09-20T23:15:45Z,84.00
2020-09-20T23:20:46Z,84.00
2020-09-20T23:25:36Z,82.00
2020-09-20T23:30:38Z,78.00
2020-09-20T23:35:33Z,76.00
2020-09-20T23:40:48Z,74.00
2020-09-20T23:45:29Z,74.00
2020-09-20T23:50:33Z,73.00
2020-09-20T23:55:35Z,73.00
2020-09-21T00:00:30Z,72.00
2020-09-21T00:05:31Z,70.00
2020-09-21T00:10:46Z,69.00
2020-09-21T00:15:47Z,68.00
2020-09-21T00:20:27Z,69.00
2020-09-21T00:25:46Z,69.00
2020-09-21T00:30:32Z,69.00
2020-09-21T00:35:28Z,68.00
2020-09-21T00:40:31Z,68.00
2020-09-21T00:45:32Z,68.00
2020-09-21T00:50:46Z,68.00
2020-09-21T00:55:30Z,68.00
2020-09-21T01:00:30Z,68.00
2020-09-21T01:05:29Z,68.00
2020-09-21T01:10:35Z,68.00
2020-09-21T01:15:32Z,67.00
2020-09-21T01:20:28Z,67.00
2020-09-21T01:25:43Z,67.00
2020-09-21T01:30:46Z,68.00
2020-09-21T01:35:31Z,70.00
2020-09-21T01:40:32Z,69.00
2020-09-21T01:45:28Z,68.00
2020-09-21T01:50:31Z,68.00
2020-09-21T01:55:28Z,67.00
2020-09-21T02:00:32Z,67.00
2020-09-21T02:05:32Z,68.00
2020-09-21T02:10:33Z,65.00
2020-09-21T02:15:32Z,65.00
2020-09-21T02:20:28Z,65.00
2020-09-21T02:25:32Z,64.00
2020-09-21T02:30:30Z,64.00
2020-09-21T02:35:30Z,65.00
2020-09-21T02:40:30Z,65.00
2020-09-21T02:45:34Z,64.00
2020-09-21T02:50:34Z,67.00
2020-09-21T02:55:30Z,68.00
2020-09-21T03:00:29Z,68.00
2020-09-21T03:05:33Z,67.00
2020-09-21T03:10:33Z,64.00
2020-09-21T03:15:28Z,65.00
2020-09-21T03:20:31Z,65.00
2020-09-21T03:25:49Z,66.00
2020-09-21T03:30:35Z,68.00
2020-09-21T03:35:45Z,69.00
2020-09-21T03:40:35Z,70.00
2020-09-21T03:45:43Z,70.00
2020-09-21T03:50:23Z,71.00
2020-09-21T03:55:37Z,71.00
2020-09-21T04:00:47Z,71.00
2020-09-21T04:05:21Z,72.00
2020-09-21T04:10:25Z,72.00
2020-09-21T04:15:25Z,73.00
2020-09-21T04:20:20Z,73.00
2020-09-21T04:25:35Z,73.00
2020-09-21T04:30:53Z,73.00
2020-09-21T04:35:27Z,74.00
2020-09-21T04:40:26Z,74.00
2020-09-21T04:45:32Z,73.00
2020-09-21T04:50:28Z,74.00
2020-09-21T04:55:29Z,74.00
2020-09-21T05:00:32Z,73.00
2020-09-21T05:05:29Z,74.00
2020-09-21T05:10:33Z,74.00
2020-09-21T05:15:18Z,74.00
2020-09-21T05:20:29Z,74.00
2020-09-21T05:25:29Z,74.00
2020-09-21T05:30:34Z,74.00
2020-09-21T05:35:29Z,76.00
2020-09-21T05:40:27Z,76.00
2020-09-21T05:45:29Z,76.00
2020-09-21T05:50:30Z,76.00
2020-09-21T05:55:31Z,77.00
2020-09-21T06:00:16Z,76.00
2020-09-21T06:05:32Z,77.00
2020-09-21T06:10:28Z,78.00
2020-09-21T06:15:30Z,79.00
2020-09-21T06:20:15Z,80.00
2020-09-21T06:25:31Z,80.00
2020-09-21T06:30:27Z,80.00
2020-09-21T06:35:30Z,82.00
2020-09-21T06:40:26Z,83.00
2020-09-21T06:45:22Z,83.00
2020-09-21T06:50:18Z,84.00
2020-09-21T06:55:19Z,84.00
2020-09-21T07:00:14Z,85.00
2020-09-21T07:05:29Z,86.00
2020-09-21T07:10:19Z,87.00
2020-09-21T07:15:20Z,88.00
2020-09-21T07:20:21Z,88.00
2020-09-21T07:25:22Z,88.00
2020-09-21T07:30:18Z,89.00
2020-09-21T07:35:18Z,89.00
2020-09-21T07:40:18Z,89.00
2020-09-21T07:45:15Z,89.00
2020-09-21T07:50:13Z,89.00
2020-09-21T07:55:29Z,91.00
2020-09-21T08:00:16Z,92.00
2020-09-21T08:05:20Z,93.00
2020-09-21T08:10:20Z,94.00
2020-09-21T08:15:19Z,95.00
2020-09-21T08:20:17Z,95.00
2020-09-21T08:25:20Z,95.00
2020-09-21T08:30:17Z,96.00
2020-09-21T08:35:17Z,95.00
2020-09-21T08:40:17Z,95.00
2020-09-21T08:45:24Z,95.00
2020-09-21T08:50:20Z,95.00
2020-09-21T08:55:17Z,94.00
2020-09-21T09:00:18Z,93.00
2020-09-21T09:05:19Z,92.00
2020-09-21T09:10:20Z,91.00
2020-09-21T09:15:19Z,90.00
2020-09-21T09:20:21Z,83.00
2020-09-21T09:25:38Z,75.00
2020-09-21T09:30:18Z,72.00
2020-09-21T09:35:19Z,70.00
2020-09-21T09:40:19Z,70.00
2020-09-21T09:45:17Z,68.00
2020-09-21T09:50:21Z,69.00
2020-09-21T09:55:19Z,70.00
2020-09-21T10:00:19Z,72.00
2020-09-21T10:05:17Z,72.00
2020-09-21T10:10:16Z,72.00
2020-09-21T10:15:23Z,73.00
2020-09-21T10:20:25Z,73.00
2020-09-21T10:25:28Z,73.00
2020-09-21T10:30:38Z,70.00
2020-09-21T10:35:34Z,70.00
2020-09-21T10:40:17Z,73.00
2020-09-21T10:45:17Z,73.00
2020-09-21T10:50:21Z,71.00
2020-09-21T10:55:15Z,70.00
2020-09-21T11:00:31Z,73.00
2020-09-21T11:05:17Z,72.00
2020-09-21T11:10:15Z,73.00
2020-09-21T11:15:21Z,71.00
2020-09-21T11:20:16Z,70.00
2020-09-21T11:25:20Z,70.00
2020-09-21T11:30:15Z,69.00
2020-09-21T11:35:16Z,68.00
2020-09-21T11:40:15Z,67.00
2020-09-21T11:45:15Z,67.00
2020-09-21T11:50:19Z,66.00
2020-09-21T11:55:23Z,68.00
2020-09-21T12:00:17Z,67.00
2020-09-21T12:05:15Z,67.00
2020-09-21T12:10:15Z,67.00
2020-09-21T12:15:15Z,67.00
2020-09-21T12:20:16Z,65.00
2020-09-21T12:25:17Z,64.00
2020-09-21T12:30:18Z,66.00
2020-09-21T12:35:19Z,65.00
2020-09-21T12:40:38Z,64.00
2020-09-21T12:45:36Z,65.00
2020-09-21T12:50:19Z,66.00
2020-09-21T12:55:32Z,67.00
2020-09-21T13:00:10Z,68.00
2020-09-21T13:05:05Z,70.00
2020-09-21T13:10:02Z,71.00
2020-09-21T13:15:14Z,71.00
2020-09-21T13:20:11Z,71.00
2020-09-21T13:25:06Z,71.00
2020-09-21T13:30:01Z,70.00
2020-09-21T13:35:11Z,71.00
2020-09-21T13:40:07Z,69.00
2020-09-21T13:45:03Z,70.00
2020-09-21T13:49:59Z,70.00
2020-09-21T13:55:10Z,69.00
2020-09-21T14:00:05Z,70.00
2020-09-21T14:05:00Z,72.00
2020-09-21T14:10:11Z,73.00
2020-09-21T14:15:08Z,76.00
2020-09-21T14:20:03Z,76.00
2020-09-21T14:24:59Z,75.00
2020-09-21T14:30:12Z,75.00
2020-09-21T14:35:10Z,74.00
2020-09-21T14:40:07Z,76.00
2020-09-21T14:45:02Z,76.00
2020-09-21T14:49:59Z,73.00
2020-09-21T14:55:11Z,73.00
2020-09-21T15:00:06Z,73.00
2020-09-21T15:05:02Z,72.00
2020-09-21T15:09:58Z,71.00
2020-09-21T15:15:10Z,71.00
2020-09-21T15:20:15Z,71.00
2020-09-21T15:24:56Z,69.00
2020-09-21T15:30:06Z,69.00
2020-09-21T15:35:01Z,70.00
2020-09-21T15:39:57Z,74.00
2020-09-21T15:45:07Z,77.00
2020-09-21T15:50:07Z,79.00
2020-09-21T15:55:03Z,79.00
2020-09-21T15:59:59Z,78.00
2020-09-21T16:04:55Z,79.00
2020-09-21T16:10:08Z,78.00
2020-09-21T16:15:05Z,79.00
2020-09-21T16:20:01Z,79.00
2020-09-21T16:24:57Z,77.00
2020-09-21T16:29:55Z,76.00
2020-09-21T16:35:11Z,76.00
2020-09-21T16:39:51Z,76.00
2020-09-21T16:44:58Z,74.00
2020-09-21T16:49:55Z,74.00
2020-09-21T16:55:12Z,75.00
2020-09-21T16:59:52Z,75.00
2020-09-21T17:05:05Z,75.00
2020-09-21T17:10:01Z,76.00
2020-09-21T17:14:57Z,76.00
2020-09-21T17:19:52Z,75.00
2020-09-21T17:25:03Z,74.00
2020-09-21T17:29:59Z,74.00
2020-09-21T17:34:54Z,76.00
2020-09-21T17:39:49Z,76.00
2020-09-21T17:44:59Z,76.00
2020-09-21T17:49:55Z,77.00
2020-09-21T17:54:51Z,76.00
2020-09-21T18:00:01Z,78.00
2020-09-21T18:04:58Z,77.00
2020-09-21T18:09:53Z,77.00
2020-09-21T18:14:49Z,77.00
2020-09-21T18:20:00Z,76.00
2020-09-21T18:24:55Z,77.00
2020-09-21T18:29:51Z,76.00
2020-09-21T18:35:02Z,79.00
2020-09-21T18:39:58Z,81.00
2020-09-21T18:44:54Z,83.00
2020-09-21T18:49:49Z,84.00
2020-09-21T18:55:01Z,84.00
2020-09-21T18:59:57Z,85.00
2020-09-21T19:04:53Z,86.00
2020-09-21T19:09:48Z,86.00
2020-09-21T19:14:59Z,86.00
2020-09-21T19:19:54Z,86.00
2020-09-21T19:24:51Z,86.00
2020-09-21T19:29:46Z,85.00
2020-09-21T19:34:57Z,85.00
2020-09-21T19:39:52Z,85.00
2020-09-21T19:44:48Z,84.00
2020-09-21T19:49:59Z,84.00
2020-09-21T19:54:54Z,84.00
2020-09-21T19:59:51Z,84.00
2020-09-21T20:04:47Z,84.00
2020-09-21T20:09:57Z,84.00
2020-09-21T20:14:53Z,85.00
2020-09-21T20:19:49Z,85.00
2020-09-21T20:24:44Z,86.00
2020-09-21T20:29:55Z,86.00
2020-09-21T20:34:50Z,86.00
2020-09-21T20:39:45Z,86.00
2020-09-21T20:44:57Z,85.00
2020-09-21T20:49:52Z,84.00
2020-09-21T20:54:48Z,84.00
2020-09-21T20:59:43Z,84.00
2020-09-21T21:04:54Z,84.00
2020-09-21T21:09:49Z,83.00
2020-09-21T21:14:45Z,83.00
2020-09-21T21:19:56Z,84.00
2020-09-21T21:24:53Z,84.00
2020-09-21T21:29:48Z,84.00
2020-09-21T21:34:42Z,84.00
2020-09-21T21:39:53Z,85.00
2020-09-21T21:44:49Z,85.00
2020-09-21T21:49:44Z,85.00
2020-09-21T21:54:56Z,85.00
2020-09-21T21:59:52Z,85.00
2020-09-21T22:04:47Z,85.00
2020-09-21T22:09:48Z,85.00
2020-09-21T22:14:44Z,84.00
2020-09-21T22:19:40Z,82.00
2020-09-21T22:24:50Z,83.00
2020-09-21T22:29:46Z,84.00
2020-09-21T22:34:43Z,84.00
2020-09-21T22:39:54Z,85.00
2020-09-21T22:44:50Z,85.00
2020-09-21T22:49:46Z,86.00
2020-09-21T22:54:47Z,86.00
2020-09-21T22:59:44Z,86.00
2020-09-21T23:04:40Z,87.00
2020-09-21T23:09:50Z,88.00
2020-09-21T23:14:56Z,88.00
2020-09-21T23:20:00Z,88.00
2020-09-21T23:24:45Z,88.00
2020-09-21T23:29:48Z,88.00
2020-09-21T23:34:52Z,88.00
2020-09-21T23:39:48Z,88.00
2020-09-21T23:44:52Z,88.00
2020-09-21T23:49:54Z,88.00
2020-09-21T23:54:49Z,88.00
2020-09-21T23:59:57Z,88.00
2020-09-22T00:04:47Z,88.00
2020-09-22T00:09:46Z,88.00
2020-09-22T00:14:46Z,88.00
2020-09-22T00:19:46Z,86.00
2020-09-22T00:24:43Z,86.00
2020-09-22T00:29:41Z,85.00
2020-09-22T00:34:50Z,84.00
2020-09-22T00:39:47Z,85.00
2020-09-22T00:44:43Z,84.00
2020-09-22T00:49:41Z,84.00
2020-09-22T00:54:37Z,84.00
2020-09-22T00:59:34Z,84.00
2020-09-22T01:04:35Z,85.00
2020-09-22T01:09:46Z,86.00
2020-09-22T01:14:41Z,86.00
2020-09-22T01:19:38Z,86.00
2020-09-22T01:24:33Z,86.00
2020-09-22T01:29:34Z,87.00
2020-09-22T01:34:44Z,87.00
2020-09-22T01:39:40Z,88.00
2020-09-22T01:44:35Z,88.00
2020-09-22T01:49:46Z,88.00
2020-09-22T01:54:47Z,88.00
2020-09-22T01:59:43Z,88.00
2020-09-22T02:04:48Z,88.00
2020-09-22T02:09:49Z,88.00
2020-09-22T02:14:50Z,89.00
2020-09-22T02:19:36Z,88.00
2020-09-22T02:24:32Z,88.00
2020-09-22T02:29:34Z,88.00
2020-09-22T02:34:50Z,88.00
2020-09-22T02:39:40Z,89.00
2020-09-22T02:44:37Z,88.00
2020-09-22T02:49:33Z,89.00
2020-09-22T02:54:33Z,89.00
2020-09-22T02:59:35Z,89.00
2020-09-22T03:04:30Z,88.00
2020-09-22T03:09:35Z,88.00
2020-09-22T03:14:32Z,89.00
2020-09-22T03:19:35Z,89.00
2020-09-22T03:24:31Z,88.00
2020-09-22T03:29:35Z,88.00
2020-09-22T03:34:36Z,88.00
2020-09-22T03:39:37Z,88.00
2020-09-22T03:44:33Z,88.00
2020-09-22T03:49:35Z,87.00
2020-09-22T03:54:51Z,87.00
2020-09-22T03:59:31Z,86.00
2020-09-22T04:04:33Z,87.00
2020-09-22T04:09:41Z,86.00
2020-09-22T04:14:37Z,86.00
2020-09-22T04:19:33Z,86.00
2020-09-22T04:24:34Z,85.00
2020-09-22T04:29:36Z,85.00
2020-09-22T04:34:39Z,84.00
2020-09-22T04:39:52Z,84.00
2020-09-22T04:44:33Z,84.00
2020-09-22T04:49:29Z,85.00
2020-09-22T04:54:30Z,85.00
2020-09-22T04:59:40Z,86.00
2020-09-22T05:04:37Z,86.00
2020-09-22T05:09:34Z,86.00
2020-09-22T05:14:34Z,86.00
2020-09-22T05:19:35Z,86.00
2020-09-22T05:24:35Z,85.00
2020-09-22T05:29:32Z,85.00
2020-09-22T05:34:32Z,84.00
2020-09-22T05:39:34Z,84.00
2020-09-22T05:44:30Z,84.00
2020-09-22T05:49:34Z,84.00
2020-09-22T05:54:30Z,84.00
2020-09-22T05:59:36Z,84.00
2020-09-22T06:04:31Z,84.00
2020-09-22T06:09:31Z,85.00
2020-09-22T06:14:34Z,86.00
2020-09-22T06:19:34Z,86.00
2020-09-22T06:24:34Z,87.00
2020-09-22T06:29:29Z,87.00
2020-09-22T06:34:30Z,87.00
2020-09-22T06:39:34Z,88.00
2020-09-22T06:44:30Z,88.00
2020-09-22T06:49:33Z,88.00
2020-09-22T06:54:33Z,88.00
2020-09-22T06:59:21Z,89.00
2020-09-22T07:04:33Z,89.00
2020-09-22T07:09:34Z,89.00
2020-09-22T07:14:25Z,89.00
2020-09-22T07:19:21Z,88.00
2020-09-22T07:24:33Z,88.00
2020-09-22T07:29:35Z,88.00
2020-09-22T07:34:31Z,89.00
2020-09-22T07:39:36Z,89.00
2020-09-22T07:44:33Z,89.00
2020-09-22T07:49:19Z,89.00
2020-09-22T07:54:29Z,90.00
2020-09-22T07:59:32Z,90.00
2020-09-22T08:04:20Z,91.00
2020-09-22T08:09:31Z,91.00
2020-09-22T08:14:32Z,91.00
2020-09-22T08:19:34Z,91.00
2020-09-22T08:24:20Z,91.00
2020-09-22T08:29:30Z,91.00
2020-09-22T08:34:35Z,90.00
2020-09-22T08:39:35Z,90.00
2020-09-22T08:44:32Z,91.00
2020-09-22T08:49:31Z,91.00
2020-09-22T08:54:36Z,91.00
2020-09-22T08:59:18Z,91.00
2020-09-22T09:04:34Z,91.00
2020-09-22T09:09:20Z,91.00
2020-09-22T09:14:36Z,91.00
2020-09-22T09:19:23Z,91.00
2020-09-22T09:24:19Z,92.00
2020-09-22T09:29:35Z,92.00
2020-09-22T09:34:21Z,92.00
2020-09-22T09:39:22Z,92.00
2020-09-22T09:44:18Z,91.00
2020-09-22T09:49:30Z,88.00
2020-09-22T09:54:32Z,86.00
2020-09-22T09:59:20Z,85.00
2020-09-22T10:04:23Z,85.00
2020-09-22T10:09:18Z,85.00
2020-09-22T10:14:20Z,84.00
2020-09-22T10:19:21Z,84.00
2020-09-22T10:24:18Z,84.00
2020-09-22T10:29:23Z,84.00
2020-09-22T10:34:19Z,84.00
2020-09-22T10:39:20Z,85.00
2020-09-22T10:44:21Z,85.00
2020-09-22T10:49:19Z,85.00
2020-09-22T10:54:20Z,82.00
2020-09-22T10:59:20Z,81.00
2020-09-22T11:04:16Z,81.00
2020-09-22T11:09:21Z,82.00
2020-09-22T11:14:17Z,83.00
2020-09-22T11:19:17Z,79.00
2020-09-22T11:24:13Z,75.00
2020-09-22T11:29:23Z,73.00
2020-09-22T11:34:20Z,73.00
2020-09-22T11:39:20Z,73.00
2020-09-22T11:44:24Z,76.00
2020-09-22T11:49:20Z,76.00
2020-09-22T11:54:23Z,77.00
2020-09-22T11:59:19Z,78.00
2020-09-22T12:04:20Z,79.00
2020-09-22T12:09:22Z,78.00
2020-09-22T12:14:17Z,75.00
2020-09-22T12:19:19Z,73.00
2020-09-22T12:24:28Z,73.00
2020-09-22T12:29:19Z,72.00
2020-09-22T12:34:09Z,69.00
2020-09-22T12:39:25Z,69.00
2020-09-22T12:44:26Z,70.00
2020-09-22T12:49:22Z,69.00
2020-09-22T12:54:21Z,69.00
2020-09-22T12:59:21Z,69.00
2020-09-22T13:04:17Z,69.00
2020-09-22T13:09:18Z,70.00
2020-09-22T13:14:14Z,69.00
2020-09-22T13:19:22Z,67.00
2020-09-22T13:24:18Z,68.00
2020-09-22T13:29:16Z,67.00
2020-09-22T13:34:18Z,68.00
2020-09-22T13:39:16Z,69.00
2020-09-22T13:44:11Z,71.00
2020-09-22T13:49:06Z,71.00
2020-09-22T13:54:18Z,72.00
2020-09-22T13:59:15Z,73.00
2020-09-22T14:04:18Z,73.00
2020-09-22T14:09:25Z,73.00
2020-09-22T14:14:06Z,72.00
2020-09-22T14:19:06Z,72.00
2020-09-22T14:24:17Z,72.00
2020-09-22T14:29:23Z,71.00
2020-09-22T14:34:19Z,71.00
2020-09-22T14:39:17Z,71.00
2020-09-22T14:44:16Z,70.00
2020-09-22T14:49:22Z,71.00
2020-09-22T14:54:22Z,71.00
2020-09-22T14:59:24Z,72.00
2020-09-22T15:04:06Z,72.00
2020-09-22T15:09:04Z,73.00
2020-09-22T15:14:20Z,73.00
2020-09-22T15:19:21Z,74.00
2020-09-22T15:24:21Z,74.00
2020-09-22T15:29:16Z,74.00
2020-09-22T15:34:12Z,74.00
2020-09-22T15:39:07Z,74.00
2020-09-22T15:44:08Z,74.00
2020-09-22T15:49:05Z,74.00
2020-09-22T15:54:16Z,73.00
2020-09-22T15:59:12Z,73.00
2020-09-22T16:04:07Z,73.00
2020-09-22T16:09:04Z,73.00
2020-09-22T16:14:16Z,73.00
2020-09-22T16:19:11Z,74.00
2020-09-22T16:24:07Z,74.00
2020-09-22T16:29:03Z,74.00
2020-09-22T16:34:13Z,74.00
2020-09-22T16:39:09Z,74.00
2020-09-22T16:44:04Z,74.00
2020-09-22T16:48:59Z,74.00
2020-09-22T16:54:10Z,74.00
2020-09-22T16:59:07Z,74.00
2020-09-22T17:04:02Z,74.00
2020-09-22T17:09:00Z,73.00
2020-09-22T17:14:12Z,74.00
2020-09-22T17:19:08Z,73.00
2020-09-22T17:24:05Z,73.00
2020-09-22T17:29:03Z,73.00
2020-09-22T17:34:03Z,73.00
2020-09-22T17:38:59Z,74.00
2020-09-22T17:44:11Z,74.00
2020-09-22T17:49:06Z,74.00
2020-09-22T17:54:04Z,73.00
2020-09-22T17:58:59Z,74.00
2020-09-22T18:04:11Z,74.00
2020-09-22T18:09:12Z,75.00
2020-09-22T18:14:13Z,75.00
2020-09-22T18:19:09Z,76.00
2020-09-22T18:24:09Z,76.00
2020-09-22T18:29:05Z,77.00
2020-09-22T18:34:00Z,77.00
2020-09-22T18:38:56Z,77.00
2020-09-22T18:44:06Z,77.00
2020-09-22T18:49:02Z,77.00
2020-09-22T18:53:58Z,77.00
2020-09-22T18:59:09Z,77.00
2020-09-22T19:04:04Z,76.00
2020-09-22T19:09:01Z,76.00
2020-09-22T19:13:57Z,76.00
2020-09-22T19:19:10Z,76.00
2020-09-22T19:24:08Z,76.00
2020-09-22T19:29:04Z,76.00
2020-09-22T19:34:00Z,76.00
2020-09-22T19:38:58Z,77.00
2020-09-22T19:43:54Z,77.00
2020-09-22T19:49:07Z,76.00
2020-09-22T19:54:03Z,77.00
2020-09-22T19:59:00Z,76.00
2020-09-22T20:04:08Z,77.00
2020-09-22T20:09:08Z,78.00
2020-09-22T20:14:07Z,78.00
2020-09-22T20:19:05Z,79.00
2020-09-22T20:24:01Z,80.00
2020-09-22T20:29:00Z,80.00
2020-09-22T20:33:57Z,80.00
2020-09-22T20:38:53Z,80.00
2020-09-22T20:44:07Z,81.00
2020-09-22T20:49:06Z,81.00
2020-09-22T20:54:03Z,82.00
2020-09-22T20:59:00Z,82.00
2020-09-22T21:03:57Z,82.00
2020-09-22T21:08:54Z,82.00
2020-09-22T21:13:50Z,83.00
2020-09-22T21:19:00Z,83.00
2020-09-22T21:23:57Z,83.00
2020-09-22T21:28:52Z,83.00
2020-09-22T21:34:04Z,83.00
2020-09-22T21:39:01Z,83.00
2020-09-22T21:43:57Z,83.00
2020-09-22T21:48:54Z,84.00
2020-09-22T21:53:50Z,84.00
2020-09-22T21:59:01Z,84.00
2020-09-22T22:03:57Z,85.00
2020-09-22T22:08:54Z,85.00
2020-09-22T22:13:50Z,85.00
2020-09-22T22:19:05Z,84.00
2020-09-22T22:24:03Z,85.00
2020-09-22T22:29:00Z,85.00
2020-09-22T22:33:57Z,85.00
2020-09-22T22:38:53Z,85.00
2020-09-22T22:43:50Z,85.00
2020-09-22T22:49:00Z,85.00
2020-09-22T22:53:57Z,85.00
2020-09-22T22:59:01Z,85.00
2020-09-22T23:03:59Z,85.00
2020-09-22T23:08:57Z,85.00
2020-09-22T23:13:54Z,85.00
2020-09-22T23:18:49Z,85.00
2020-09-22T23:23:47Z,85.00
2020-09-22T23:28:50Z,86.00
2020-09-22T23:33:50Z,85.00
2020-09-22T23:38:50Z,86.00
2020-09-22T23:43:46Z,87.00
2020-09-22T23:48:56Z,87.00
2020-09-22T23:53:52Z,87.00
2020-09-22T23:58:51Z,87.00
2020-09-23T00:03:47Z,88.00
2020-09-23T00:08:57Z,88.00
2020-09-23T00:13:53Z,88.00
2020-09-23T00:18:49Z,88.00
2020-09-23T00:23:44Z,88.00
2020-09-23T00:28:55Z,88.00
2020-09-23T00:33:50Z,89.00
2020-09-23T00:38:47Z,89.00
2020-09-23T00:43:42Z,89.00
2020-09-23T00:48:53Z,89.00
2020-09-23T00:53:49Z,89.00
2020-09-23T00:58:45Z,89.00
2020-09-23T01:03:56Z,89.00
2020-09-23T01:08:53Z,89.00
2020-09-23T01:13:51Z,89.00
2020-09-23T01:18:47Z,89.00
2020-09-23T01:23:42Z,89.00
2020-09-23T01:28:53Z,89.00
2020-09-23T01:33:48Z,89.00
2020-09-23T01:38:43Z,89.00
2020-09-23T01:43:40Z,89.00
2020-09-23T01:48:50Z,89.00
2020-09-23T01:53:46Z,89.00
2020-09-23T01:58:42Z,89.00
2020-09-23T02:03:53Z,89.00
2020-09-23T02:08:51Z,89.00
2020-09-23T02:13:47Z,90.00
2020-09-23T02:18:43Z,90.00
2020-09-23T02:23:40Z,89.00
2020-09-23T02:28:40Z,89.00
2020-09-23T02:33:51Z,89.00
2020-09-23T02:38:47Z,89.00
2020-09-23T02:43:43Z,89.00
2020-09-23T02:48:39Z,89.00
2020-09-23T02:53:49Z,90.00
2020-09-23T02:58:44Z,89.00
2020-09-23T03:03:42Z,89.00
2020-09-23T03:08:37Z,89.00
2020-09-23T03:13:48Z,88.00
2020-09-23T03:18:44Z,88.00
2020-09-23T03:23:39Z,87.00
2020-09-23T03:28:49Z,88.00
2020-09-23T03:33:45Z,87.00
2020-09-23T03:38:45Z,88.00
2020-09-23T03:43:41Z,88.00
2020-09-23T03:48:36Z,88.00
2020-09-23T03:53:48Z,88.00
2020-09-23T03:58:43Z,87.00
2020-09-23T04:03:38Z,86.00
2020-09-23T04:08:35Z,85.00
2020-09-23T04:13:46Z,84.00
2020-09-23T04:18:48Z,84.00
2020-09-23T04:23:43Z,83.00
2020-09-23T04:28:39Z,82.00
2020-09-23T04:33:34Z,81.00
2020-09-23T04:38:45Z,80.00
2020-09-23T04:43:41Z,81.00
2020-09-23T04:48:37Z,81.00
2020-09-23T04:53:32Z,82.00
2020-09-23T04:58:43Z,81.00
2020-09-23T05:03:39Z,81.00
2020-09-23T05:08:34Z,80.00
2020-09-23T05:13:44Z,80.00
2020-09-23T05:18:41Z,80.00
2020-09-23T05:23:36Z,80.00
2020-09-23T05:28:31Z,80.00
2020-09-23T05:33:42Z,80.00
2020-09-23T05:38:38Z,78.00
2020-09-23T05:43:35Z,77.00
2020-09-23T05:48:45Z,77.00
2020-09-23T05:53:42Z,76.00
2020-09-23T05:58:38Z,78.00
2020-09-23T06:03:33Z,76.00
2020-09-23T06:08:44Z,75.00
2020-09-23T06:13:39Z,73.00
2020-09-23T06:18:35Z,74.00
2020-09-23T06:23:31Z,74.00
2020-09-23T06:28:44Z,74.00
2020-09-23T06:33:39Z,74.00
2020-09-23T06:38:34Z,73.00
2020-09-23T06:43:30Z,74.00
2020-09-23T06:48:42Z,74.00
2020-09-23T06:53:37Z,73.00
2020-09-23T06:58:34Z,73.00
2020-09-23T07:03:32Z,72.00
2020-09-23T07:08:27Z,71.00
2020-09-23T07:13:37Z,70.00
2020-09-23T07:18:33Z,70.00
2020-09-23T07:23:31Z,71.00
2020-09-23T07:28:27Z,71.00
2020-09-23T07:33:38Z,70.00
2020-09-23T07:38:34Z,71.00
2020-09-23T07:43:30Z,72.00
2020-09-23T07:48:26Z,72.00
2020-09-23T07:53:37Z,71.00
2020-09-23T07:58:33Z,69.00
2020-09-23T08:03:30Z,69.00
2020-09-23T08:08:26Z,68.00
2020-09-23T08:13:36Z,68.00
2020-09-23T08:18:31Z,67.00
2020-09-23T08:23:27Z,68.00
2020-09-23T08:28:38Z,66.00
2020-09-23T08:33:33Z,66.00
2020-09-23T08:38:30Z,66.00
2020-09-23T08:43:25Z,63.00
2020-09-23T08:48:36Z,60.00
2020-09-23T08:53:32Z,59.00
2020-09-23T08:58:27Z,59.00
2020-09-23T09:03:39Z,60.00
2020-09-23T09:08:36Z,60.00
2020-09-23T09:13:32Z,58.00
2020-09-23T09:19:04Z,57.00
2020-09-23T09:23:32Z,56.00
2020-09-23T09:28:39Z,55.00
2020-09-23T09:33:36Z,54.00
2020-09-23T09:38:32Z,53.00
2020-09-23T09:43:38Z,49.00
2020-09-23T09:48:40Z,47.00
2020-09-23T09:53:36Z,53.00
2020-09-23T09:58:32Z,56.00
2020-09-23T10:03:31Z,58.00
2020-09-23T10:08:32Z,60.00
2020-09-23T10:13:23Z,59.00
2020-09-23T10:18:38Z,61.00
2020-09-23T10:23:34Z,61.00
2020-09-23T10:28:31Z,61.00
2020-09-23T10:33:36Z,61.00
2020-09-23T10:38:33Z,62.00
2020-09-23T10:43:34Z,62.00
2020-09-23T10:48:31Z,62.00
2020-09-23T10:53:34Z,63.00
2020-09-23T10:58:20Z,63.00
2020-09-23T11:03:53Z,63.00
2020-09-23T11:08:27Z,63.00
2020-09-23T11:13:37Z,63.00
2020-09-23T11:18:33Z,61.00
2020-09-23T11:23:20Z,61.00
2020-09-23T11:28:33Z,61.00
2020-09-23T11:33:31Z,61.00
2020-09-23T11:38:30Z,61.00
2020-09-23T11:43:34Z,61.00
2020-09-23T11:48:31Z,61.00
2020-09-23T11:53:21Z,61.00
2020-09-23T11:58:17Z,61.00
2020-09-23T12:03:33Z,61.00
2020-09-23T12:08:19Z,61.00
2020-09-23T12:13:31Z,62.00
2020-09-23T12:18:31Z,61.00
2020-09-23T12:23:29Z,61.00
2020-09-23T12:28:33Z,61.00
2020-09-23T12:33:19Z,62.00
2020-09-23T12:38:29Z,61.00
2020-09-23T12:43:30Z,61.00
2020-09-23T12:48:33Z,61.00
2020-09-23T12:53:19Z,61.00
2020-09-23T12:58:18Z,61.00
2020-09-23T13:03:33Z,61.00
2020-09-23T13:08:18Z,61.00
2020-09-23T13:13:33Z,61.00
2020-09-23T13:18:19Z,61.00
2020-09-23T13:23:20Z,61.00
2020-09-23T13:28:20Z,61.00
2020-09-23T13:33:23Z,61.00
2020-09-23T13:38:19Z,61.00
2020-09-23T13:43:20Z,61.00
2020-09-23T13:48:19Z,61.00
2020-09-23T13:53:19Z,61.00
2020-09-23T13:58:20Z,61.00
2020-09-23T14:03:17Z,61.00
2020-09-23T14:08:20Z,61.00
2020-09-23T14:13:17Z,61.00
2020-09-23T14:18:15Z,61.00
2020-09-23T14:23:30Z,61.00
2020-09-23T14:28:29Z,61.00
2020-09-23T14:33:17Z,61.00
2020-09-23T14:38:14Z,61.00
2020-09-23T14:43:11Z,61.00
2020-09-23T14:48:15Z,61.00
2020-09-23T14:53:11Z,61.00
2020-09-23T14:58:21Z,61.00
2020-09-23T15:03:17Z,61.00
2020-09-23T15:08:12Z,61.00
2020-09-23T15:13:23Z,61.00
2020-09-23T15:18:19Z,61.00
2020-09-23T15:23:19Z,61.00
2020-09-23T15:28:14Z,61.00
2020-09-23T15:33:10Z,61.00
2020-09-23T15:38:21Z,61.00
2020-09-23T15:43:17Z,61.00
2020-09-23T15:48:12Z,61.00
2020-09-23T15:53:10Z,61.00
2020-09-23T15:58:21Z,61.00
2020-09-23T16:03:17Z,62.00
2020-09-23T16:08:12Z,63.00
2020-09-23T16:13:07Z,63.00
2020-09-23T16:18:18Z,64.00
2020-09-23T16:23:14Z,64.00
2020-09-23T16:28:09Z,65.00
2020-09-23T16:33:20Z,65.00
2020-09-23T16:38:16Z,66.00
2020-09-23T16:43:12Z,65.00
2020-09-23T16:48:08Z,65.00
2020-09-23T16:53:10Z,66.00
2020-09-23T16:58:07Z,66.00
2020-09-23T17:03:18Z,65.00
2020-09-23T17:08:13Z,65.00
2020-09-23T17:13:09Z,65.00
2020-09-23T17:18:23Z,65.00
2020-09-23T17:23:19Z,65.00
2020-09-23T17:28:18Z,65.00
2020-09-23T17:33:15Z,64.00
2020-09-23T17:38:12Z,65.00
2020-09-23T17:43:08Z,65.00
2020-09-23T17:48:19Z,64.00
2020-09-23T17:53:14Z,64.00
2020-09-23T17:58:11Z,66.00
2020-09-23T18:03:07Z,65.00
2020-09-23T18:08:19Z,66.00
2020-09-23T18:13:14Z,67.00
2020-09-23T18:18:12Z,68.00
2020-09-23T18:23:08Z,68.00
2020-09-23T18:28:03Z,68.00
2020-09-23T18:33:15Z,68.00
2020-09-23T18:38:11Z,67.00
2020-09-23T18:43:07Z,68.00
2020-09-23T18:48:03Z,68.00
2020-09-23T18:53:18Z,67.00
2020-09-23T18:58:14Z,67.00
2020-09-23T19:03:10Z,67.00
2020-09-23T19:08:05Z,66.00
2020-09-23T19:13:04Z,65.00
2020-09-23T19:18:02Z,65.00
2020-09-23T19:23:13Z,66.00
2020-09-23T19:28:11Z,65.00
2020-09-23T19:33:07Z,65.00
2020-09-23T19:38:03Z,65.00
2020-09-23T19:43:13Z,64.00
2020-09-23T19:48:10Z,64.00
2020-09-23T19:53:06Z,65.00
2020-09-23T19:58:02Z,64.00
2020-09-23T20:03:14Z,64.00
2020-09-23T20:08:09Z,66.00
2020-09-23T20:13:07Z,66.00
2020-09-23T20:18:02Z,66.00
2020-09-23T20:22:59Z,67.00
2020-09-23T20:28:10Z,67.00
2020-09-23T20:33:06Z,66.00
2020-09-23T20:38:07Z,66.00
2020-09-23T20:43:06Z,66.00
2020-09-23T20:48:04Z,65.00
2020-09-23T20:53:03Z,65.00
2020-09-23T20:58:08Z,66.00
2020-09-23T21:03:06Z,67.00
2020-09-23T21:08:02Z,67.00
2020-09-23T21:12:58Z,67.00
2020-09-23T21:18:07Z,67.00
2020-09-23T21:23:07Z,67.00
2020-09-23T21:28:02Z,68.00
2020-09-23T21:33:01Z,68.00
2020-09-23T21:37:57Z,68.00
2020-09-23T21:43:07Z,67.00
2020-09-23T21:48:02Z,67.00
2020-09-23T21:52:59Z,68.00
2020-09-23T21:57:55Z,68.00
2020-09-23T22:03:08Z,68.00
2020-09-23T22:08:05Z,68.00
2020-09-23T22:13:02Z,68.00
2020-09-23T22:17:59Z,68.00
2020-09-23T22:22:55Z,68.00
2020-09-23T22:28:06Z,69.00
2020-09-23T22:33:02Z,69.00
2020-09-23T22:37:59Z,70.00
2020-09-23T22:42:55Z,71.00
2020-09-23T22:48:06Z,70.00
2020-09-23T22:53:39Z,70.00
2020-09-23T22:58:06Z,71.00
2020-09-23T23:03:01Z,71.00
2020-09-23T23:07:57Z,71.00
2020-09-23T23:12:53Z,71.00
2020-09-23T23:18:05Z,72.00
2020-09-23T23:23:01Z,72.00
2020-09-23T23:27:57Z,73.00
2020-09-23T23:32:52Z,73.00
2020-09-23T23:38:04Z,73.00
2020-09-23T23:43:00Z,73.00
2020-09-23T23:47:55Z,73.00
2020-09-23T23:52:52Z,74.00
2020-09-23T23:58:02Z,74.00
2020-09-24T00:03:00Z,74.00
2020-09-24T00:07:55Z,73.00
2020-09-24T00:12:50Z,72.00
2020-09-24T00:18:01Z,71.00
2020-09-24T00:22:56Z,72.00
2020-09-24T00:27:52Z,71.00
2020-09-24T00:33:08Z,71.00
2020-09-24T00:38:04Z,70.00
2020-09-24T00:43:00Z,70.00
2020-09-24T00:47:56Z,71.00
2020-09-24T00:52:52Z,71.00
2020-09-24T00:58:02Z,71.00
2020-09-24T01:02:58Z,70.00
2020-09-24T01:07:54Z,71.00
2020-09-24T01:12:51Z,70.00
2020-09-24T01:18:03Z,70.00
2020-09-24T01:22:59Z,69.00
2020-09-24T01:27:55Z,69.00
2020-09-24T01:32:51Z,69.00
2020-09-24T01:37:47Z,70.00
2020-09-24T01:42:58Z,71.00
2020-09-24T01:47:53Z,71.00
2020-09-24T01:52:49Z,71.00
2020-09-24T01:57:59Z,69.00
2020-09-24T02:02:55Z,70.00
2020-09-24T02:07:50Z,70.00
2020-09-24T02:12:45Z,70.00
2020-09-24T02:17:56Z,70.00
2020-09-24T02:22:52Z,70.00
2020-09-24T02:27:49Z,70.00
2020-09-24T02:32:45Z,71.00
2020-09-24T02:37:56Z,71.00
2020-09-24T02:42:52Z,71.00
2020-09-24T02:47:47Z,71.00
2020-09-24T02:52:57Z,71.00
2020-09-24T02:57:52Z,71.00
2020-09-24T03:02:48Z,71.00
2020-09-24T03:07:44Z,71.00
2020-09-24T03:12:56Z,70.00
2020-09-24T03:17:53Z,71.00
2020-09-24T03:22:49Z,70.00
2020-09-24T03:27:45Z,70.00
2020-09-24T03:32:56Z,70.00
2020-09-24T03:37:52Z,70.00
2020-09-24T03:42:48Z,70.00
2020-09-24T03:47:44Z,70.00
2020-09-24T03:52:54Z,71.00
2020-09-24T03:57:49Z,71.00
2020-09-24T04:02:45Z,70.00
2020-09-24T04:07:55Z,70.00
2020-09-24T04:12:51Z,71.00
2020-09-24T04:17:46Z,71.00
2020-09-24T04:22:42Z,71.00
2020-09-24T04:27:52Z,72.00
2020-09-24T04:32:48Z,72.00
2020-09-24T04:37:44Z,71.00
2020-09-24T04:42:40Z,71.00
2020-09-24T04:47:51Z,71.00
2020-09-24T04:52:46Z,71.00
2020-09-24T04:57:42Z,72.00
2020-09-24T05:02:53Z,72.00
2020-09-24T05:07:49Z,71.00
2020-09-24T05:12:44Z,70.00
2020-09-24T05:17:40Z,70.00
2020-09-24T05:22:50Z,71.00
2020-09-24T05:27:46Z,70.00
2020-09-24T05:32:43Z,71.00
2020-09-24T05:37:38Z,71.00
2020-09-24T05:42:49Z,71.00
2020-09-24T05:47:44Z,71.00
2020-09-24T05:52:40Z,71.00
2020-09-24T05:57:51Z,71.00
2020-09-24T06:02:47Z,70.00
2020-09-24T06:07:43Z,71.00
2020-09-24T06:12:40Z,70.00
2020-09-24T06:17:50Z,71.00
2020-09-24T06:22:45Z,70.00
2020-09-24T06:27:41Z,70.00
2020-09-24T06:32:37Z,70.00
2020-09-24T06:37:48Z,70.00
2020-09-24T06:42:43Z,70.00
2020-09-24T06:47:39Z,70.00
2020-09-24T06:52:35Z,71.00
2020-09-24T06:57:46Z,71.00
2020-09-24T07:02:41Z,71.00
2020-09-24T07:07:37Z,71.00
2020-09-24T07:12:47Z,72.00
2020-09-24T07:17:44Z,72.00
2020-09-24T07:22:39Z,72.00
2020-09-24T07:27:35Z,72.00
2020-09-24T07:32:45Z,71.00
2020-09-24T07:37:41Z,71.00
2020-09-24T07:42:37Z,70.00
2020-09-24T07:47:48Z,70.00
2020-09-24T07:52:44Z,71.00
2020-09-24T07:57:40Z,71.00
2020-09-24T08:02:35Z,71.00
2020-09-24T08:07:46Z,70.00
2020-09-24T08:12:42Z,70.00
2020-09-24T08:17:37Z,69.00
2020-09-24T08:22:33Z,67.00
2020-09-24T08:27:48Z,64.00
2020-09-24T08:32:44Z,65.00
2020-09-24T08:37:39Z,65.00
2020-09-24T08:42:35Z,65.00
2020-09-24T08:47:31Z,65.00
2020-09-24T08:52:41Z,64.00
2020-09-24T08:57:38Z,64.00
2020-09-24T09:02:34Z,64.00
2020-09-24T09:07:45Z,64.00
2020-09-24T09:12:42Z,64.00
2020-09-24T09:17:38Z,65.00
2020-09-24T09:22:35Z,65.00
2020-09-24T09:27:31Z,65.00
2020-09-24T09:32:44Z,65.00
2020-09-24T09:37:40Z,65.00
2020-09-24T09:42:42Z,65.00
2020-09-24T09:47:39Z,65.00
2020-09-24T09:52:49Z,65.00
2020-09-24T09:57:35Z,64.00
2020-09-24T10:03:09Z,64.00
2020-09-24T10:07:38Z,63.00
2020-09-24T10:13:00Z,63.00
2020-09-24T10:18:11Z,64.00
2020-09-24T10:22:39Z,64.00
2020-09-24T10:27:37Z,64.00
2020-09-24T10:32:47Z,64.00
2020-09-24T10:37:36Z,64.00
2020-09-24T10:42:33Z,64.00
2020-09-24T10:48:07Z,63.00
2020-09-24T10:52:51Z,63.00
2020-09-24T10:57:33Z,63.00
2020-09-24T11:02:39Z,61.00
2020-09-24T11:07:35Z,62.00
2020-09-24T11:12:50Z,61.00
2020-09-24T11:17:35Z,62.00
2020-09-24T11:25:16Z,61.00
2020-09-24T11:27:30Z,61.00
2020-09-24T11:32:28Z,60.00
2020-09-24T11:37:40Z,59.00
2020-09-24T11:42:45Z,61.00
2020-09-24T11:47:47Z,60.00
2020-09-24T11:52:28Z,61.00
2020-09-24T11:57:32Z,61.00
2020-09-24T12:02:40Z,61.00
2020-09-24T12:07:48Z,61.00
2020-09-24T12:12:31Z,61.00
2020-09-24T12:17:36Z,60.00
2020-09-24T12:22:34Z,60.00
2020-09-24T12:27:32Z,60.00
2020-09-24T12:32:31Z,60.00
2020-09-24T12:37:29Z,60.00
2020-09-24T12:42:24Z,60.00
2020-09-24T12:47:35Z,60.00
2020-09-24T12:52:32Z,59.00
2020-09-24T12:57:34Z,59.00
2020-09-24T13:02:31Z,59.00
2020-09-24T13:07:27Z,59.00
2020-09-24T13:12:22Z,59.00
2020-09-24T13:17:34Z,59.00
2020-09-24T13:22:31Z,60.00
2020-09-24T13:27:27Z,59.00
2020-09-24T13:32:23Z,60.00
2020-09-24T13:37:34Z,59.00
2020-09-24T13:42:30Z,59.00
2020-09-24T13:47:27Z,59.00
2020-09-24T13:52:24Z,59.00
2020-09-24T13:57:20Z,58.00
2020-09-24T14:02:42Z,59.00
2020-09-24T14:07:26Z,59.00
2020-09-24T14:12:29Z,59.00
2020-09-24T14:17:25Z,59.00
2020-09-24T14:22:24Z,60.00
2020-09-24T14:27:26Z,60.00
2020-09-24T14:32:24Z,60.00
2020-09-24T14:37:21Z,60.00
2020-09-24T14:42:32Z,60.00
2020-09-24T14:47:31Z,60.00
2020-09-24T14:52:29Z,60.00
2020-09-24T14:57:25Z,60.00
2020-09-24T15:02:22Z,59.00
2020-09-24T15:07:18Z,59.00
2020-09-24T15:12:30Z,59.00
2020-09-24T15:17:25Z,60.00
2020-09-24T15:22:25Z,60.00
2020-09-24T15:27:21Z,59.00
2020-09-24T15:32:18Z,59.00
2020-09-24T15:37:29Z,59.00
2020-09-24T15:42:25Z,60.00
2020-09-24T15:47:23Z,59.00
2020-09-24T15:52:18Z,59.00
2020-09-24T15:57:31Z,59.00
2020-09-24T16:02:27Z,59.00
2020-09-24T16:07:24Z,59.00
2020-09-24T16:12:21Z,60.00
2020-09-24T16:17:18Z,60.00
2020-09-24T16:22:15Z,59.00
2020-09-24T16:27:26Z,59.00
2020-09-24T16:32:23Z,59.00
2020-09-24T16:37:21Z,59.00
2020-09-24T16:42:19Z,59.00
2020-09-24T16:47:15Z,59.00
2020-09-24T16:52:26Z,59.00
2020-09-24T16:57:22Z,60.00
2020-09-24T17:02:19Z,60.00
2020-09-24T17:07:15Z,60.00
2020-09-24T17:12:28Z,60.00
2020-09-24T17:17:24Z,60.00
2020-09-24T17:22:21Z,60.00
2020-09-24T17:27:17Z,60.00
2020-09-24T17:32:14Z,60.00
2020-09-24T17:37:26Z,61.00
2020-09-24T17:42:21Z,61.00
2020-09-24T17:47:17Z,61.00
2020-09-24T17:52:13Z,61.00
2020-09-24T17:57:24Z,61.00
2020-09-24T18:02:22Z,61.00
2020-09-24T18:07:18Z,61.00
2020-09-24T18:12:14Z,61.00
2020-09-24T18:17:09Z,61.00
2020-09-24T18:22:21Z,61.00
2020-09-24T18:27:16Z,61.00
2020-09-24T18:32:12Z,61.00
2020-09-24T18:37:23Z,61.00
2020-09-24T18:42:19Z,61.00
2020-09-24T18:47:14Z,62.00
2020-09-24T18:52:10Z,62.00
2020-09-24T18:57:21Z,62.00
2020-09-24T19:02:16Z,62.00
2020-09-24T19:07:13Z,63.00
2020-09-24T19:12:08Z,64.00
2020-09-24T19:17:20Z,63.00
2020-09-24T19:22:16Z,62.00
2020-09-24T19:27:12Z,62.00
2020-09-24T19:32:09Z,61.00
2020-09-24T19:37:20Z,61.00
2020-09-24T19:42:16Z,61.00
2020-09-24T19:47:12Z,61.00
2020-09-24T19:52:07Z,61.00
2020-09-24T19:57:19Z,61.00
2020-09-24T20:02:21Z,61.00
2020-09-24T20:07:25Z,62.00
2020-09-24T20:12:44Z,62.00
2020-09-24T20:17:30Z,62.00
2020-09-24T20:22:53Z,61.00
2020-09-24T20:27:25Z,61.00
2020-09-24T20:32:13Z,61.00
2020-09-24T20:37:48Z,61.00
2020-09-24T20:42:21Z,61.00
2020-09-24T20:47:22Z,61.00
2020-09-24T20:52:18Z,61.00
2020-09-24T20:57:25Z,61.00
2020-09-24T21:02:07Z,61.00
2020-09-24T21:07:26Z,60.00
2020-09-24T21:12:16Z,60.00
2020-09-24T21:17:28Z,60.00
2020-09-24T21:22:10Z,61.00
2020-09-24T21:27:06Z,62.00
2020-09-24T21:32:23Z,62.00
2020-09-24T21:37:04Z,62.00
2020-09-24T21:42:09Z,62.00
2020-09-24T21:47:05Z,62.00
2020-09-24T21:52:08Z,61.00
2020-09-24T21:57:04Z,60.00
2020-09-24T22:02:06Z,61.00
2020-09-24T22:07:07Z,61.00
2020-09-24T22:12:20Z,62.00
2020-09-24T22:17:21Z,62.00
2020-09-24T22:22:07Z,62.00
2020-09-24T22:27:03Z,63.00
2020-09-24T22:32:12Z,62.00
2020-09-24T22:37:23Z,63.00
2020-09-24T22:42:21Z,63.00
2020-09-24T22:47:03Z,64.00
2020-09-24T22:52:04Z,65.00
2020-09-24T22:57:05Z,65.00
2020-09-24T23:02:05Z,64.00
2020-09-24T23:07:21Z,64.00
2020-09-24T23:12:03Z,65.00
2020-09-24T23:17:08Z,65.00
2020-09-24T23:22:21Z,65.00
2020-09-24T23:27:01Z,66.00
2020-09-24T23:32:18Z,66.00
2020-09-24T23:37:02Z,67.00
2020-09-24T23:42:21Z,67.00
2020-09-24T23:47:02Z,67.00
2020-09-24T23:52:08Z,67.00
2020-09-24T23:57:03Z,67.00
2020-09-25T00:02:04Z,67.00
2020-09-25T00:07:07Z,67.00
2020-09-25T00:12:09Z,68.00
2020-09-25T00:17:09Z,68.00
2020-09-25T00:22:06Z,68.00
2020-09-25T00:26:58Z,68.00
2020-09-25T00:32:19Z,68.00
2020-09-25T00:37:30Z,68.00
2020-09-25T00:42:10Z,67.00
2020-09-25T00:47:13Z,67.00
2020-09-25T00:52:10Z,67.00
2020-09-25T00:57:10Z,67.00
2020-09-25T01:02:05Z,68.00
2020-09-25T01:07:10Z,68.00
2020-09-25T01:12:12Z,68.00
2020-09-25T01:17:13Z,68.00
2020-09-25T01:22:14Z,68.00
2020-09-25T01:26:56Z,68.00
2020-09-25T01:32:28Z,68.00
2020-09-25T01:37:06Z,68.00
2020-09-25T01:42:08Z,68.00
2020-09-25T01:46:55Z,67.00
2020-09-25T01:52:06Z,67.00
2020-09-25T01:57:07Z,68.00
2020-09-25T02:02:09Z,68.00
2020-09-25T02:07:07Z,69.00
2020-09-25T02:12:25Z,69.00
2020-09-25T02:17:04Z,69.00
2020-09-25T02:22:05Z,69.00
2020-09-25T02:27:03Z,70.00
2020-09-25T02:32:01Z,70.00
2020-09-25T02:37:00Z,70.00
2020-09-25T18:05:49Z,60.00
2020-09-25T18:11:05Z,58.00
2020-09-25T18:15:52Z,58.00
2020-09-25T18:20:56Z,59.00
2020-09-25T18:25:54Z,59.00
2020-09-25T18:30:54Z,60.00
2020-09-25T18:35:51Z,60.00
2020-09-25T18:40:53Z,60.00
2020-09-25T18:45:55Z,61.00
2020-09-25T18:50:51Z,61.00
2020-09-25T18:55:48Z,62.00
2020-09-25T19:00:53Z,63.00
2020-09-25T19:05:49Z,63.00
2020-09-25T19:10:50Z,64.00
2020-09-25T19:15:55Z,64.00
2020-09-25T19:20:51Z,64.00
2020-09-25T19:25:50Z,64.00
2020-09-25T19:30:51Z,63.00
2020-09-25T19:35:52Z,63.00
2020-09-25T19:41:50Z,64.00
2020-09-25T19:45:55Z,64.00
2020-09-25T19:50:52Z,65.00
2020-09-25T19:55:52Z,65.00
2020-09-25T20:00:53Z,66.00
2020-09-25T20:05:49Z,66.00
2020-09-25T20:10:52Z,66.00
2020-09-25T20:15:51Z,67.00
2020-09-25T20:20:51Z,66.00
2020-09-25T20:25:52Z,67.00
2020-09-25T20:30:52Z,67.00
2020-09-25T20:35:47Z,67.00
2020-09-25T20:40:50Z,67.00
2020-09-25T20:45:54Z,66.00
2020-09-25T20:50:52Z,66.00
2020-09-25T20:55:48Z,66.00
2020-09-25T21:00:49Z,66.00
2020-09-25T21:05:56Z,66.00
2020-09-25T21:10:56Z,67.00
2020-09-25T21:15:54Z,67.00
2020-09-25T21:20:50Z,67.00
2020-09-25T21:25:50Z,68.00
2020-09-25T21:30:54Z,70.00
2020-09-25T21:35:49Z,72.00
2020-09-25T21:40:53Z,74.00
2020-09-25T21:45:56Z,75.00
2020-09-25T21:50:57Z,76.00
2020-09-25T21:55:38Z,78.00
2020-09-25T22:00:55Z,79.00
2020-09-25T22:05:51Z,80.00
2020-09-25T22:10:52Z,80.00
2020-09-25T22:15:55Z,80.00
2020-09-25T22:20:44Z,80.00
2020-09-25T22:25:40Z,79.00
2020-09-25T22:30:45Z,79.00
2020-09-25T22:35:41Z,77.00
2020-09-25T22:40:36Z,76.00
2020-09-25T22:45:36Z,75.00
2020-09-25T22:50:55Z,75.00
2020-09-25T22:55:36Z,75.00
2020-09-25T23:00:38Z,74.00
2020-09-25T23:05:38Z,74.00
2020-09-25T23:10:39Z,73.00
2020-09-25T23:15:35Z,73.00
2020-09-25T23:20:48Z,73.00
2020-09-25T23:25:55Z,72.00
2020-09-25T23:30:38Z,72.00
2020-09-25T23:35:36Z,73.00
2020-09-25T23:40:36Z,75.00
2020-09-25T23:45:37Z,75.00
2020-09-25T23:50:34Z,76.00
2020-09-25T23:55:34Z,77.00
2020-09-26T00:00:52Z,78.00
2020-09-26T00:05:39Z,78.00
2020-09-26T00:10:35Z,79.00
2020-09-26T00:15:52Z,80.00
2020-09-26T00:20:41Z,83.00
2020-09-26T00:25:54Z,84.00
2020-09-26T00:30:38Z,86.00
2020-09-26T00:35:37Z,87.00
2020-09-26T00:40:42Z,87.00
2020-09-26T00:45:53Z,87.00
2020-09-26T00:50:40Z,88.00
2020-09-26T00:55:42Z,89.00
2020-09-26T01:00:37Z,90.00
2020-09-26T01:05:41Z,90.00
2020-09-26T01:10:36Z,90.00
2020-09-26T01:15:40Z,91.00
2020-09-26T01:20:36Z,91.00
2020-09-26T01:25:37Z,91.00
2020-09-26T01:30:37Z,92.00
2020-09-26T01:35:39Z,92.00
2020-09-26T01:40:40Z,92.00
2020-09-26T01:45:36Z,92.00
2020-09-26T01:50:36Z,92.00
2020-09-26T01:55:37Z,92.00
2020-09-26T02:00:38Z,92.00
2020-09-26T02:05:35Z,92.00
2020-09-26T02:10:41Z,92.00
2020-09-26T02:15:37Z,91.00
2020-09-26T02:20:38Z,91.00
2020-09-26T02:25:34Z,92.00
2020-09-26T02:30:38Z,92.00
2020-09-26T02:35:35Z,92.00
2020-09-26T02:40:35Z,92.00
2020-09-26T02:45:35Z,92.00
2020-09-26T02:50:41Z,91.00
2020-09-26T02:55:50Z,91.00
2020-09-26T03:00:34Z,92.00
2020-09-26T03:05:33Z,92.00
2020-09-26T03:10:34Z,92.00
2020-09-26T03:15:38Z,92.00
2020-09-26T03:20:40Z,92.00
2020-09-26T03:25:37Z,92.00
2020-09-26T03:30:38Z,92.00
2020-09-26T03:35:26Z,92.00
2020-09-26T03:40:37Z,93.00
2020-09-26T03:45:37Z,93.00
2020-09-26T03:50:36Z,93.00
2020-09-26T03:55:35Z,93.00
2020-09-26T04:00:41Z,93.00
2020-09-26T04:05:36Z,94.00
2020-09-26T04:10:41Z,94.00
2020-09-26T04:15:36Z,94.00
2020-09-26T04:20:34Z,94.00
2020-09-26T04:25:35Z,94.00
2020-09-26T04:30:38Z,94.00
2020-09-26T04:35:34Z,94.00
2020-09-26T04:40:36Z,95.00
2020-09-26T04:45:24Z,95.00
2020-09-26T04:50:34Z,95.00
2020-09-26T04:55:33Z,95.00
2020-09-26T05:00:34Z,96.00
2020-09-26T05:05:23Z,96.00
2020-09-26T05:10:34Z,96.00
2020-09-26T05:15:35Z,96.00
2020-09-26T05:20:22Z,96.00
2020-09-26T05:25:38Z,96.00
2020-09-26T05:30:36Z,96.00
2020-09-26T05:35:35Z,96.00
2020-09-26T05:40:36Z,95.00
2020-09-26T05:45:39Z,96.00
2020-09-26T05:50:43Z,96.00
2020-09-26T05:55:32Z,96.00
2020-09-26T06:00:28Z,95.00
2020-09-26T06:05:24Z,95.00
2020-09-26T06:10:24Z,95.00
2020-09-26T06:15:21Z,94.00
2020-09-26T06:20:35Z,94.00
2020-09-26T06:25:25Z,94.00
2020-09-26T06:30:21Z,94.00
2020-09-26T06:35:34Z,94.00
2020-09-26T06:40:21Z,93.00
2020-09-26T06:45:37Z,93.00
2020-09-26T06:50:25Z,92.00
2020-09-26T06:55:21Z,92.00
2020-09-26T07:00:22Z,91.00
2020-09-26T07:05:20Z,91.00
2020-09-26T07:10:36Z,92.00
2020-09-26T07:15:23Z,91.00
2020-09-26T07:20:21Z,91.00
2020-09-26T07:25:19Z,91.00
2020-09-26T07:30:37Z,91.00
2020-09-26T07:35:22Z,91.00
2020-09-26T07:40:24Z,90.00
2020-09-26T07:45:22Z,90.00
2020-09-26T07:50:21Z,90.00
2020-09-26T07:55:19Z,90.00
2020-09-26T08:00:32Z,90.00
2020-09-26T08:05:27Z,90.00
2020-09-26T08:10:23Z,90.00
2020-09-26T08:15:22Z,89.00
2020-09-26T08:20:20Z,89.00
2020-09-26T08:25:17Z,89.00
2020-09-26T08:30:28Z,89.00
2020-09-26T08:35:24Z,89.00
2020-09-26T08:40:21Z,88.00
2020-09-26T08:45:21Z,88.00
2020-09-26T08:50:21Z,87.00
2020-09-26T08:55:20Z,87.00
2020-09-26T09:00:21Z,87.00
2020-09-26T09:05:18Z,87.00
2020-09-26T09:10:20Z,87.00
2020-09-26T09:15:21Z,87.00
2020-09-26T09:20:20Z,86.00
2020-09-26T09:25:21Z,86.00
2020-09-26T09:30:20Z,86.00
2020-09-26T09:35:24Z,87.00
2020-09-26T09:40:21Z,87.00
2020-09-26T09:45:21Z,87.00
2020-09-26T09:50:21Z,87.00
2020-09-26T09:55:22Z,87.00
2020-09-26T10:00:19Z,87.00
2020-09-26T10:05:25Z,87.00
2020-09-26T10:10:21Z,87.00
2020-09-26T10:15:19Z,86.00
2020-09-26T10:20:22Z,84.00
2020-09-26T10:25:20Z,83.00
2020-09-26T10:30:21Z,83.00
2020-09-26T10:35:20Z,82.00
2020-09-26T10:40:23Z,82.00
2020-09-26T10:45:20Z,82.00
2020-09-26T10:50:26Z,81.00
2020-09-26T10:55:22Z,80.00
2020-09-26T11:00:21Z,78.00
2020-09-26T11:05:22Z,78.00
2020-09-26T11:10:21Z,77.00
2020-09-26T11:15:22Z,77.00
2020-09-26T11:20:21Z,76.00
2020-09-26T11:25:20Z,76.00
2020-09-26T11:30:17Z,76.00
2020-09-26T11:35:18Z,78.00
2020-09-26T11:40:27Z,78.00
2020-09-26T11:45:08Z,79.00
2020-09-26T11:50:09Z,79.00
2020-09-26T11:55:10Z,79.00
2020-09-26T12:00:21Z,79.00
2020-09-26T12:05:22Z,79.00
2020-09-26T12:10:23Z,81.00
2020-09-26T12:15:25Z,82.00
2020-09-26T12:20:06Z,83.00
2020-09-26T12:25:20Z,83.00
2020-09-26T12:30:20Z,83.00
2020-09-26T12:35:21Z,83.00
2020-09-26T12:40:18Z,83.00
2020-09-26T12:45:20Z,81.00
2020-09-26T12:50:18Z,79.00
2020-09-26T12:55:20Z,78.00
2020-09-26T13:00:21Z,76.00
2020-09-26T13:05:18Z,78.00
2020-09-26T13:10:16Z,78.00
2020-09-26T13:15:13Z,79.00
2020-09-26T13:20:09Z,79.00
2020-09-26T13:25:06Z,79.00
2020-09-26T13:30:23Z,79.00
2020-09-26T13:35:05Z,79.00
2020-09-26T13:40:20Z,83.00
2020-09-26T13:45:23Z,85.00
2020-09-26T13:50:11Z,87.00
2020-09-26T13:55:13Z,87.00
2020-09-26T14:00:09Z,88.00
2020-09-26T14:05:13Z,90.00
2020-09-26T14:10:09Z,91.00
2020-09-26T14:15:07Z,92.00
2020-09-26T14:20:06Z,92.00
2020-09-26T14:25:06Z,91.00
2020-09-26T14:30:10Z,91.00
2020-09-26T14:35:11Z,92.00
2020-09-26T14:40:08Z,92.00
2020-09-26T14:45:10Z,93.00
2020-09-26T14:50:13Z,94.00
2020-09-26T14:55:09Z,94.00
2020-09-26T15:00:10Z,95.00
2020-09-26T15:05:10Z,96.00
2020-09-26T15:10:11Z,96.00
2020-09-26T15:15:07Z,95.00
2020-09-26T15:20:05Z,95.00
2020-09-26T15:25:02Z,95.00
2020-09-26T15:30:13Z,95.00
2020-09-26T15:35:08Z,95.00
2020-09-26T15:40:04Z,95.00
2020-09-26T15:45:00Z,95.00
2020-09-26T15:50:10Z,95.00
2020-09-26T15:55:06Z,95.00
2020-09-26T16:00:03Z,95.00
2020-09-26T16:04:58Z,95.00
2020-09-26T16:10:09Z,95.00
2020-09-26T16:15:04Z,95.00
2020-09-26T16:19:59Z,95.00
2020-09-26T16:25:10Z,95.00
2020-09-26T16:30:05Z,95.00
2020-09-26T16:35:00Z,95.00
2020-09-26T16:39:56Z,95.00
2020-09-26T16:45:07Z,95.00
2020-09-26T16:50:03Z,95.00
2020-09-26T16:54:59Z,95.00
2020-09-26T17:00:09Z,95.00
2020-09-26T17:05:04Z,95.00
2020-09-26T17:10:01Z,95.00
2020-09-26T17:14:57Z,95.00
2020-09-26T17:20:08Z,95.00
2020-09-26T17:25:04Z,95.00
2020-09-26T17:29:59Z,95.00
2020-09-26T17:34:55Z,95.00
2020-09-26T17:40:04Z,95.00
2020-09-26T17:45:01Z,95.00
2020-09-26T17:49:57Z,95.00
2020-09-26T17:55:07Z,95.00
2020-09-26T18:00:02Z,95.00
2020-09-26T18:04:58Z,95.00
2020-09-26T18:09:53Z,95.00
2020-09-26T18:15:04Z,95.00
2020-09-26T18:20:00Z,95.00
2020-09-26T18:24:55Z,95.00
2020-09-26T18:30:05Z,95.00
2020-09-26T18:35:02Z,95.00
2020-09-26T18:39:58Z,95.00
2020-09-26T18:44:54Z,95.00
2020-09-26T18:50:04Z,95.00
2020-09-26T18:54:59Z,95.00
2020-09-26T18:59:55Z,95.00
2020-09-26T19:05:06Z,95.00
2020-09-26T19:10:02Z,95.00
2020-09-26T19:14:58Z,95.00
2020-09-26T19:19:53Z,95.00
2020-09-26T19:25:03Z,95.00
2020-09-26T19:29:59Z,95.00
2020-09-26T19:34:54Z,95.00
2020-09-26T19:39:50Z,95.00
2020-09-26T19:45:01Z,95.00
2020-09-26T19:49:57Z,95.00
2020-09-26T19:54:53Z,95.00
2020-09-26T20:00:05Z,95.00
2020-09-26T20:05:01Z,95.00
2020-09-26T20:09:57Z,95.00
2020-09-26T20:14:53Z,95.00
2020-09-26T20:19:56Z,95.00
2020-09-26T20:24:53Z,95.00
2020-09-26T20:29:57Z,95.00
2020-09-26T20:34:53Z,95.00
2020-09-26T20:39:55Z,95.00
2020-09-26T20:44:57Z,95.00
2020-09-26T20:49:59Z,95.00
2020-09-26T20:55:00Z,95.00
2020-09-26T20:59:57Z,95.00
2020-09-26T21:04:54Z,95.00
2020-09-26T21:09:55Z,95.00
2020-09-26T21:14:52Z,95.00
2020-09-26T21:19:53Z,95.00
2020-09-26T21:24:49Z,95.00
2020-09-26T21:29:53Z,95.00
2020-09-26T21:34:53Z,95.00
2020-09-26T21:39:55Z,95.00
2020-09-26T21:44:51Z,95.00
2020-09-26T21:49:59Z,95.00
2020-09-26T21:54:55Z,95.00
2020-09-26T22:00:07Z,95.00
2020-09-26T22:04:53Z,95.00
2020-09-26T22:09:55Z,95.00
2020-09-26T22:14:57Z,95.00
2020-09-26T22:19:54Z,95.00
2020-09-26T22:25:12Z,95.00
2020-09-26T22:29:52Z,95.00
2020-09-26T22:34:53Z,95.00
2020-09-26T22:39:50Z,95.00
2020-09-26T22:45:00Z,95.00
2020-09-26T22:49:56Z,95.00
2020-09-26T22:54:53Z,95.00
2020-09-26T22:59:55Z,95.00
2020-09-26T23:04:51Z,95.00
2020-09-26T23:09:54Z,95.00
2020-09-26T23:14:50Z,95.00
2020-09-26T23:19:57Z,95.00
2020-09-26T23:24:53Z,95.00
2020-09-26T23:29:50Z,95.00
2020-09-26T23:34:52Z,95.00
2020-09-26T23:39:50Z,95.00
2020-09-26T23:44:55Z,95.00
2020-09-26T23:49:52Z,95.00
2020-09-26T23:54:55Z,95.00
2020-09-26T23:59:57Z,95.00
2020-09-27T00:04:53Z,95.00
2020-09-27T00:09:52Z,95.00
2020-09-27T11:20:04Z,94.00
2020-09-27T11:25:06Z,94.00
2020-09-27T11:30:07Z,95.00
2020-09-27T11:35:26Z,95.00
2020-09-27T11:40:07Z,96.00
2020-09-27T11:45:09Z,96.00
2020-09-27T11:50:10Z,95.00
2020-09-27T11:55:09Z,95.00
2020-09-27T12:00:10Z,95.00
2020-09-27T12:05:11Z,95.00
2020-09-27T12:10:07Z,95.00
2020-09-27T12:15:06Z,95.00
2020-09-27T12:20:05Z,95.00
2020-09-27T12:25:06Z,95.00
2020-09-27T12:30:12Z,95.00
2020-09-27T12:35:08Z,95.00
2020-09-27T12:40:01Z,95.00
2020-09-27T12:44:57Z,95.00
2020-09-27T12:50:09Z,95.00
2020-09-27T12:55:07Z,95.00
2020-09-27T13:00:06Z,95.00
2020-09-27T13:05:05Z,95.00
2020-09-27T13:10:04Z,95.00
2020-09-27T13:15:06Z,95.00
2020-09-27T13:20:07Z,95.00
2020-09-27T13:25:09Z,95.00
2020-09-27T13:30:09Z,95.00
2020-09-27T13:35:08Z,95.00
2020-09-27T13:40:07Z,95.00
2020-09-27T13:45:07Z,95.00
2020-09-27T13:49:53Z,95.00
2020-09-27T13:55:06Z,95.00
2020-09-27T14:00:06Z,95.00
2020-09-27T14:05:06Z,95.00
2020-09-27T14:10:06Z,95.00
2020-09-27T14:15:07Z,95.00
2020-09-27T14:19:53Z,95.00
2020-09-27T14:25:05Z,95.00
2020-09-27T14:30:03Z,95.00
2020-09-27T14:34:58Z,95.00
2020-09-27T14:39:56Z,95.00
2020-09-27T14:45:13Z,95.00
2020-09-27T14:50:05Z,95.00
2020-09-27T14:55:02Z,95.00
2020-09-27T14:59:59Z,95.00
2020-09-27T15:04:56Z,95.00
2020-09-27T15:09:57Z,95.00
2020-09-27T15:14:54Z,95.00
2020-09-27T15:19:52Z,95.00
2020-09-27T15:25:04Z,95.00
2020-09-27T15:30:01Z,95.00
2020-09-27T15:34:57Z,95.00
2020-09-27T15:39:54Z,95.00
2020-09-27T15:44:49Z,95.00
2020-09-27T15:50:00Z,95.00
2020-09-27T15:54:56Z,95.00
2020-09-27T15:59:52Z,95.00
2020-09-27T16:04:48Z,95.00
2020-09-27T16:09:59Z,95.00
2020-09-27T16:14:56Z,95.00
2020-09-27T16:19:52Z,95.00
2020-09-27T16:24:48Z,95.00
2020-09-27T16:30:00Z,95.00
2020-09-27T16:34:57Z,95.00
2020-09-27T16:39:52Z,95.00
2020-09-27T16:44:53Z,95.00
2020-09-27T16:49:49Z,95.00
2020-09-27T16:55:01Z,95.00
2020-09-27T16:59:59Z,95.00
2020-09-27T17:04:55Z,95.00
2020-09-27T17:09:50Z,95.00
2020-09-27T17:14:51Z,95.00
2020-09-27T17:19:47Z,95.00
2020-09-27T17:25:00Z,95.00
2020-09-27T17:29:56Z,95.00
2020-09-27T17:34:52Z,95.00
2020-09-27T17:39:48Z,96.00
2020-09-27T17:44:59Z,95.00
2020-09-27T17:49:55Z,94.00
2020-09-27T17:54:51Z,92.00
2020-09-27T17:59:47Z,91.00
2020-09-27T18:04:59Z,91.00
2020-09-27T18:09:55Z,91.00
2020-09-27T18:14:52Z,91.00
2020-09-27T18:19:48Z,90.00
2020-09-27T18:24:49Z,90.00
2020-09-27T18:29:45Z,90.00
2020-09-27T18:34:56Z,90.00
2020-09-27T18:39:52Z,90.00
2020-09-27T18:44:54Z,90.00
2020-09-27T18:49:50Z,91.00
2020-09-27T18:54:47Z,91.00
2020-09-27T18:59:55Z,91.00
2020-09-27T19:04:53Z,90.00
2020-09-27T19:09:53Z,90.00
2020-09-27T19:14:54Z,90.00
2020-09-27T19:19:56Z,89.00
2020-09-27T19:24:52Z,89.00
2020-09-27T19:29:54Z,90.00
2020-09-27T19:34:55Z,91.00
2020-09-27T19:40:13Z,92.00
2020-09-27T19:44:39Z,92.00
2020-09-27T19:49:42Z,92.00
2020-09-27T19:55:25Z,92.00
2020-09-27T19:59:58Z,92.00
2020-09-27T20:04:39Z,92.00
2020-09-27T20:09:51Z,92.00
2020-09-27T20:14:55Z,91.00
2020-09-27T20:19:53Z,90.00
2020-09-27T20:24:43Z,89.00
2020-09-27T20:29:37Z,88.00
2020-09-27T20:34:56Z,88.00
2020-09-27T20:39:56Z,87.00
2020-09-27T20:44:56Z,87.00
2020-09-27T20:49:52Z,88.00
2020-09-27T20:54:52Z,88.00
2020-09-27T20:59:54Z,88.00
2020-09-27T21:04:56Z,89.00
2020-09-27T21:09:39Z,90.00
2020-09-27T21:15:10Z,91.00
2020-09-27T21:19:35Z,91.00
2020-09-27T21:24:38Z,92.00
2020-09-27T21:29:55Z,91.00
2020-09-27T21:34:37Z,92.00
2020-09-27T21:39:40Z,92.00
2020-09-27T21:44:37Z,92.00
2020-09-27T21:49:51Z,92.00
2020-09-27T21:54:58Z,93.00
2020-09-27T21:59:39Z,94.00
2020-09-27T22:04:40Z,94.00
2020-09-27T22:09:41Z,93.00
2020-09-27T22:14:39Z,93.00
2020-09-27T22:19:36Z,93.00
2020-09-27T22:24:41Z,92.00
2020-09-27T22:29:37Z,92.00
2020-09-27T22:34:34Z,91.00
2020-09-27T22:39:35Z,91.00
2020-09-27T22:44:37Z,91.00
2020-09-27T22:49:41Z,90.00
2020-09-27T22:55:04Z,89.00
2020-09-27T22:59:39Z,89.00
2020-09-27T23:04:36Z,89.00
2020-09-27T23:10:00Z,90.00
2020-09-27T23:14:55Z,90.00
2020-09-27T23:19:46Z,90.00
2020-09-27T23:24:43Z,91.00
2020-09-27T23:29:40Z,90.00
2020-09-27T23:34:41Z,91.00
2020-09-27T23:39:50Z,91.00
2020-09-27T23:44:35Z,91.00
2020-09-27T23:49:45Z,91.00
2020-09-27T23:54:41Z,92.00
2020-09-27T23:59:42Z,92.00
2020-09-28T00:04:39Z,91.00
2020-09-28T00:09:40Z,92.00
2020-09-28T00:14:41Z,91.00
2020-09-28T00:19:56Z,90.00
2020-09-28T00:24:38Z,88.00
2020-09-28T00:29:39Z,88.00
2020-09-28T00:34:41Z,88.00
2020-09-28T00:39:37Z,87.00
2020-09-28T00:44:37Z,86.00
2020-09-28T00:49:39Z,86.00
2020-09-28T00:54:41Z,87.00
2020-09-28T00:59:37Z,86.00
2020-09-28T01:04:38Z,86.00
2020-09-28T01:09:38Z,87.00
2020-09-28T01:14:35Z,87.00
2020-09-28T01:19:36Z,86.00
2020-09-28T01:24:37Z,85.00
2020-09-28T01:29:39Z,84.00
2020-09-28T01:34:36Z,85.00
2020-09-28T01:39:41Z,85.00
2020-09-28T01:44:38Z,85.00
2020-09-28T01:49:37Z,85.00
2020-09-28T01:54:40Z,86.00
2020-09-28T01:59:38Z,86.00
2020-09-28T02:04:43Z,86.00
2020-09-28T02:09:38Z,86.00
2020-09-28T02:14:26Z,86.00
2020-09-28T02:19:40Z,87.00
2020-09-28T02:24:36Z,87.00
2020-09-28T02:29:56Z,87.00
2020-09-28T02:34:29Z,86.00
2020-09-28T02:39:22Z,86.00
2020-09-28T02:44:38Z,86.00
2020-09-28T02:49:40Z,86.00
2020-09-28T02:54:41Z,86.00
2020-09-28T02:59:37Z,87.00
2020-09-28T03:04:24Z,87.00
2020-09-28T03:09:36Z,87.00
2020-09-28T03:14:29Z,87.00
2020-09-28T03:19:30Z,87.00
2020-09-28T03:24:26Z,87.00
2020-09-28T03:29:38Z,86.00
2020-09-28T03:34:36Z,86.00
2020-09-28T03:39:28Z,86.00
2020-09-28T03:44:25Z,86.00
2020-09-28T03:49:37Z,85.00
2020-09-28T03:54:23Z,85.00
2020-09-28T03:59:39Z,86.00
2020-09-28T04:04:22Z,86.00
2020-09-28T04:09:38Z,86.00
2020-09-28T04:14:26Z,86.00
2020-09-28T04:19:25Z,86.00
2020-09-28T04:24:22Z,87.00
2020-09-28T04:29:35Z,87.00
2020-09-28T04:34:43Z,87.00
2020-09-28T04:39:27Z,87.00
2020-09-28T04:44:24Z,87.00
2020-09-28T04:49:23Z,87.00
2020-09-28T04:54:46Z,87.00
2020-09-28T04:59:27Z,87.00
2020-09-28T05:04:29Z,87.00
2020-09-28T05:09:55Z,86.00
2020-09-28T05:14:19Z,86.00
2020-09-28T05:19:32Z,86.00
2020-09-28T05:24:29Z,86.00
2020-09-28T05:29:26Z,86.00
2020-09-28T05:34:26Z,86.00
2020-09-28T05:39:24Z,86.00
2020-09-28T05:44:42Z,86.00
2020-09-28T05:49:34Z,87.00
2020-09-28T05:54:31Z,88.00
2020-09-28T05:59:28Z,89.00
2020-09-28T06:04:24Z,90.00
2020-09-28T06:09:24Z,91.00
2020-09-28T06:14:17Z,92.00
2020-09-28T06:19:36Z,93.00
2020-09-28T06:24:23Z,92.00
2020-09-28T06:29:22Z,93.00
2020-09-28T06:34:23Z,93.00
2020-09-28T06:39:28Z,93.00
2020-09-28T06:44:24Z,93.00
2020-09-28T06:49:21Z,93.00
2020-09-28T06:54:17Z,93.00
2020-09-28T06:59:23Z,93.00
2020-09-28T07:04:36Z,93.00
2020-09-28T07:09:25Z,94.00
2020-09-28T07:14:26Z,94.00
2020-09-28T07:19:22Z,94.00
2020-09-28T07:24:30Z,94.00
2020-09-28T07:29:26Z,95.00
2020-09-28T07:34:44Z,95.00
2020-09-28T07:39:23Z,95.00
2020-09-28T07:44:24Z,95.00
2020-09-28T07:49:26Z,95.00
2020-09-28T07:55:01Z,95.00
2020-09-28T07:59:23Z,95.00
2020-09-28T08:04:22Z,95.00
2020-09-28T08:09:26Z,96.00
2020-09-28T08:14:25Z,96.00
2020-09-28T08:19:27Z,97.00
2020-09-28T08:24:27Z,96.00
2020-09-28T08:29:35Z,94.00
2020-09-28T08:34:23Z,91.00
2020-09-28T08:39:28Z,88.00
2020-09-28T08:44:23Z,88.00
2020-09-28T08:49:24Z,87.00
2020-09-28T08:54:28Z,87.00
2020-09-28T08:59:24Z,87.00
2020-09-28T09:04:25Z,86.00
2020-09-28T09:09:22Z,85.00
