time,shutter,gain,h,s,v,std_h,std_s,std_v,edges,contrast
2020-08-25T08:02:06Z,1125,1.0,229,32,86,1,5,6,5,22
2020-08-25T08:13:08Z,1389,1.0,231,37,76,1,4,7,5,21
2020-08-25T08:24:17Z,1333,1.0078125,232,37,77,1,4,7,6,20
2020-08-25T08:35:26Z,1314,1.0,232,37,77,1,4,6,6,19
2020-08-25T08:46:40Z,1276,1.0078125,232,38,77,1,4,6,6,18
2020-08-25T08:57:59Z,1276,1.0078125,232,39,78,1,4,6,6,18
2020-08-25T09:09:23Z,1276,1.0078125,231,40,78,1,4,6,6,17
2020-08-25T09:20:44Z,1257,1.0,231,40,78,1,3,5,6,17
2020-08-25T09:32:13Z,1257,1.0,231,41,79,1,3,5,6,16
2020-08-25T09:43:45Z,1219,1.0078125,231,41,79,1,3,5,6,15
2020-08-25T09:55:15Z,1219,1.0078125,231,41,79,1,3,5,6,15
2020-08-25T10:06:44Z,1219,1.0078125,231,42,79,1,3,5,6,14
2020-08-25T10:18:05Z,1219,1.0078125,230,42,80,1,3,4,6,14
2020-08-25T10:29:20Z,1219,1.0078125,230,43,80,1,3,4,6,13
2020-08-25T10:40:36Z,1200,1.0,229,46,79,1,3,4,6,13
2020-08-25T10:51:44Z,992,1.01171875,232,38,74,3,11,7,10,31
2020-08-25T11:02:52Z,1125,1.0,231,39,77,1,5,4,7,16
2020-08-25T11:13:55Z,1181,1.0,230,47,79,1,2,3,6,10
2020-08-25T11:24:57Z,1144,1.01171875,230,44,80,1,2,3,6,11
2020-08-25T11:36:00Z,784,1.0,241,34,70,10,9,7,9,31
2020-08-25T11:47:06Z,1011,1.0,231,44,77,1,6,4,8,17
2020-08-25T11:58:12Z,1030,1.0,231,44,78,1,4,4,6,13
2020-08-25T12:09:14Z,936,1.0,234,39,74,11,6,5,8,20
2020-08-25T12:20:22Z,992,1.01171875,233,38,77,2,7,5,8,21
2020-08-25T12:31:24Z,1030,1.0,231,44,78,1,6,4,8,18
2020-08-25T12:42:26Z,1125,1.0,231,45,79,1,2,3,6,10
2020-08-25T12:53:27Z,1125,1.0,231,46,79,1,2,3,6,9
2020-08-25T13:04:28Z,1144,1.0,230,46,79,1,2,3,6,9
2020-08-25T13:15:30Z,1144,1.0,230,46,79,1,2,3,6,9
2020-08-25T13:26:31Z,1144,1.0,230,47,79,1,2,3,6,9
2020-08-25T13:37:33Z,1181,1.0,230,48,79,1,2,3,6,10
2020-08-25T13:48:40Z,1181,1.0,230,47,79,1,2,3,6,9
2020-08-25T13:59:46Z,1181,1.0,230,48,79,1,2,3,6,10
2020-08-25T14:10:49Z,1181,1.0,230,47,79,1,2,3,6,10
2020-08-25T14:21:51Z,1163,1.0,230,47,79,1,5,3,6,15
2020-08-25T14:32:53Z,1011,1.01171875,233,37,76,4,10,6,8,28
2020-08-25T14:43:58Z,992,1.01171875,232,40,75,3,9,5,8,23
2020-08-25T14:55:00Z,803,1.0,247,30,71,10,10,6,10,30
2020-08-25T15:06:10Z,860,1.0,233,39,72,2,11,7,8,32
2020-08-25T15:17:12Z,1106,1.0,234,38,78,2,7,4,8,20
2020-08-25T15:28:15Z,955,1.01171875,243,30,73,7,7,5,9,23
2020-08-25T15:39:17Z,841,1.015625,229,42,73,3,11,8,7,33
2020-08-25T15:50:20Z,936,1.0,229,42,75,3,9,6,7,27
2020-08-25T16:01:22Z,1049,1.0,230,43,77,1,7,4,8,19
2020-08-25T16:12:26Z,671,1.0,233,35,70,5,11,8,10,32
2020-08-25T16:23:28Z,652,1.01953125,242,26,68,8,11,9,10,36
2020-08-25T16:34:30Z,350,1.0078125,264,22,61,16,10,14,8,43
2020-08-25T16:45:32Z,614,1.0,244,29,70,6,11,12,8,42
2020-08-25T16:56:34Z,860,1.015625,246,29,72,10,11,7,10,31
2020-08-25T17:07:36Z,1087,1.0078125,231,38,76,3,8,5,9,22
2020-08-25T17:18:38Z,936,1.0,228,38,72,4,12,9,9,36
2020-08-25T17:29:40Z,1238,1.0,229,46,78,1,6,5,7,18
2020-08-25T17:40:44Z,1087,1.0078125,237,34,73,6,11,8,8,33
2020-08-25T17:51:45Z,1106,1.0078125,242,30,73,7,7,7,9,25
2020-08-25T18:02:47Z,747,1.0,243,23,71,5,7,7,9,26
2020-08-25T18:13:48Z,558,1.02734375,263,18,68,8,4,6,7,20
2020-08-25T18:24:50Z,539,1.0,286,11,63,14,2,4,6,13
2020-08-25T18:35:52Z,425,1.01953125,283,16,59,21,6,9,8,27
2020-08-25T18:46:54Z,539,1.0,280,14,64,6,2,7,5,18
2020-08-25T18:57:56Z,406,1.01953125,142,12,58,168,2,9,6,23
2020-08-25T19:08:58Z,784,1.015625,272,14,66,5,1,4,5,11
2020-08-25T19:20:01Z,917,1.0,261,18,65,4,1,2,6,5
2020-08-25T19:31:03Z,955,1.01171875,290,9,62,20,2,5,6,15
2020-08-25T19:42:12Z,1200,1.0,280,13,62,6,1,3,5,8
2020-08-25T19:53:16Z,1616,1.0,266,15,64,5,1,4,5,9
2020-08-25T20:04:18Z,2429,1.0,269,15,62,5,1,3,6,9
2020-08-25T20:15:20Z,2429,1.0,283,11,59,10,1,4,6,12
2020-08-25T20:26:23Z,3544,1.0,308,11,59,12,1,6,6,16
2020-08-25T20:37:26Z,5132,1.0,248,19,63,4,1,5,6,13
2020-08-25T20:48:29Z,7136,1.0,247,19,64,4,1,4,6,10
2020-08-25T21:00:17Z,12467,1.0,250,21,64,3,1,4,6,11
2020-08-25T21:11:19Z,20974,1.0,243,25,66,3,1,3,6,7
2020-08-25T21:22:21Z,33243,1.40234375,249,26,65,3,1,3,6,7
2020-08-25T21:33:24Z,33243,2.5859375,242,38,59,2,1,3,6,8
2020-08-25T21:44:28Z,33243,2.5859375,235,58,28,2,3,3,5,5
2020-08-25T21:55:31Z,20180,9.84765625,240,57,22,3,3,3,11,5
2020-08-25T22:06:40Z,20369,9.84765625,238,63,7,6,7,1,6,2
2020-08-25T22:17:48Z,20010,9.84765625,117,35,1,112,36,0,3,0
2020-08-25T22:28:52Z,19840,9.84765625,218,63,1,148,32,0,3,0
2020-08-25T22:39:57Z,19821,9.84765625,37,89,0,36,27,0,3,0
2020-08-25T22:51:01Z,20010,9.84765625,90,90,1,115,18,0,3,0
2020-08-25T23:02:07Z,19840,9.84765625,87,90,1,112,19,0,3,0
2020-08-25T23:13:22Z,20010,9.84765625,94,86,0,118,27,0,3,0
2020-08-25T23:24:25Z,19840,9.84765625,103,82,0,125,32,0,3,0
2020-08-25T23:35:29Z,20558,9.84765625,92,86,0,115,28,0,3,0
2020-08-25T23:46:32Z,20010,9.84765625,87,88,0,109,26,0,3,0
2020-08-25T23:57:38Z,20199,9.84765625,97,76,0,124,38,0,3,0
2020-08-26T00:08:46Z,20010,9.84765625,94,88,0,118,25,0,3,0
2020-08-26T00:19:50Z,20199,9.84765625,101,80,0,124,35,0,3,0
2020-08-26T00:30:53Z,20010,9.84765625,99,64,0,131,44,0,3,0
2020-08-26T00:41:57Z,20010,9.84765625,103,83,0,125,32,0,3,0
2020-08-26T00:53:01Z,20558,9.84765625,96,80,0,122,35,0,3,0
2020-08-26T01:04:10Z,19840,9.84765625,86,90,0,113,20,0,3,0
2020-08-26T01:15:16Z,20010,9.84765625,79,92,1,106,15,0,3,0
2020-08-26T01:26:20Z,20010,9.84765625,73,92,1,101,16,0,3,0
2020-08-26T01:37:24Z,20010,9.84765625,71,92,1,98,14,0,3,0
2020-08-26T01:48:27Z,19821,9.84765625,82,91,0,108,19,0,3,0
2020-08-26T01:59:32Z,19840,9.84765625,93,76,0,118,38,0,3,0
2020-08-26T02:10:39Z,19840,9.84765625,95,88,0,118,24,0,3,0
2020-08-26T02:21:46Z,20010,9.84765625,91,89,0,117,23,0,3,0
2020-08-26T02:32:48Z,33243,9.84765625,19,90,3,22,11,0,5,1
2020-08-26T02:43:53Z,20010,9.84765625,54,92,1,78,13,0,3,0
2020-08-26T02:54:56Z,20010,9.84765625,65,91,1,91,14,0,3,0
2020-08-26T03:06:00Z,19840,9.84765625,48,84,0,37,34,0,3,0
2020-08-26T03:17:13Z,20010,9.84765625,55,93,1,77,13,0,3,0
2020-08-26T03:28:18Z,20199,9.84765625,87,90,0,113,20,0,3,0
2020-08-26T03:39:21Z,33243,9.84765625,22,86,2,23,13,0,5,1
2020-08-26T03:50:23Z,33243,9.84765625,24,87,2,18,13,0,5,1
2020-08-26T04:01:27Z,20010,9.84765625,67,91,1,93,15,0,3,0
2020-08-26T04:12:30Z,20010,9.84765625,53,90,1,74,14,0,4,0
2020-08-26T04:23:38Z,21087,9.84765625,31,89,2,71,12,0,4,1
2020-08-26T04:34:45Z,20010,9.84765625,180,75,1,148,25,0,4,0
2020-08-26T04:45:47Z,33243,9.84765625,233,31,3,73,14,1,6,2
2020-08-26T04:56:48Z,33243,9.84765625,245,52,17,5,4,2,10,5
2020-08-26T05:07:51Z,20180,9.84765625,243,58,17,4,3,2,10,3
2020-08-26T05:18:50Z,33243,9.84765625,240,35,72,1,1,3,12,9
2020-08-26T05:29:56Z,33243,2.5859375,236,46,52,1,1,3,6,6
2020-08-26T05:41:01Z,33243,2.08203125,233,37,71,1,2,3,6,8
2020-08-26T05:52:10Z,33243,1.01953125,231,35,71,1,2,3,6,9
2020-08-26T06:03:14Z,20596,1.0,234,29,69,2,2,3,6,8
2020-08-26T06:14:16Z,14925,1.0,233,30,69,2,1,3,6,7
2020-08-26T06:25:20Z,9896,1.0,232,25,67,2,1,3,6,9
2020-08-26T06:36:23Z,6399,1.0,249,19,65,3,1,4,6,11
2020-08-26T06:47:25Z,4320,1.0,268,16,62,5,1,4,5,11
2020-08-26T06:58:27Z,3733,1.0,254,18,65,4,1,5,5,12
2020-08-26T07:09:28Z,2656,1.0,274,14,63,5,0,3,5,8
2020-08-26T07:20:31Z,2240,1.0,281,13,63,6,0,3,5,8
2020-08-26T07:31:39Z,1786,1.0,282,11,63,6,0,4,5,10
2020-08-26T07:42:47Z,1616,1.0,282,11,63,6,0,3,5,9
2020-08-26T07:53:49Z,1427,1.0,282,11,63,6,0,4,5,10
2020-08-26T08:04:53Z,1389,1.0078125,282,11,61,6,0,3,5,8
2020-08-26T08:15:55Z,1333,1.0078125,281,11,63,6,0,4,5,10
2020-08-26T08:26:57Z,1125,1.0078125,281,12,63,6,1,5,5,14
2020-08-26T08:38:00Z,992,1.01171875,281,12,64,5,0,4,5,10
2020-08-26T08:49:08Z,766,1.015625,280,10,63,6,0,4,5,12
2020-08-26T09:00:13Z,652,1.0234375,281,11,63,6,0,3,5,8
2020-08-26T09:11:20Z,633,1.0234375,280,10,63,6,0,3,5,9
2020-08-26T09:22:22Z,539,1.0078125,280,11,64,6,1,4,5,11
2020-08-26T09:33:26Z,482,1.01171875,284,10,62,7,0,4,5,12
2020-08-26T09:44:28Z,501,1.01953125,280,12,59,6,0,3,5,7
2020-08-26T09:55:31Z,444,1.03515625,279,10,63,6,0,3,5,10
2020-08-26T10:06:45Z,425,1.015625,281,10,62,6,0,2,5,7
2020-08-26T10:17:48Z,425,1.015625,280,11,58,6,0,3,5,7
2020-08-26T10:28:50Z,425,1.015625,280,11,58,6,0,3,5,7
2020-08-26T10:39:54Z,463,1.0,279,11,58,6,0,2,5,6
2020-08-26T10:50:56Z,463,1.0,285,10,61,7,0,4,5,10
2020-08-26T11:02:00Z,463,1.0,283,10,62,6,0,4,5,12
2020-08-26T11:13:30Z,444,1.015625,281,10,63,6,0,3,5,9
2020-08-26T11:24:42Z,312,1.03125,288,9,66,7,1,5,5,15
2020-08-26T11:35:43Z,387,1.0,285,11,57,7,0,4,6,10
2020-08-26T11:46:57Z,312,1.03125,284,9,67,6,0,4,5,11
2020-08-26T11:58:00Z,255,1.0078125,293,7,73,8,1,6,5,18
2020-08-26T12:09:06Z,236,1.05078125,287,8,73,7,1,6,5,17
2020-08-26T12:20:14Z,217,1.05859375,289,6,78,8,0,2,4,6
2020-08-26T12:31:22Z,217,1.015625,294,6,78,8,0,3,4,10
2020-08-26T12:42:41Z,198,1.04296875,286,7,80,8,1,3,4,9
2020-08-26T12:53:44Z,198,1.04296875,280,8,80,6,1,3,4,8
2020-08-26T13:04:46Z,198,1.04296875,293,7,75,8,1,5,5,13
2020-08-26T13:15:53Z,217,1.0546875,292,7,71,7,1,5,5,14
2020-08-26T13:26:55Z,217,1.0546875,294,7,70,8,0,4,5,11
2020-08-26T13:38:02Z,198,1.0625,294,6,79,9,0,3,4,9
2020-08-26T13:49:09Z,198,1.04296875,296,6,80,9,1,4,4,10
2020-08-26T14:00:25Z,198,1.0234375,282,7,81,7,1,3,4,10
2020-08-26T14:11:27Z,198,1.046875,280,14,73,7,3,6,7,19
2020-08-26T14:22:30Z,198,1.046875,296,8,74,16,6,9,7,29
2020-08-26T14:33:37Z,198,1.046875,299,6,79,9,1,3,4,10
2020-08-26T14:44:49Z,198,1.046875,304,6,79,9,1,5,4,13
2020-08-26T14:55:53Z,198,1.046875,299,6,79,8,1,6,4,16
2020-08-26T15:07:06Z,198,1.046875,296,6,78,9,1,5,4,15
2020-08-26T15:18:16Z,198,1.046875,293,6,77,10,1,5,4,14
2020-08-26T15:29:26Z,198,1.046875,303,7,74,40,2,7,6,20
2020-08-26T15:40:28Z,198,1.046875,287,9,73,13,3,5,6,16
2020-08-26T15:51:29Z,236,1.0234375,284,9,67,7,1,3,5,9
2020-08-26T16:02:39Z,312,1.046875,298,8,59,9,0,7,5,19
2020-08-26T16:13:42Z,293,1.015625,302,7,68,9,1,10,5,26
2020-08-26T16:24:44Z,255,1.046875,297,7,71,11,1,8,5,21
2020-08-26T16:35:47Z,312,1.0234375,271,18,64,13,7,8,9,28
2020-08-26T16:46:52Z,312,1.0,286,11,65,17,4,10,7,28
2020-08-26T16:57:56Z,425,1.01953125,284,10,56,8,1,7,6,17
2020-08-26T17:08:58Z,406,1.0,282,11,63,6,1,6,5,15
2020-08-26T17:20:01Z,406,1.0,286,10,62,8,1,5,5,13
2020-08-26T17:31:04Z,387,1.0390625,280,12,63,6,1,3,5,9
2020-08-26T17:42:06Z,387,1.0390625,279,12,58,7,1,3,5,8
2020-08-26T17:53:10Z,501,1.01953125,282,11,57,7,1,5,6,14
2020-08-26T18:04:13Z,577,1.0,282,11,60,6,1,5,5,13
2020-08-26T18:15:15Z,633,1.01953125,282,12,62,6,1,4,5,11
2020-08-26T18:26:17Z,671,1.0,282,12,60,6,1,4,5,12
2020-08-26T18:37:21Z,860,1.0,282,13,60,6,1,4,5,10
2020-08-26T18:48:24Z,1238,1.0,282,12,61,6,0,3,5,9
2020-08-26T18:59:26Z,1541,1.0,281,13,61,5,0,4,5,9
2020-08-26T19:10:28Z,1862,1.0,282,12,63,6,0,5,5,12
2020-08-26T19:21:30Z,1881,1.0,281,11,62,6,0,5,5,13
2020-08-26T19:32:33Z,1881,1.0,282,13,61,6,1,5,6,13
2020-08-26T19:43:36Z,2259,1.0,270,16,62,4,0,4,5,9
2020-08-26T19:54:39Z,2637,1.0,265,16,62,5,1,4,5,11
2020-08-26T20:05:40Z,3582,1.0,262,17,63,5,0,4,5,10
2020-08-26T20:16:42Z,4735,1.0,237,26,67,2,1,4,6,10
2020-08-26T20:27:46Z,7174,1.0,247,20,64,4,1,4,6,11
2020-08-26T20:38:50Z,10482,1.0,245,21,64,4,1,4,6,10
2020-08-26T20:49:52Z,15756,1.0,237,26,66,3,1,5,6,13
2020-08-26T21:00:54Z,28536,1.0,230,34,69,2,1,2,6,6
2020-08-26T21:11:56Z,33243,1.765625,234,34,68,2,2,3,6,7
2020-08-26T21:22:59Z,33243,2.5859375,238,41,50,2,1,3,6,7
2020-08-26T21:34:02Z,33243,5.2265625,240,48,36,2,2,3,8,6
2020-08-26T21:45:05Z,20369,9.84765625,249,55,16,4,3,2,10,4
2020-08-26T21:56:09Z,20010,9.84765625,252,52,4,9,8,0,6,1
2020-08-26T22:07:13Z,20369,9.84765625,167,24,1,159,24,0,4,1
2020-08-26T22:18:16Z,20010,9.84765625,185,68,1,149,27,0,4,0
2020-08-26T22:29:20Z,20369,9.84765625,33,88,1,57,13,0,4,0
2020-08-26T22:40:23Z,19840,9.84765625,32,91,1,48,12,0,4,0
2020-08-26T22:51:26Z,20369,9.84765625,69,91,1,96,15,0,3,0
2020-08-26T23:02:30Z,20010,9.84765625,28,90,2,65,12,0,4,1
2020-08-26T23:13:34Z,20010,9.84765625,50,91,1,68,14,0,3,0
2020-08-26T23:24:38Z,20199,9.84765625,65,89,1,92,15,0,4,0
2020-08-26T23:35:43Z,20369,9.84765625,47,91,1,65,14,0,4,0
2020-08-26T23:46:49Z,20010,9.84765625,27,90,2,64,12,0,4,1
2020-08-26T23:57:54Z,20010,9.84765625,44,91,0,27,25,0,3,0
2020-08-27T00:09:00Z,20369,9.84765625,64,91,1,89,14,0,3,0
2020-08-27T00:20:07Z,20199,9.84765625,77,92,1,105,15,0,3,0
2020-08-27T00:31:13Z,21087,9.84765625,66,92,1,93,14,0,3,0
2020-08-27T00:42:17Z,20010,9.84765625,68,92,1,95,14,0,3,0
2020-08-27T00:53:21Z,20010,9.84765625,67,92,1,94,14,0,3,0
2020-08-27T01:04:25Z,20010,9.84765625,67,91,1,94,15,0,3,0
2020-08-27T01:15:28Z,20010,9.84765625,64,91,1,92,15,0,3,0
2020-08-27T01:26:32Z,19821,9.84765625,60,91,1,86,14,0,3,0
2020-08-27T01:37:35Z,20010,9.84765625,47,91,1,64,13,0,4,0
2020-08-27T01:48:40Z,21276,9.84765625,66,91,1,92,14,0,3,0
2020-08-27T01:59:44Z,20010,9.84765625,48,92,1,64,13,0,3,0
2020-08-27T02:10:54Z,19840,9.84765625,26,91,1,54,11,0,4,1
2020-08-27T02:21:57Z,20010,9.84765625,29,90,2,68,12,0,4,1
2020-08-27T02:33:03Z,19840,9.84765625,83,91,1,110,16,0,3,0
2020-08-27T02:44:08Z,19840,9.84765625,27,92,1,53,11,0,4,1
2020-08-27T02:55:11Z,20010,9.84765625,81,92,1,108,17,0,3,0
2020-08-27T03:06:15Z,20010,9.84765625,80,92,1,108,16,0,3,0
2020-08-27T03:17:18Z,20010,9.84765625,79,92,1,107,16,0,3,0
2020-08-27T03:28:22Z,20010,9.84765625,86,91,0,112,19,0,3,0
2020-08-27T03:39:28Z,20010,9.84765625,88,87,0,113,26,0,3,0
2020-08-27T03:50:31Z,19840,9.84765625,84,90,0,108,21,0,3,0
2020-08-27T04:01:35Z,19840,9.84765625,80,91,1,107,16,0,3,0
2020-08-27T04:12:39Z,19840,9.84765625,80,90,1,107,16,0,3,0
2020-08-27T04:23:42Z,20010,9.84765625,29,89,2,68,12,0,4,1
2020-08-27T04:34:47Z,19840,9.84765625,85,87,1,114,17,0,4,0
2020-08-27T04:45:50Z,19840,9.84765625,185,66,1,149,27,0,4,0
2020-08-27T04:56:54Z,20010,9.84765625,235,44,2,47,16,0,4,1
2020-08-27T05:07:58Z,20369,9.84765625,233,69,17,3,4,3,10,4
2020-08-27T05:19:00Z,33243,5.2265625,235,53,38,2,2,3,8,7
2020-08-27T05:30:05Z,33243,2.5859375,238,44,49,1,2,4,6,8
2020-08-27T05:41:06Z,33243,1.9140625,236,33,70,2,2,3,6,8
2020-08-27T05:52:10Z,30785,1.0,232,33,71,2,1,3,6,8
2020-08-27T06:03:13Z,16172,1.0,231,31,69,2,1,4,6,10
2020-08-27T06:14:14Z,11673,1.0,232,30,69,2,1,3,6,8
2020-08-27T06:25:17Z,7571,1.0,250,19,65,4,1,3,5,8
2020-08-27T06:36:18Z,4395,1.0,256,18,65,4,1,4,6,10
2020-08-27T06:47:20Z,2826,1.0,276,14,63,7,1,4,6,10
2020-08-27T06:58:22Z,2618,1.0,261,17,64,5,2,7,6,18
2020-08-27T07:09:24Z,2108,1.0,284,12,61,7,1,8,6,21
2020-08-27T07:20:29Z,2202,1.0,278,14,62,5,1,6,5,14
2020-08-27T07:31:32Z,1616,1.0,280,13,64,5,1,4,6,12
2020-08-27T07:42:35Z,1314,1.0,282,13,62,6,1,7,5,18
2020-08-27T07:53:38Z,1106,1.0078125,282,12,63,6,1,8,6,20
2020-08-27T08:04:41Z,860,1.0,282,13,65,6,1,5,6,14
2020-08-27T08:15:43Z,652,1.0,281,12,64,7,1,5,6,15
2020-08-27T08:26:53Z,577,1.0,282,12,64,7,1,5,6,13
2020-08-27T08:37:58Z,577,1.0,282,11,58,8,1,7,5,18
2020-08-27T08:49:02Z,595,1.01953125,280,12,61,6,1,4,6,10
2020-08-27T09:00:06Z,728,1.0,281,11,60,6,1,9,6,22
2020-08-27T09:11:08Z,350,1.046875,280,10,62,8,1,6,5,17
2020-08-27T09:22:13Z,350,1.02734375,280,12,60,6,1,4,6,12
2020-08-27T09:33:17Z,350,1.0078125,285,10,63,9,1,6,5,16
2020-08-27T09:44:21Z,350,1.0078125,287,9,65,8,1,3,5,9
2020-08-27T09:55:24Z,312,1.03125,297,9,67,20,4,7,6,22
2020-08-27T10:06:27Z,293,1.0,283,9,70,7,1,6,5,16
2020-08-27T10:17:30Z,274,1.0,289,8,72,7,1,5,5,15
2020-08-27T10:28:33Z,255,1.046875,281,10,72,6,2,6,5,16
2020-08-27T10:39:37Z,255,1.046875,291,8,72,9,1,6,5,17
2020-08-27T10:50:43Z,236,1.05078125,281,8,76,7,1,4,4,13
2020-08-27T11:01:45Z,236,1.05078125,295,7,75,10,1,3,4,10
2020-08-27T11:12:53Z,236,1.05078125,283,9,76,8,2,4,5,14
2020-08-27T11:24:02Z,217,1.05859375,292,7,72,8,0,3,4,9
2020-08-27T11:35:05Z,217,1.05859375,289,8,69,8,0,3,5,10
2020-08-27T11:46:12Z,236,1.0234375,288,9,66,7,0,3,5,8
2020-08-27T11:57:15Z,236,1.0234375,289,8,72,7,0,3,4,9
2020-08-27T12:08:19Z,236,1.0234375,293,7,76,7,0,3,4,8
2020-08-27T12:19:24Z,217,1.015625,294,6,78,8,0,3,4,9
2020-08-27T12:30:28Z,217,1.015625,294,6,78,8,0,3,4,8
2020-08-27T12:41:32Z,198,1.0625,280,7,80,6,1,2,4,8
2020-08-27T12:52:36Z,198,1.0625,280,9,76,7,2,5,6,16
2020-08-27T13:03:39Z,85,1.04296875,283,12,56,7,1,4,6,11
2020-08-27T13:14:41Z,180,1.02734375,293,7,72,7,0,2,4,6
2020-08-27T13:25:46Z,350,1.0,289,10,57,8,0,4,6,11
2020-08-27T13:36:48Z,444,1.0,289,10,57,7,0,4,6,11
2020-08-27T13:47:50Z,501,1.01953125,288,10,59,7,0,4,6,10
2020-08-27T13:58:52Z,728,1.0,281,10,61,7,1,9,6,25
2020-08-27T14:09:54Z,274,1.0,290,7,71,7,1,6,5,17
2020-08-27T14:20:56Z,217,1.015625,290,6,78,9,1,4,4,12
2020-08-27T14:32:01Z,217,1.015625,283,8,78,7,1,4,4,11
2020-08-27T14:43:06Z,217,1.015625,285,7,78,7,1,5,4,14
2020-08-27T14:54:09Z,217,1.0546875,281,12,74,10,4,6,6,22
2020-08-27T15:05:12Z,217,1.0546875,284,8,73,6,1,4,5,13
2020-08-27T15:16:15Z,350,1.0234375,287,10,56,7,1,9,5,22
2020-08-27T15:27:19Z,236,1.05078125,279,9,74,6,0,2,4,6
2020-08-27T15:38:22Z,331,1.01953125,282,11,59,6,0,4,5,12
2020-08-27T15:49:25Z,577,1.0234375,280,10,63,6,0,4,5,11
2020-08-27T16:00:29Z,331,1.0078125,284,10,60,7,0,5,5,14
2020-08-27T16:11:32Z,312,1.03125,281,11,67,6,1,5,5,15
2020-08-27T16:22:34Z,539,1.02734375,280,14,64,5,1,7,6,20
2020-08-27T16:33:36Z,312,1.01171875,293,8,67,8,1,4,5,11
2020-08-27T16:44:39Z,274,1.0390625,280,11,72,8,2,3,5,12
2020-08-27T16:55:41Z,387,1.0234375,259,24,59,23,12,14,10,47
2020-08-27T17:06:44Z,709,1.0,247,28,73,5,7,8,8,27
2020-08-27T17:17:46Z,1144,1.0,229,44,78,1,4,6,7,17
2020-08-27T17:28:48Z,350,1.0078125,282,11,64,7,1,7,5,20
2020-08-27T17:39:50Z,425,1.01953125,283,13,59,12,2,5,6,15
2020-08-27T17:50:51Z,520,1.0078125,277,14,66,7,3,7,5,21
2020-08-27T18:01:54Z,539,1.02734375,285,15,65,14,4,8,6,24
2020-08-27T18:12:57Z,406,1.0390625,286,9,63,7,1,6,5,16
2020-08-27T18:24:02Z,633,1.0,264,18,64,6,3,6,6,19
2020-08-27T18:35:13Z,766,1.015625,256,20,69,4,2,5,6,14
2020-08-27T18:46:19Z,1181,1.0,228,44,76,2,5,6,7,19
2020-08-27T18:57:23Z,690,1.01953125,284,10,62,13,2,5,6,15
2020-08-27T19:08:27Z,879,1.0,281,14,65,11,4,8,6,23
2020-08-27T19:19:30Z,1314,1.0,282,12,60,6,1,10,6,25
2020-08-27T19:30:34Z,1541,1.0,282,10,60,7,0,4,5,10
2020-08-27T19:41:38Z,784,1.0,134,14,65,154,2,11,6,29
2020-08-27T19:52:40Z,1616,1.0,245,23,69,5,5,9,6,27
2020-08-27T20:03:44Z,2183,1.0,241,24,67,9,8,7,7,26
2020-08-27T20:14:46Z,3015,1.0,231,30,68,5,9,5,7,21
2020-08-27T20:25:49Z,3450,1.0,240,26,67,4,3,4,6,13
2020-08-27T20:36:53Z,4981,1.0,242,24,67,4,1,3,6,9
2020-08-27T20:47:55Z,8252,1.0,253,20,64,4,1,3,6,9
2020-08-27T20:52:05Z,10936,1.0,235,19,80,3,1,4,5,12
2020-08-27T21:03:06Z,21598,1.0,249,24,67,3,2,5,6,14
2020-08-27T21:14:08Z,33243,1.7421875,237,32,68,2,3,6,6,16
2020-08-27T21:25:10Z,33243,2.5859375,239,41,50,2,3,9,6,17
2020-08-27T21:36:15Z,33243,2.5859375,235,56,37,2,5,8,8,14
2020-08-27T21:47:27Z,20199,9.84765625,242,59,15,5,4,2,10,3
2020-08-27T21:58:38Z,33243,9.84765625,276,44,10,18,7,2,9,3
2020-08-27T22:09:42Z,20199,9.84765625,21,9,0,62,25,0,3,0
2020-08-27T22:20:47Z,20369,9.84765625,120,27,0,158,37,0,3,0
2020-08-27T22:31:52Z,20388,9.84765625,99,30,0,147,41,0,3,0
2020-08-27T22:42:55Z,20558,9.84765625,75,89,1,102,16,0,3,0
2020-08-27T22:54:01Z,20010,9.84765625,29,90,2,65,12,0,4,1
2020-08-27T23:05:04Z,20199,9.84765625,88,90,1,114,20,0,3,0
2020-08-27T23:16:08Z,20010,9.84765625,107,81,0,127,33,0,3,0
2020-08-27T23:27:13Z,20558,9.84765625,80,92,1,107,16,0,3,0
2020-08-27T23:38:16Z,20369,9.84765625,64,92,1,90,15,0,3,0
2020-08-27T23:49:19Z,20369,9.84765625,91,73,0,121,40,0,3,0
2020-08-28T00:00:24Z,19821,9.84765625,101,61,0,133,45,0,3,0
2020-08-28T00:11:29Z,20558,9.84765625,101,63,0,132,44,0,3,0
2020-08-28T00:22:33Z,20369,9.84765625,101,72,0,127,40,0,3,0
2020-08-28T00:33:38Z,20558,9.84765625,103,84,0,124,30,0,3,0
2020-08-28T00:44:43Z,20010,9.84765625,108,68,0,134,42,0,3,0
2020-08-28T00:55:46Z,20199,9.84765625,107,67,0,133,43,0,3,0
2020-08-28T01:06:49Z,20010,9.84765625,108,74,0,130,39,0,3,0
2020-08-28T01:17:51Z,19840,9.84765625,65,92,1,91,14,0,3,0
2020-08-28T01:28:55Z,20369,9.84765625,104,84,0,124,30,0,3,0
2020-08-28T01:39:59Z,20010,9.84765625,110,78,0,130,36,0,3,0
2020-08-28T01:51:02Z,20369,9.84765625,99,56,0,134,46,0,3,0
2020-08-28T02:02:07Z,20369,9.84765625,36,93,0,44,18,0,3,0
2020-08-28T02:13:11Z,19840,9.84765625,92,89,0,115,22,0,3,0
2020-08-28T02:24:14Z,20010,9.84765625,101,63,0,131,44,0,3,0
2020-08-28T02:35:18Z,20010,9.84765625,109,68,0,133,42,0,3,0
2020-08-28T02:46:21Z,20369,9.84765625,94,49,0,135,47,0,3,0
2020-08-28T02:57:26Z,20010,9.84765625,22,34,0,40,47,0,2,0
2020-08-28T03:08:29Z,20558,9.84765625,108,74,0,130,39,0,3,0
2020-08-28T03:19:34Z,20369,9.84765625,110,79,0,129,35,0,3,0
2020-08-28T03:30:39Z,20369,9.84765625,108,80,0,127,34,0,3,0
2020-08-28T03:41:42Z,20558,9.84765625,103,69,0,130,42,0,3,0
2020-08-28T03:52:46Z,20010,9.84765625,89,42,0,135,46,0,3,0
2020-08-28T04:03:51Z,20558,9.84765625,28,45,0,39,49,0,2,0
2020-08-28T04:14:55Z,20369,9.84765625,29,44,0,46,49,0,2,0
2020-08-28T04:26:00Z,20369,9.84765625,136,73,0,143,37,0,3,0
2020-08-28T04:37:03Z,19632,9.84765625,107,84,1,127,21,0,4,0
2020-08-28T04:48:09Z,20558,9.84765625,162,42,1,159,36,0,3,0
2020-08-28T04:59:13Z,20010,9.84765625,233,74,5,8,9,2,5,2
2020-08-28T05:10:17Z,20558,9.84765625,239,65,14,5,4,2,9,3
2020-08-28T05:21:19Z,33243,2.5859375,229,65,33,1,3,3,7,6
2020-08-28T05:32:21Z,33243,2.5859375,228,64,36,1,2,3,5,5
2020-08-28T05:43:23Z,33243,1.765625,232,39,70,1,2,4,6,11
2020-08-28T05:54:27Z,32959,1.0,230,37,73,1,1,2,6,7
2020-08-28T06:05:27Z,12789,1.0,227,39,73,1,1,3,6,8
2020-08-28T06:16:30Z,7798,1.0,225,40,74,1,2,4,6,11
2020-08-28T06:27:32Z,5340,1.0,226,41,73,1,3,6,6,17
2020-08-28T06:38:33Z,4357,1.0,247,21,66,3,1,4,5,10
2020-08-28T06:49:36Z,2921,1.0,254,18,66,4,1,3,5,9
2020-08-28T07:00:38Z,2467,1.0,234,29,70,2,1,2,6,5
2020-08-28T07:11:49Z,2316,1.0,228,38,70,3,8,10,6,32
2020-08-28T07:22:52Z,1597,1.0,268,16,66,4,1,4,5,9
2020-08-28T07:33:54Z,1181,1.0,260,18,66,4,1,3,5,10
2020-08-28T07:44:57Z,822,1.0,302,8,58,10,1,8,5,22
2020-08-28T07:55:59Z,1049,1.0,281,11,62,9,2,7,6,18
2020-08-28T08:07:02Z,1314,1.0,282,12,62,5,0,3,5,8
2020-08-28T08:18:04Z,1427,1.0,283,13,64,6,1,4,5,10
2020-08-28T08:29:06Z,482,1.01171875,296,10,61,17,3,8,6,23
2020-08-28T08:40:08Z,577,1.0234375,288,9,62,8,1,6,5,15
2020-08-28T08:51:10Z,709,1.0,281,11,64,6,1,6,5,16
2020-08-28T09:02:11Z,539,1.0,291,9,55,9,1,10,6,24
2020-08-28T09:13:13Z,539,1.0078125,281,11,62,7,1,8,5,20
2020-08-28T09:24:14Z,747,1.01953125,281,11,64,6,0,3,5,7
2020-08-28T09:35:18Z,860,1.0,286,9,58,8,1,6,5,16
2020-08-28T09:46:19Z,633,1.0,281,11,63,6,1,4,5,12
2020-08-28T09:57:22Z,633,1.01953125,282,14,60,5,0,4,5,10
2020-08-28T10:08:25Z,558,1.0078125,269,16,67,3,0,3,5,7
2020-08-28T10:19:32Z,312,1.01171875,281,11,66,6,1,4,5,11
2020-08-28T10:30:34Z,236,1.03125,288,7,76,7,1,5,4,14
2020-08-28T10:41:36Z,217,1.05859375,284,8,74,7,1,5,4,13
2020-08-28T10:52:37Z,217,1.05859375,285,9,69,6,0,3,5,7
2020-08-28T11:03:39Z,217,1.05859375,282,9,75,7,1,4,5,13
2020-08-28T11:14:41Z,217,1.05859375,289,7,76,8,0,3,4,10
2020-08-28T11:25:43Z,236,1.05078125,281,12,72,5,1,3,5,9
2020-08-28T11:36:45Z,217,1.0546875,283,10,72,6,1,4,5,12
2020-08-28T11:47:47Z,236,1.05078125,287,8,71,9,1,7,5,19
2020-08-28T11:58:50Z,387,1.0,300,9,58,9,1,10,5,25
2020-08-28T12:09:54Z,236,1.01171875,282,9,78,5,1,4,4,13
2020-08-28T12:20:56Z,331,1.01953125,258,25,68,3,3,7,6,19
2020-08-28T12:31:58Z,236,1.03125,288,7,75,7,0,3,4,8
2020-08-28T12:43:00Z,198,1.0234375,293,6,79,8,0,2,4,7
2020-08-28T12:54:01Z,255,1.046875,284,8,71,6,1,8,5,21
2020-08-28T13:05:03Z,274,1.0,281,9,73,6,1,4,5,11
2020-08-28T13:16:05Z,217,1.015625,281,9,78,5,1,3,4,10
2020-08-28T13:27:07Z,255,1.0,286,9,67,6,1,5,5,13
2020-08-28T13:38:09Z,255,1.0078125,289,7,74,7,1,4,5,13
2020-08-28T13:49:14Z,236,1.03125,294,8,65,8,1,7,5,19
2020-08-28T14:00:16Z,917,1.015625,281,11,61,6,2,12,6,31
2020-08-28T14:11:17Z,501,1.01171875,280,10,64,6,1,5,5,15
2020-08-28T14:22:19Z,595,1.0,282,11,58,7,1,6,6,16
2020-08-28T14:33:22Z,369,1.0390625,283,10,62,7,1,5,6,14
2020-08-28T14:44:23Z,652,1.0,297,8,60,9,1,14,5,36
2020-08-28T14:55:26Z,217,1.05859375,293,7,73,8,0,3,4,8
2020-08-28T15:06:29Z,236,1.03125,302,6,74,9,1,6,4,17
2020-08-28T15:17:32Z,236,1.03125,282,9,72,6,0,3,4,8
2020-08-28T15:28:34Z,236,1.0703125,294,6,74,8,1,6,4,15
2020-08-28T15:39:37Z,293,1.0,295,9,62,8,0,5,5,13
2020-08-28T15:50:39Z,841,1.0,287,9,57,9,1,12,5,32
2020-08-28T16:01:43Z,577,1.0234375,288,9,59,8,1,9,6,23
2020-08-28T16:12:46Z,539,1.0078125,283,10,63,7,0,7,5,17
2020-08-28T16:23:49Z,255,1.0078125,285,8,73,7,1,4,4,11
2020-08-28T16:34:51Z,539,1.0078125,279,10,63,7,1,6,5,16
2020-08-28T16:45:53Z,501,1.03125,289,8,62,8,0,3,5,8
2020-08-28T16:56:55Z,406,1.01953125,281,11,57,7,0,6,5,15
2020-08-28T17:07:57Z,274,1.01953125,293,7,72,7,0,4,4,11
2020-08-28T17:19:01Z,690,1.01953125,289,8,62,8,1,6,5,16
2020-08-28T17:30:02Z,766,1.015625,295,8,61,9,1,4,5,11
2020-08-28T17:41:07Z,312,1.01171875,280,10,65,6,1,5,5,14
2020-08-28T17:52:09Z,369,1.0390625,282,15,59,9,2,5,6,14
2020-08-28T18:03:13Z,784,1.0,282,11,59,6,0,3,5,9
2020-08-28T18:14:15Z,577,1.0234375,299,8,61,9,1,6,5,17
2020-08-28T18:25:18Z,501,1.01171875,282,12,61,5,1,5,5,12
2020-08-28T18:36:20Z,671,1.01953125,255,20,66,4,4,8,7,22
2020-08-28T18:47:23Z,425,1.015625,293,9,62,9,0,4,5,10
2020-08-28T18:58:27Z,595,1.0,315,8,61,7,1,6,5,15
2020-08-28T19:09:30Z,898,1.0,283,10,59,7,1,4,5,11
2020-08-28T19:20:33Z,1465,1.0,235,28,71,4,5,3,7,14
2020-08-28T19:31:36Z,1427,1.0,282,11,61,6,0,4,5,11
2020-08-28T19:42:39Z,1730,1.0,249,20,65,3,1,3,6,8
2020-08-28T19:53:42Z,2070,1.0,254,19,65,4,1,2,5,6
2020-08-28T20:04:46Z,4055,1.0,242,23,66,3,3,11,6,27
2020-08-28T20:15:48Z,4811,1.0,245,23,67,3,2,6,6,14
2020-08-28T20:26:50Z,6437,1.0,245,21,65,4,1,4,6,9
2020-08-28T20:37:53Z,10539,1.0,229,35,70,2,1,4,6,10
2020-08-28T20:48:57Z,15586,1.0,228,38,71,2,2,6,6,16
2020-08-28T20:59:59Z,24717,1.0,223,53,76,1,2,4,6,11
2020-08-28T21:11:14Z,33243,2.08203125,222,53,74,1,1,2,6,6
2020-08-28T21:22:23Z,33243,2.5859375,224,64,55,1,2,5,6,8
2020-08-28T21:33:26Z,33243,5.2265625,224,74,44,1,2,4,8,6
2020-08-28T21:44:31Z,20199,9.84765625,229,83,21,2,4,5,9,5
2020-08-28T21:55:35Z,19632,9.84765625,234,72,4,8,9,1,4,1
2020-08-28T22:06:42Z,20369,9.84765625,114,25,1,132,31,0,3,0
2020-08-28T22:17:48Z,20369,9.84765625,152,61,0,152,40,0,3,0
2020-08-28T22:28:52Z,20010,9.84765625,107,38,0,148,44,0,3,0
2020-08-28T22:39:58Z,19821,9.84765625,114,86,0,130,27,0,3,0
2020-08-28T22:51:02Z,20010,9.84765625,114,73,0,133,39,0,3,0
2020-08-28T23:02:06Z,20558,9.84765625,98,54,0,134,46,0,3,0
2020-08-28T23:13:10Z,20369,9.84765625,105,84,0,124,30,0,3,0
2020-08-28T23:24:16Z,20010,9.84765625,107,77,0,128,37,0,3,0
2020-08-28T23:35:20Z,20558,9.84765625,32,91,1,67,12,0,4,1
2020-08-28T23:46:23Z,19632,9.84765625,96,88,0,119,23,0,3,0
2020-08-28T23:57:29Z,20747,9.84765625,97,87,0,119,26,0,3,0
2020-08-29T00:08:34Z,20369,9.84765625,23,35,0,41,47,0,2,0
2020-08-29T00:19:38Z,20010,9.84765625,80,44,0,126,47,0,2,0
2020-08-29T00:30:41Z,20558,9.84765625,93,53,0,132,46,0,3,0
2020-08-29T00:41:46Z,20010,9.84765625,93,63,0,124,45,0,3,0
2020-08-29T00:52:49Z,20558,9.84765625,111,75,0,131,38,0,3,0
2020-08-29T01:03:53Z,20010,9.84765625,104,70,0,129,42,0,3,0
2020-08-29T01:14:57Z,19821,9.84765625,98,58,0,132,46,0,3,0
2020-08-29T01:26:00Z,20369,9.84765625,93,69,0,121,42,0,3,0
2020-08-29T01:37:04Z,21825,9.84765625,111,70,0,133,41,0,3,0
2020-08-29T01:48:09Z,19821,9.84765625,101,88,0,122,23,0,3,0
2020-08-29T01:59:14Z,21106,9.84765625,77,91,1,103,18,0,3,0
2020-08-29T02:10:18Z,20369,9.84765625,31,91,1,64,11,0,4,1
2020-08-29T02:21:21Z,20010,9.84765625,37,87,1,58,14,0,4,0
2020-08-29T02:32:25Z,20369,9.84765625,47,88,1,67,15,0,4,0
2020-08-29T02:43:29Z,20369,9.84765625,83,89,0,109,22,0,3,0
2020-08-29T02:54:32Z,20010,9.84765625,103,65,0,131,44,0,3,0
2020-08-29T03:05:36Z,20010,9.84765625,101,57,0,135,46,0,3,0
2020-08-29T03:16:39Z,20558,9.84765625,97,55,0,133,46,0,3,0
2020-08-29T03:27:43Z,20010,9.84765625,105,78,0,127,36,0,3,0
2020-08-29T03:38:47Z,20369,9.84765625,107,63,0,135,44,0,3,0
2020-08-29T03:49:52Z,19821,9.84765625,97,71,0,122,41,0,3,0
2020-08-29T04:00:56Z,19840,9.84765625,92,89,0,116,22,0,3,0
2020-08-29T04:12:00Z,20369,9.84765625,78,89,1,103,21,0,3,0
2020-08-29T04:23:04Z,20199,9.84765625,34,52,0,47,49,0,2,0
2020-08-29T04:34:09Z,20369,9.84765625,143,72,0,145,37,0,3,0
2020-08-29T04:45:16Z,20369,9.84765625,168,45,0,161,41,0,3,0
2020-08-29T04:56:19Z,20029,9.84765625,208,40,1,157,31,0,4,0
2020-08-29T05:07:23Z,19632,9.84765625,239,63,3,11,9,0,4,1
2020-08-29T05:18:26Z,20369,9.84765625,241,65,8,6,6,1,7,1
2020-08-29T05:29:29Z,33243,2.5859375,225,76,26,1,2,2,5,4
2020-08-29T05:40:32Z,33243,2.5859375,225,60,55,1,2,3,6,6
2020-08-29T05:51:35Z,33243,2.5859375,222,53,75,1,2,3,6,8
2020-08-29T06:02:37Z,33243,2.06640625,223,51,74,1,3,4,6,12
2020-08-29T06:13:39Z,33243,1.6640625,225,47,73,1,3,4,6,12
2020-08-29T06:24:40Z,29821,1.0,230,36,71,1,2,5,6,13
2020-08-29T06:35:42Z,12751,1.0,262,18,62,4,1,8,5,20
2020-08-29T06:46:44Z,5321,1.0,273,15,62,5,0,5,6,12
2020-08-29T06:57:48Z,4565,1.0,273,15,62,4,1,7,5,17
2020-08-29T07:08:51Z,2769,1.0,278,14,62,5,1,7,5,17
2020-08-29T07:19:55Z,1749,1.0,282,12,63,5,1,5,5,13
2020-08-29T07:30:57Z,1125,1.0078125,279,10,61,7,0,4,5,10
2020-08-29T07:42:00Z,1125,1.0078125,282,11,62,6,0,2,5,7
2020-08-29T07:53:03Z,1106,1.0,282,12,61,6,0,3,5,7
2020-08-29T08:04:05Z,974,1.0078125,281,12,65,5,0,2,5,6
2020-08-29T08:15:08Z,784,1.015625,281,11,64,6,0,2,5,6
2020-08-29T08:26:11Z,614,1.0,282,10,63,6,0,3,5,8
2020-08-29T08:37:14Z,539,1.0078125,280,11,64,6,0,3,5,7
2020-08-29T08:48:17Z,539,1.0078125,282,11,60,6,0,2,5,7
2020-08-29T08:59:20Z,425,1.0,284,10,63,6,0,4,5,10
2020-08-29T09:10:23Z,482,1.01953125,286,10,60,7,0,4,6,10
2020-08-29T09:21:24Z,577,1.0,285,10,62,7,0,5,5,13
2020-08-29T09:32:27Z,709,1.0,281,11,60,6,1,5,5,13
2020-08-29T09:43:29Z,463,1.03125,281,10,63,6,0,5,5,13
2020-08-29T09:54:31Z,425,1.015625,281,12,57,6,0,3,5,7
2020-08-29T10:05:34Z,425,1.015625,285,10,62,7,0,3,5,7
2020-08-29T10:16:37Z,236,1.01171875,299,6,76,9,0,4,4,11
2020-08-29T10:27:40Z,217,1.05859375,298,6,75,9,0,4,4,11
2020-08-29T10:38:44Z,217,1.05859375,280,11,75,5,1,3,5,10
2020-08-29T10:49:48Z,217,1.05859375,279,10,71,6,1,6,5,18
2020-08-29T11:00:53Z,369,1.01953125,265,20,60,3,2,9,6,24
2020-08-29T11:11:56Z,425,1.0,265,19,67,4,2,5,6,15
2020-08-29T11:22:58Z,312,1.03125,283,12,68,5,1,6,5,16
2020-08-29T11:34:01Z,312,1.03125,278,15,67,5,2,5,5,14
2020-08-29T11:45:03Z,312,1.03125,280,14,69,4,1,5,6,13
2020-08-29T11:56:06Z,255,1.046875,281,9,74,6,1,4,5,11
2020-08-29T12:07:09Z,255,1.046875,282,10,72,5,1,2,5,7
2020-08-29T12:18:12Z,255,1.046875,282,12,72,5,1,3,5,10
2020-08-29T12:29:16Z,255,1.046875,279,9,74,6,0,2,4,7
2020-08-29T12:40:19Z,217,1.0390625,292,6,78,7,0,1,4,4
2020-08-29T12:51:22Z,217,1.015625,297,6,78,8,0,2,4,7
2020-08-29T13:02:25Z,217,1.015625,283,7,78,6,0,1,4,4
2020-08-29T13:13:28Z,85,1.0,288,11,56,7,0,2,5,6
2020-08-29T13:24:32Z,180,1.0,290,7,78,7,0,2,4,6
2020-08-29T13:35:37Z,180,1.02734375,294,7,72,8,0,4,4,11
2020-08-29T13:46:42Z,198,1.07421875,297,6,79,9,1,5,4,14
2020-08-29T13:57:45Z,180,1.0,285,7,80,6,0,2,4,6
2020-08-29T14:08:50Z,180,1.0,282,8,79,5,0,1,4,5
2020-08-29T14:19:54Z,198,1.0234375,281,11,74,6,1,2,5,8
2020-08-29T14:30:56Z,198,1.0625,285,6,80,8,1,5,4,14
2020-08-29T14:42:00Z,198,1.04296875,298,7,68,8,1,8,5,20
2020-08-29T14:53:06Z,236,1.0234375,279,9,74,6,1,4,5,11
2020-08-29T15:04:11Z,425,1.01953125,284,10,57,7,0,3,6,9
2020-08-29T15:15:17Z,312,1.03125,282,12,69,7,2,5,7,14
2020-08-29T15:26:21Z,255,1.046875,281,8,74,6,1,3,4,8
2020-08-29T15:37:26Z,236,1.03125,283,9,69,6,0,3,5,9
2020-08-29T15:48:30Z,350,1.0,283,11,57,7,1,9,6,24
2020-08-29T15:59:32Z,293,1.03515625,282,10,65,6,0,2,5,7
2020-08-29T16:10:35Z,331,1.01953125,285,10,58,7,0,4,6,10
2020-08-29T16:21:38Z,539,1.0,283,10,58,7,0,2,6,6
2020-08-29T16:32:41Z,728,1.0,280,11,59,6,0,3,5,9
2020-08-29T16:43:44Z,784,1.0,280,11,60,6,0,3,5,9
2020-08-29T16:54:47Z,860,1.0,281,10,63,6,0,5,5,13
2020-08-29T17:05:51Z,558,1.02734375,285,9,62,8,1,5,5,14
2020-08-29T17:16:55Z,539,1.02734375,280,10,63,7,0,5,5,13
2020-08-29T17:27:58Z,406,1.01953125,284,9,63,7,1,7,5,19
2020-08-29T17:39:03Z,520,1.0,277,16,60,5,1,4,6,10
2020-08-29T17:50:08Z,444,1.015625,282,10,64,6,0,4,5,11
2020-08-29T18:01:12Z,766,1.0,282,13,63,6,1,4,5,11
2020-08-29T18:12:16Z,671,1.0,284,9,63,7,0,4,6,11
2020-08-29T18:23:22Z,803,1.0,281,9,62,8,1,9,5,23
2020-08-29T18:34:27Z,633,1.0,282,11,59,6,0,4,5,11
2020-08-29T18:45:30Z,992,1.01171875,283,11,63,6,1,6,5,15
2020-08-29T18:56:35Z,1730,1.0,268,16,62,4,1,7,6,18
2020-08-29T19:07:39Z,2108,1.0,282,12,59,6,1,6,6,16
2020-08-29T19:18:42Z,2864,1.0,268,16,63,4,1,6,6,17
2020-08-29T19:29:48Z,1484,1.0,282,11,62,6,1,6,6,17
2020-08-29T19:40:52Z,4055,1.0,272,15,62,5,2,10,6,26
2020-08-29T19:51:55Z,5643,1.0,237,29,68,2,3,8,7,21
2020-08-29T20:02:58Z,6267,1.0,264,16,62,5,1,9,6,24
2020-08-29T20:14:01Z,10312,1.0,231,36,70,2,2,6,6,16
2020-08-29T20:25:04Z,10633,1.0,238,28,67,2,2,6,6,16
2020-08-29T20:36:08Z,16437,1.0,272,16,61,4,0,4,6,11
2020-08-29T20:47:13Z,16305,1.0,255,21,64,4,1,6,6,15
2020-08-29T20:58:26Z,33243,2.0,224,47,72,1,3,5,6,14
2020-08-29T21:09:30Z,33243,2.5859375,241,35,65,2,2,4,6,11
2020-08-29T21:20:32Z,33243,2.5859375,228,68,29,1,3,3,5,5
2020-08-29T21:31:36Z,19821,9.84765625,230,72,22,2,4,3,10,4
2020-08-29T21:42:45Z,20029,9.84765625,233,75,9,4,6,1,7,1
2020-08-29T21:53:54Z,20369,9.84765625,221,72,1,30,18,0,3,0
2020-08-29T22:05:01Z,20369,9.84765625,87,19,0,144,33,0,3,0
2020-08-29T22:16:05Z,19632,9.84765625,130,53,0,150,44,0,3,0
2020-08-29T22:27:15Z,20010,9.84765625,107,87,0,126,25,0,3,0
2020-08-29T22:38:23Z,20558,9.84765625,104,86,0,124,27,0,3,0
2020-08-29T22:49:32Z,20558,9.84765625,92,89,0,115,23,0,3,0
2020-08-29T23:00:36Z,20369,9.84765625,85,91,1,111,19,0,3,0
2020-08-29T23:11:46Z,20369,9.84765625,27,91,1,57,11,0,4,1
2020-08-29T23:22:56Z,20369,9.84765625,73,92,1,100,16,0,3,0
2020-08-29T23:34:00Z,20369,9.84765625,48,80,0,38,38,0,3,0
2020-08-29T23:45:04Z,19821,9.84765625,75,91,1,102,16,0,3,0
2020-08-29T23:56:14Z,20369,9.84765625,68,92,1,94,15,0,3,0
2020-08-30T00:07:24Z,20010,9.84765625,31,91,2,69,12,0,4,1
2020-08-30T00:18:29Z,20369,9.84765625,43,72,0,42,44,0,3,0
2020-08-30T00:29:34Z,20010,9.84765625,78,91,1,104,19,0,3,0
2020-08-30T00:40:43Z,20369,9.84765625,99,89,0,121,22,0,3,0
2020-08-30T00:51:53Z,19821,9.84765625,95,73,0,120,40,0,3,0
2020-08-30T01:02:58Z,20010,9.84765625,108,84,0,127,30,0,3,0
2020-08-30T01:14:02Z,20558,9.84765625,100,76,0,124,38,0,3,0
2020-08-30T01:25:15Z,20558,9.84765625,104,86,0,124,26,0,3,0
2020-08-30T01:36:24Z,20010,9.84765625,38,61,0,43,48,0,2,0
2020-08-30T01:47:29Z,20010,9.84765625,107,83,0,126,31,0,3,0
2020-08-30T01:58:33Z,20558,9.84765625,105,81,0,125,33,0,3,0
2020-08-30T02:09:43Z,19632,9.84765625,91,69,0,119,43,0,3,0
2020-08-30T02:20:50Z,20010,9.84765625,108,73,0,130,40,0,3,0
2020-08-30T02:31:55Z,20369,9.84765625,61,90,0,84,25,0,3,0
2020-08-30T02:43:01Z,20010,9.84765625,100,87,0,122,27,0,3,0
2020-08-30T02:54:04Z,20558,9.84765625,96,89,0,119,23,0,3,0
2020-08-30T03:05:12Z,20558,9.84765625,97,89,0,120,23,0,3,0
2020-08-30T03:16:22Z,20010,9.84765625,85,91,0,110,20,0,3,0
2020-08-30T03:27:26Z,20558,9.84765625,35,54,0,47,49,0,2,0
2020-08-30T03:38:31Z,20010,9.84765625,99,87,0,120,27,0,3,0
2020-08-30T03:49:37Z,19821,9.84765625,107,87,0,126,26,0,3,0
2020-08-30T04:00:45Z,20369,9.84765625,107,84,0,126,30,0,3,0
2020-08-30T04:11:55Z,20558,9.84765625,99,82,0,119,33,0,3,0
2020-08-30T04:22:59Z,19821,9.84765625,115,72,0,134,40,0,3,0
2020-08-30T04:34:05Z,20010,9.84765625,27,40,0,44,48,0,2,0
2020-08-30T04:45:15Z,20199,9.84765625,146,73,0,145,36,0,3,0
2020-08-30T04:56:16Z,33243,9.84765625,216,30,1,153,23,0,4,1
2020-08-30T05:07:22Z,19821,9.84765625,159,32,1,137,29,0,3,0
2020-08-30T05:18:26Z,20218,9.84765625,225,80,4,7,11,1,4,1
2020-08-30T05:29:33Z,19821,9.84765625,232,74,22,3,4,4,10,4
2020-08-30T05:40:44Z,33243,2.5859375,228,73,24,1,3,3,5,5
2020-08-30T05:51:55Z,33243,2.5859375,225,62,53,1,3,6,6,10
2020-08-30T06:02:59Z,33243,2.5859375,221,56,72,1,3,4,6,11
2020-08-30T06:14:02Z,33243,1.23828125,224,48,71,1,3,4,6,13
2020-08-30T06:25:05Z,15813,1.0,230,35,69,2,2,6,6,14
2020-08-30T06:36:13Z,11465,1.0,260,20,63,4,1,4,6,12
2020-08-30T06:47:23Z,9594,1.0,234,29,69,2,3,9,6,21
2020-08-30T06:58:26Z,7344,1.0,265,16,63,5,1,6,6,14
2020-08-30T07:09:31Z,5454,1.0,281,13,61,6,1,7,5,19
2020-08-30T07:20:36Z,6720,1.0,245,25,67,3,1,4,6,11
2020-08-30T07:31:40Z,4811,1.0,268,16,63,4,1,4,6,12
2020-08-30T07:42:45Z,4168,1.0,241,28,69,2,2,5,6,12
2020-08-30T07:53:53Z,3752,1.0,254,20,65,3,1,4,6,10
2020-08-30T08:04:58Z,4112,1.0,255,20,65,3,1,3,6,9
2020-08-30T08:16:00Z,2108,1.0,281,12,62,6,1,4,6,12
2020-08-30T08:27:03Z,2297,1.0,282,12,60,6,0,4,6,10
2020-08-30T08:38:13Z,1333,1.0078125,282,9,61,8,1,5,6,13
2020-08-30T08:49:19Z,1616,1.0,280,11,61,6,1,5,6,15
2020-08-30T09:00:24Z,1333,1.0078125,282,11,62,6,1,6,5,16
2020-08-30T09:11:27Z,974,1.0078125,282,11,63,6,1,5,5,14
2020-08-30T09:22:29Z,1030,1.0,281,11,61,6,1,5,5,13
2020-08-30T09:33:33Z,558,1.02734375,280,10,63,6,1,6,5,17
2020-08-30T09:44:47Z,879,1.015625,280,10,63,6,0,5,5,13
2020-08-30T09:55:57Z,520,1.02734375,280,11,63,6,0,4,5,10
2020-08-30T10:07:01Z,595,1.0,280,11,61,6,0,4,5,12
2020-08-30T10:18:04Z,652,1.0234375,280,10,62,7,0,3,6,9
2020-08-30T10:29:15Z,917,1.0,282,11,62,6,1,5,6,14
2020-08-30T10:40:22Z,577,1.0234375,280,11,63,6,1,5,5,14
2020-08-30T10:51:25Z,406,1.0390625,281,10,63,6,1,6,6,15
2020-08-30T11:02:27Z,766,1.0,281,11,61,6,1,5,6,14
2020-08-30T11:13:31Z,558,1.0078125,280,10,63,6,1,4,6,11
2020-08-30T11:24:35Z,614,1.0,280,10,60,7,1,5,5,14
2020-08-30T11:35:42Z,444,1.01953125,280,11,57,7,0,3,5,9
2020-08-30T11:46:48Z,501,1.03125,281,10,61,7,0,4,5,12
2020-08-30T11:57:51Z,369,1.01953125,284,10,62,7,0,4,5,11
2020-08-30T12:08:55Z,425,1.01953125,278,11,56,7,1,7,6,17
2020-08-30T12:19:58Z,520,1.0078125,282,11,64,6,0,4,5,12
2020-08-30T12:31:03Z,331,1.02734375,280,10,64,6,0,4,5,12
2020-08-30T12:42:05Z,501,1.0,280,11,58,7,0,4,6,11
2020-08-30T12:58:17Z,558,1.01953125,280,10,59,8,0,4,5,11
2020-08-30T13:09:27Z,860,1.0,280,10,63,6,1,6,5,16
2020-08-30T13:20:29Z,558,1.02734375,280,11,60,6,1,6,5,15
2020-08-30T13:31:35Z,652,1.0,282,10,63,6,0,4,5,10
2020-08-30T13:42:56Z,350,1.02734375,278,10,63,7,1,5,5,15
2020-08-30T13:53:59Z,350,1.0234375,280,10,62,7,0,5,5,14
2020-08-30T14:05:02Z,425,1.0,278,11,57,8,0,5,6,13
2020-08-30T14:16:18Z,879,1.0,282,11,60,6,1,5,5,13
2020-08-30T14:27:26Z,425,1.03515625,278,10,63,6,1,8,5,21
2020-08-30T14:38:31Z,274,1.0,282,8,71,8,1,8,5,23
2020-08-30T14:49:34Z,614,1.01953125,283,10,57,8,2,15,6,40
2020-08-30T15:00:45Z,1389,1.0,281,11,59,6,1,5,6,14
2020-08-30T15:11:49Z,992,1.01171875,282,11,61,6,1,7,6,18
2020-08-30T15:22:52Z,463,1.03125,280,10,62,7,1,11,5,28
2020-08-30T15:33:59Z,444,1.01953125,280,11,58,6,0,4,6,10
2020-08-30T15:45:00Z,406,1.0390625,280,12,59,6,1,6,5,15
2020-08-30T15:56:03Z,633,1.0,281,12,59,6,1,3,5,9
2020-08-30T16:07:07Z,614,1.0,280,12,58,6,1,5,5,13
2020-08-30T16:18:10Z,728,1.01953125,279,10,63,7,0,3,5,9
2020-08-30T16:29:15Z,1125,1.01171875,281,11,64,6,0,4,5,11
2020-08-30T16:40:17Z,1106,1.0078125,279,11,62,6,0,3,5,7
2020-08-30T16:51:20Z,1144,1.0,281,11,64,6,0,3,5,7
2020-08-30T17:02:24Z,955,1.01171875,282,11,60,6,0,2,6,7
2020-08-30T17:13:27Z,1370,1.0,282,11,61,6,1,5,5,14
2020-08-30T17:24:30Z,1692,1.0,282,11,62,6,1,5,5,13
2020-08-30T17:35:33Z,1314,1.0,283,12,61,6,1,5,6,13
2020-08-30T17:46:35Z,1654,1.0,280,12,59,6,1,7,5,19
2020-08-30T17:57:38Z,1881,1.0,281,11,60,6,1,7,5,19
2020-08-30T18:08:41Z,2108,1.0,282,11,60,6,1,6,5,16
2020-08-30T18:19:43Z,1654,1.0,280,11,61,6,1,6,5,15
2020-08-30T18:30:46Z,955,1.01171875,282,10,63,6,1,6,5,15
2020-08-30T18:41:48Z,1087,1.0,283,11,59,6,1,6,5,16
2020-08-30T18:52:52Z,1238,1.0,281,11,61,6,1,5,5,13
2020-08-30T19:03:55Z,1276,1.0,281,13,62,5,1,6,5,14
2020-08-30T19:14:59Z,1749,1.0,282,13,61,6,1,6,6,16
2020-08-30T19:26:04Z,2429,1.0,280,13,63,5,1,4,5,11
2020-08-30T19:37:07Z,2467,1.0,277,14,63,5,1,4,5,11
2020-08-30T19:48:09Z,2656,1.0,273,16,61,4,0,3,5,9
2020-08-30T19:59:12Z,3771,1.0,266,17,62,4,1,4,5,11
2020-08-30T20:10:15Z,6191,1.0,251,22,65,3,1,5,5,11
2020-08-30T20:21:18Z,9253,1.0,238,28,68,2,2,7,6,18
2020-08-30T20:32:22Z,15246,1.0,233,34,69,2,1,5,6,12
2020-08-30T20:43:24Z,32373,1.0,223,50,72,2,3,8,6,19
2020-08-30T20:54:30Z,33243,1.9140625,220,55,74,1,2,4,6,9
2020-08-30T21:05:32Z,33243,2.5859375,223,65,55,1,2,4,6,7
2020-08-30T21:16:36Z,33243,2.5859375,224,81,25,1,2,2,5,3
2020-08-30T21:27:41Z,20010,9.84765625,229,78,24,2,3,3,10,4
2020-08-30T21:38:49Z,19821,9.84765625,231,82,6,5,8,1,5,1
2020-08-30T21:49:53Z,20369,9.84765625,221,48,1,151,35,0,4,1
2020-08-30T22:00:59Z,20369,9.84765625,98,24,0,150,38,0,3,0
2020-08-30T22:12:03Z,20010,9.84765625,103,40,0,145,45,0,3,0
2020-08-30T22:23:06Z,20917,9.84765625,87,43,0,132,46,0,3,0
2020-08-30T22:34:11Z,20369,9.84765625,99,54,0,134,46,0,3,0
2020-08-30T22:45:23Z,19840,9.84765625,82,53,0,122,47,0,3,0
2020-08-30T22:56:27Z,19840,9.84765625,77,43,0,124,47,0,3,0
2020-08-30T23:07:32Z,20369,9.84765625,101,62,0,132,45,0,3,0
2020-08-30T23:18:36Z,20369,9.84765625,89,66,0,120,44,0,3,0
2020-08-30T23:29:44Z,20558,9.84765625,103,58,0,135,46,0,3,0
2020-08-30T23:40:47Z,33243,9.84765625,54,93,0,71,21,0,3,0
2020-08-30T23:51:52Z,20010,9.84765625,106,65,0,133,43,0,3,0
2020-08-31T00:02:58Z,19840,9.84765625,106,65,0,133,44,0,3,0
2020-08-31T00:14:02Z,20010,9.84765625,96,60,0,128,45,0,3,0
2020-08-31T00:25:10Z,22316,9.84765625,88,63,0,120,45,0,3,0
2020-08-31T00:36:18Z,33243,9.84765625,36,94,1,31,15,0,3,0
2020-08-31T00:47:15Z,33243,9.84765625,39,66,0,29,47,0,2,0
2020-08-31T00:58:21Z,19840,9.84765625,96,69,0,123,42,0,3,0
2020-08-31T01:09:29Z,20010,9.84765625,29,45,0,43,49,0,2,0
2020-08-31T01:20:47Z,33243,9.84765625,28,92,1,31,11,0,4,0
2020-08-31T01:31:55Z,20010,9.84765625,112,76,0,131,37,0,3,0
2020-08-31T01:43:00Z,20558,9.84765625,105,81,0,125,33,0,3,0
2020-08-31T01:54:07Z,19632,9.84765625,110,77,0,130,37,0,3,0
2020-08-31T02:05:22Z,20369,9.84765625,88,86,0,113,28,0,3,0
2020-08-31T02:16:28Z,20010,9.84765625,104,82,0,125,32,0,3,0
2020-08-31T02:27:31Z,33243,9.84765625,31,91,1,28,12,0,4,0
2020-08-31T02:38:35Z,20369,9.84765625,101,68,0,127,43,0,3,0
2020-08-31T02:50:17Z,20010,9.84765625,108,71,0,132,40,0,3,0
2020-08-31T03:01:29Z,20199,9.84765625,101,76,0,125,38,0,3,0
2020-08-31T03:12:35Z,20747,9.84765625,107,79,0,127,35,0,3,0
2020-08-31T03:23:47Z,33243,9.84765625,63,91,0,83,24,0,3,0
2020-08-31T03:34:52Z,20369,9.84765625,103,63,0,132,44,0,3,0
2020-08-31T03:45:56Z,20010,9.84765625,87,55,0,124,47,0,3,0
2020-08-31T03:57:00Z,20369,9.84765625,104,72,0,129,40,0,3,0
2020-08-31T04:08:07Z,19632,9.84765625,99,77,0,125,37,0,3,0
2020-08-31T04:19:14Z,20558,9.84765625,88,91,1,113,18,0,3,0
2020-08-31T04:30:22Z,20369,9.84765625,103,89,0,124,23,0,3,0
2020-08-31T04:41:28Z,20369,9.84765625,121,73,0,137,39,0,3,0
2020-08-31T04:52:32Z,20369,9.84765625,47,77,0,69,40,0,3,0
2020-08-31T05:03:26Z,33243,9.84765625,145,42,1,150,24,0,4,1
2020-08-31T05:14:31Z,19821,9.84765625,234,81,5,7,10,1,4,1
2020-08-31T05:25:35Z,20936,9.84765625,232,80,15,2,5,2,8,2
2020-08-31T05:36:43Z,33243,5.2265625,225,81,36,1,2,4,7,5
2020-08-31T05:47:49Z,33243,2.5859375,223,69,57,0,2,6,6,11
2020-08-31T05:58:57Z,33243,1.37109375,221,55,74,1,3,5,6,15
2020-08-31T06:09:59Z,14755,1.0,225,45,74,2,3,7,6,18
2020-08-31T06:21:03Z,10539,1.0,225,48,76,1,2,4,6,12
2020-08-31T06:32:06Z,8157,1.0,224,43,73,2,4,8,6,22
2020-08-31T06:43:17Z,5151,1.0,225,43,73,1,3,6,6,16
2020-08-31T06:54:21Z,5889,1.0,225,41,73,1,1,3,6,9
2020-08-31T07:05:23Z,2561,1.0,231,30,70,5,4,5,6,16
2020-08-31T07:16:20Z,2410,1.0,231,32,73,2,2,3,6,9
2020-08-31T07:27:25Z,1994,1.0,254,19,67,3,1,6,5,15
2020-08-31T07:38:26Z,1578,1.0,252,24,68,2,1,4,6,10
2020-08-31T07:49:31Z,1276,1.0078125,269,16,65,4,1,4,5,12
2020-08-31T08:00:34Z,1049,1.0078125,279,13,65,5,1,5,5,12
2020-08-31T08:11:38Z,936,1.0,284,12,59,6,1,5,5,12
2020-08-31T08:22:42Z,1106,1.0078125,281,12,65,5,1,4,5,11
2020-08-31T08:33:45Z,822,1.015625,282,13,64,5,1,4,5,10
2020-08-31T08:44:47Z,482,1.0,283,12,60,7,1,7,5,18
2020-08-31T08:55:52Z,860,1.0,277,14,64,4,1,5,5,13
2020-08-31T09:06:55Z,955,1.01171875,283,11,64,5,1,6,5,16
2020-08-31T09:17:58Z,1900,1.0,275,14,64,4,1,5,5,12
2020-08-31T09:29:00Z,860,1.0,281,11,63,6,0,3,5,9
2020-08-31T09:40:05Z,312,1.01171875,281,9,67,7,1,5,5,14
2020-08-31T09:51:09Z,387,1.01953125,282,13,64,10,4,8,7,24
2020-08-31T10:02:12Z,312,1.03125,281,12,63,6,1,3,5,8
2020-08-31T10:13:16Z,577,1.0234375,280,10,63,7,0,4,5,11
2020-08-31T10:24:18Z,463,1.01171875,281,10,63,7,0,5,5,13
2020-08-31T10:35:21Z,217,1.0,281,7,80,7,1,3,4,9
2020-08-31T10:46:24Z,217,1.015625,282,9,76,9,2,5,6,16
2020-08-31T10:57:28Z,217,1.05859375,282,8,78,11,2,6,7,18
2020-08-31T11:08:32Z,539,1.01953125,248,28,68,5,7,7,10,25
2020-08-31T11:19:35Z,463,1.01953125,252,27,63,12,11,13,11,43
2020-08-31T11:30:39Z,387,1.01953125,278,17,65,15,8,12,7,39
2020-08-31T11:41:44Z,728,1.0,281,11,60,6,1,4,5,11
2020-08-31T11:52:48Z,236,1.03125,307,6,75,8,0,4,4,10
2020-08-31T12:03:52Z,198,1.0234375,281,11,80,5,2,4,4,13
2020-08-31T12:14:57Z,180,1.01953125,291,8,77,15,6,10,6,31
2020-08-31T12:26:00Z,350,1.0234375,250,29,59,14,15,18,6,57
2020-08-31T12:37:04Z,255,1.02734375,282,11,72,11,5,12,6,34
2020-08-31T12:48:07Z,85,1.01953125,311,10,57,14,1,7,7,19
2020-08-31T12:59:18Z,255,1.046875,283,13,74,10,5,9,6,28
2020-08-31T13:10:22Z,312,1.05078125,287,9,61,8,1,4,5,12
2020-08-31T13:21:25Z,161,1.05859375,281,13,70,23,11,14,7,47
2020-08-31T13:32:29Z,274,1.0390625,283,12,70,13,5,7,9,23
2020-08-31T13:43:33Z,369,1.01953125,278,17,67,12,5,8,10,25
2020-08-31T13:54:41Z,66,1.05859375,311,10,51,14,2,10,6,26
2020-08-31T14:05:47Z,274,1.0,284,9,66,10,1,6,7,18
2020-08-31T14:16:52Z,217,1.015625,292,7,73,8,1,6,5,17
2020-08-31T14:28:00Z,198,1.0625,283,8,75,7,1,5,5,14
2020-08-31T14:39:05Z,350,1.0234375,282,15,58,6,1,3,6,9
2020-08-31T14:50:18Z,180,1.0,313,6,78,11,1,6,5,17
2020-08-31T15:01:19Z,331,1.01953125,282,13,61,6,1,5,6,14
2020-08-31T15:12:28Z,350,1.0234375,262,24,61,15,11,11,9,39
2020-08-31T15:23:31Z,331,1.02734375,283,14,66,8,2,5,7,15
2020-08-31T15:34:34Z,350,1.0078125,281,12,66,6,1,4,5,13
2020-08-31T15:45:39Z,520,1.02734375,254,27,69,6,8,8,15,30
2020-08-31T15:56:44Z,482,1.01953125,287,10,57,8,0,2,5,7
2020-08-31T16:07:48Z,369,1.0,286,9,59,8,1,5,5,12
2020-08-31T16:18:54Z,350,1.0234375,279,12,64,6,1,5,5,15
2020-08-31T16:29:57Z,293,1.01953125,281,12,66,7,2,4,5,11
2020-08-31T16:41:01Z,369,1.01953125,280,15,62,5,1,6,5,15
2020-08-31T16:52:06Z,558,1.02734375,280,13,60,5,1,6,5,14
2020-08-31T17:03:10Z,425,1.0,282,12,61,6,0,4,5,10
2020-08-31T17:14:14Z,425,1.03515625,279,10,63,7,1,7,5,18
2020-08-31T17:25:19Z,236,1.05078125,319,7,70,13,2,10,6,28
2020-08-31T17:36:23Z,369,1.0,253,22,58,12,10,15,12,45
2020-08-31T17:47:28Z,690,1.0,256,23,62,11,9,10,9,35
2020-08-31T17:58:33Z,614,1.0,283,12,62,6,1,7,7,19
2020-08-31T18:09:38Z,1200,1.0,282,12,61,6,1,7,6,19
2020-08-31T18:20:40Z,1503,1.0078125,280,13,64,5,1,7,6,19
2020-08-31T18:31:44Z,1295,1.0,281,13,63,6,1,7,5,18
2020-08-31T18:42:49Z,1068,1.0,268,18,68,7,4,5,9,18
2020-08-31T18:53:52Z,766,1.0,283,11,62,7,1,7,6,18
2020-08-31T19:04:54Z,992,1.01171875,282,10,63,6,1,6,5,16
2020-08-31T19:16:05Z,1975,1.0,283,11,60,6,1,10,6,25
2020-08-31T19:27:07Z,2732,1.0,283,13,58,6,1,8,6,20
2020-08-31T19:38:16Z,4811,1.0,282,12,59,6,1,9,5,22
2020-08-31T19:49:25Z,4527,1.0,281,12,60,7,1,5,6,13
2020-08-31T20:00:30Z,7117,1.0,283,12,60,6,1,8,5,21
2020-08-31T20:11:33Z,9802,1.0,250,21,62,3,2,10,6,25
2020-08-31T20:22:39Z,12845,1.0,227,39,70,2,3,7,6,18
2020-08-31T20:33:49Z,31314,1.0,222,47,74,1,2,3,6,9
2020-08-31T20:44:54Z,28233,1.0,222,46,73,1,3,6,6,15
2020-08-31T20:55:58Z,33243,1.1484375,223,45,69,1,3,6,6,15
2020-08-31T21:07:03Z,33243,2.5859375,226,58,43,1,3,6,6,11
2020-08-31T21:18:07Z,33243,5.2265625,225,70,43,1,3,6,8,10
2020-08-31T21:29:20Z,19840,9.84765625,233,73,11,4,6,2,8,2
2020-08-31T21:40:27Z,19840,9.84765625,223,53,2,62,20,0,4,1
2020-08-31T21:51:32Z,20369,9.84765625,160,33,1,146,31,0,3,0
2020-08-31T22:02:37Z,20010,9.84765625,119,71,0,135,38,0,3,0
2020-08-31T22:13:43Z,19821,9.84765625,105,52,0,138,45,0,3,0
2020-08-31T22:24:54Z,20010,9.84765625,119,83,0,132,30,0,3,0
2020-08-31T22:35:59Z,20010,9.84765625,107,79,0,128,35,0,3,0
2020-08-31T22:47:04Z,20369,9.84765625,87,59,0,123,46,0,3,0
2020-08-31T22:58:13Z,20010,9.84765625,35,92,1,63,12,0,4,1
2020-08-31T23:09:18Z,20010,9.84765625,100,86,0,121,27,0,3,0
2020-08-31T23:20:24Z,20010,9.84765625,107,69,0,132,41,0,3,0
2020-08-31T23:31:50Z,33243,9.84765625,71,76,0,94,40,0,3,0
2020-08-31T23:42:54Z,20010,9.84765625,87,88,0,111,24,0,3,0
2020-08-31T23:53:58Z,20010,9.84765625,31,49,0,43,49,0,2,0
2020-09-01T00:05:04Z,20369,9.84765625,70,92,1,98,15,0,3,0
2020-09-01T00:16:20Z,20369,9.84765625,77,91,1,104,16,0,3,0
2020-09-01T00:27:26Z,20010,9.84765625,76,92,1,102,17,0,3,0
2020-09-01T00:38:31Z,19840,9.84765625,82,91,1,108,17,0,3,0
2020-09-01T00:49:36Z,20558,9.84765625,93,90,0,118,20,0,3,0
2020-09-01T01:00:49Z,20558,9.84765625,110,70,0,133,41,0,3,0
2020-09-01T01:11:54Z,20369,9.84765625,103,60,0,134,45,0,3,0
2020-09-01T01:22:58Z,20369,9.84765625,79,46,0,124,47,0,3,0
2020-09-01T01:34:05Z,20010,9.84765625,15,21,0,39,41,0,2,0
2020-09-01T01:45:09Z,20199,9.84765625,80,44,0,127,47,0,3,0
2020-09-01T01:56:14Z,20010,9.84765625,82,38,0,133,46,0,2,0
2020-09-01T02:07:19Z,20558,9.84765625,87,42,0,135,46,0,3,0
2020-09-01T02:18:24Z,20369,9.84765625,85,91,1,111,19,0,3,0
2020-09-01T02:29:29Z,20010,9.84765625,102,87,0,121,26,0,3,0
2020-09-01T02:40:34Z,20558,9.84765625,84,91,1,110,18,0,3,0
2020-09-01T02:51:41Z,20369,9.84765625,91,91,0,116,19,0,3,0
2020-09-01T03:02:47Z,20010,9.84765625,70,91,1,96,16,0,3,0
2020-09-01T03:13:53Z,20010,9.84765625,98,86,0,120,28,0,3,0
2020-09-01T03:24:58Z,20558,9.84765625,99,87,0,120,26,0,3,0
2020-09-01T03:36:03Z,19821,9.84765625,98,89,0,120,23,0,3,0
2020-09-01T03:47:08Z,20010,9.84765625,87,91,0,111,19,0,3,0
2020-09-01T03:58:13Z,20369,9.84765625,99,86,0,121,27,0,3,0
2020-09-01T04:09:18Z,20010,9.84765625,29,46,0,42,49,0,2,0
2020-09-01T04:20:23Z,20369,9.84765625,89,88,0,113,25,0,3,0
2020-09-01T04:31:28Z,20010,9.84765625,70,92,1,96,15,0,3,0
2020-09-01T04:42:34Z,20558,9.84765625,101,89,1,122,21,0,3,0
2020-09-01T04:53:38Z,20010,9.84765625,123,70,0,137,39,0,3,0
2020-09-01T05:04:44Z,20369,9.84765625,182,74,1,149,30,0,3,0
2020-09-01T05:15:50Z,20010,9.84765625,141,25,1,161,30,0,4,0
2020-09-01T05:26:54Z,20199,9.84765625,231,73,15,4,5,2,9,3
2020-09-01T05:37:58Z,33243,5.2265625,226,66,32,1,4,6,7,10
2020-09-01T05:49:01Z,33243,2.5859375,227,52,49,1,3,6,6,12
2020-09-01T06:00:07Z,33243,1.95703125,223,44,71,1,4,6,6,16
2020-09-01T06:11:11Z,22051,1.0,222,44,71,1,2,4,6,11
2020-09-01T06:22:15Z,13204,1.0,230,32,69,2,2,4,6,11
2020-09-01T06:33:19Z,8063,1.0,233,31,70,2,2,5,6,14
2020-09-01T06:44:23Z,5303,1.0,251,19,66,3,1,5,6,13
2020-09-01T06:55:27Z,5435,1.0,276,14,62,5,1,5,5,12
2020-09-01T07:06:29Z,5038,1.0,280,13,60,6,1,5,5,14
2020-09-01T07:17:33Z,3318,1.0,258,18,65,4,1,3,5,9
2020-09-01T07:28:37Z,1541,1.0,285,9,62,9,1,8,5,19
2020-09-01T07:39:41Z,841,1.015625,334,10,61,69,1,4,5,10
2020-09-01T07:50:45Z,1862,1.0,280,11,60,6,1,5,5,13
2020-09-01T08:01:48Z,1144,1.01171875,284,9,61,9,1,8,5,21
2020-09-01T08:12:51Z,1333,1.0,282,12,60,6,1,5,5,13
2020-09-01T08:23:54Z,671,1.0,283,11,64,6,1,5,5,14
2020-09-01T08:35:03Z,652,1.0,282,11,59,7,1,6,5,16
2020-09-01T08:46:07Z,879,1.0,244,24,69,3,3,6,6,16
2020-09-01T08:57:10Z,784,1.0,257,21,67,4,2,5,5,14
2020-09-01T09:08:14Z,747,1.0,237,32,70,4,9,10,6,34
2020-09-01T09:19:18Z,595,1.0234375,242,27,68,3,9,14,6,41
2020-09-01T09:30:21Z,274,1.01953125,298,8,67,11,1,7,5,19
2020-09-01T09:41:25Z,501,1.01953125,282,13,58,6,2,10,5,25
2020-09-01T09:52:29Z,595,1.01953125,266,19,63,7,4,7,7,20
2020-09-01T10:03:32Z,369,1.01953125,279,15,62,5,2,9,5,25
2020-09-01T10:14:35Z,350,1.02734375,282,12,65,6,1,7,5,19
2020-09-01T10:25:38Z,501,1.01171875,266,23,64,11,10,12,7,39
2020-09-01T10:36:43Z,614,1.0234375,260,25,66,14,10,11,7,38
2020-09-01T10:47:46Z,312,1.05078125,281,10,67,6,1,4,5,13
2020-09-01T10:58:50Z,255,1.05078125,278,16,66,13,7,11,7,35
2020-09-01T11:09:53Z,577,1.0,247,24,70,8,12,10,8,40
2020-09-01T11:21:03Z,425,1.015625,282,15,65,14,6,7,7,24
2020-09-01T11:32:12Z,312,1.01171875,284,12,69,9,3,8,6,22
2020-09-01T11:43:17Z,1030,1.0,231,41,76,2,7,6,6,24
2020-09-01T11:54:21Z,1125,1.0,231,46,80,1,6,4,7,16
2020-09-01T12:05:23Z,917,1.015625,229,41,76,2,11,7,7,32
2020-09-01T12:16:27Z,520,1.0078125,240,33,73,4,9,12,6,40
2020-09-01T12:27:31Z,350,1.0234375,262,25,65,4,5,11,7,30
2020-09-01T12:38:36Z,274,1.05859375,285,12,70,20,6,10,7,31
2020-09-01T12:49:39Z,255,1.046875,284,8,73,8,1,4,5,12
2020-09-01T13:00:41Z,217,1.015625,284,7,79,10,1,4,5,14
2020-09-01T13:11:47Z,180,1.05859375,282,11,74,7,2,4,6,14
2020-09-01T13:22:51Z,369,1.0,263,23,64,18,12,12,9,43
2020-09-01T13:33:54Z,331,1.0078125,286,13,67,11,4,8,6,24
2020-09-01T13:44:58Z,217,1.0390625,283,7,78,9,1,4,4,13
2020-09-01T13:56:03Z,217,1.05859375,280,10,79,6,2,6,5,19
2020-09-01T14:07:08Z,236,1.0234375,282,9,72,10,3,6,6,20
2020-09-01T14:18:13Z,255,1.0078125,280,9,76,6,1,3,5,10
2020-09-01T14:29:16Z,255,1.0078125,282,13,74,4,1,4,5,12
2020-09-01T14:40:22Z,255,1.0078125,283,13,70,9,2,5,6,14
2020-09-01T14:51:27Z,255,1.0078125,281,11,71,10,2,4,6,12
2020-09-01T15:02:30Z,255,1.03515625,282,14,68,8,2,4,7,13
2020-09-01T15:13:36Z,255,1.03515625,282,14,71,7,2,4,6,12
2020-09-01T15:24:41Z,255,1.03515625,281,9,74,6,1,4,5,11
2020-09-01T15:35:45Z,255,1.03515625,284,12,72,10,2,5,6,14
2020-09-01T15:46:49Z,255,1.03515625,282,10,72,6,1,3,5,10
2020-09-01T15:57:53Z,255,1.03515625,280,10,70,6,0,3,5,8
2020-09-01T16:08:59Z,255,1.0625,279,15,68,12,4,5,7,17
2020-09-01T16:20:02Z,406,1.0,252,25,65,5,6,9,9,26
2020-09-01T16:31:06Z,387,1.01953125,284,14,66,11,3,5,7,17
2020-09-01T16:42:09Z,350,1.02734375,281,13,65,7,2,6,6,17
2020-09-01T16:53:13Z,312,1.03125,275,15,67,5,2,4,6,12
2020-09-01T17:04:18Z,312,1.03125,280,12,63,7,1,4,6,11
2020-09-01T17:15:22Z,331,1.0,284,10,61,10,1,5,6,15
2020-09-01T17:26:27Z,406,1.01953125,282,13,58,7,1,3,6,9
2020-09-01T17:37:30Z,444,1.01953125,283,13,61,7,1,3,6,10
2020-09-01T17:48:34Z,501,1.0,281,12,61,8,1,3,6,10
2020-09-01T17:59:37Z,539,1.02734375,279,11,63,6,1,4,5,12
2020-09-01T18:10:41Z,595,1.0,282,11,61,7,1,3,5,9
2020-09-01T18:21:44Z,671,1.0,282,13,61,6,1,5,6,12
2020-09-01T18:32:47Z,803,1.0,271,17,62,9,4,7,7,21
2020-09-01T18:43:51Z,1087,1.0078125,252,24,70,5,5,6,7,21
2020-09-01T18:54:54Z,1087,1.0078125,270,16,66,4,1,5,5,13
2020-09-01T19:05:57Z,1314,1.0078125,282,12,64,6,1,5,5,13
2020-09-01T19:17:02Z,1295,1.0,274,14,65,6,2,5,6,15
2020-09-01T19:28:05Z,1295,1.0,284,13,60,14,2,4,6,12
2020-09-01T19:39:09Z,1900,1.0,271,15,62,6,1,4,6,11
2020-09-01T19:50:12Z,2372,1.0,259,18,64,7,1,4,6,10
2020-09-01T20:01:15Z,3015,1.0,256,18,64,5,1,3,6,8
2020-09-01T20:12:18Z,6569,1.0,253,19,65,4,1,4,6,11
2020-09-01T20:23:21Z,19915,1.0,236,26,66,2,1,4,6,9
2020-09-01T20:34:25Z,33243,1.02734375,236,26,66,2,1,2,6,7
2020-09-01T20:45:28Z,33243,1.046875,229,36,69,2,3,7,6,20
2020-09-01T20:56:31Z,33243,2.5859375,227,45,64,1,2,4,6,11
2020-09-01T21:07:35Z,33243,2.5859375,226,65,33,1,4,7,5,11
2020-09-01T21:18:39Z,33243,5.2265625,224,75,39,1,2,4,8,6
2020-09-01T21:29:45Z,20558,9.84765625,230,79,19,2,5,3,9,4
2020-09-01T21:40:50Z,20010,9.84765625,235,70,3,9,10,0,4,1
2020-09-01T21:51:55Z,20010,9.84765625,170,39,1,119,30,0,3,0
2020-09-01T22:03:00Z,20558,9.84765625,78,19,0,139,34,0,3,0
2020-09-01T22:14:05Z,20369,9.84765625,96,31,0,146,42,0,3,0
2020-09-01T22:25:10Z,20369,9.84765625,12,16,0,35,36,0,2,0
2020-09-01T22:36:14Z,20010,9.84765625,108,59,0,137,45,0,3,0
2020-09-01T22:47:18Z,20010,9.84765625,91,47,0,133,47,0,3,0
2020-09-01T22:58:23Z,20010,9.84765625,13,18,0,38,38,0,1,0
2020-09-01T23:09:27Z,20010,9.84765625,71,39,0,123,46,0,2,0
2020-09-01T23:20:31Z,20199,9.84765625,67,31,0,123,44,0,2,0
2020-09-01T23:31:37Z,20010,9.84765625,81,36,0,133,45,0,2,0
2020-09-01T23:42:41Z,19840,9.84765625,93,50,0,133,47,0,3,0
2020-09-01T23:53:45Z,20010,9.84765625,83,38,0,133,46,0,3,0
2020-09-02T00:04:51Z,20369,9.84765625,64,31,0,120,44,0,2,0
2020-09-02T00:15:56Z,20369,9.84765625,85,39,0,134,46,0,3,0
2020-09-02T00:27:01Z,20010,9.84765625,11,16,0,36,36,0,1,0
2020-09-02T00:38:04Z,20558,9.84765625,11,16,0,33,36,0,1,0
2020-09-02T00:49:10Z,19840,9.84765625,67,34,0,122,45,0,2,0
2020-09-02T01:00:17Z,20010,9.84765625,91,57,0,127,46,0,3,0
2020-09-02T01:11:22Z,19840,9.84765625,87,51,0,127,47,0,3,0
2020-09-02T01:22:27Z,20369,9.84765625,92,75,0,118,39,0,3,0
2020-09-02T01:33:33Z,20010,9.84765625,94,63,0,124,45,0,3,0
2020-09-02T01:44:40Z,20369,9.84765625,110,84,0,128,29,0,3,0
2020-09-02T01:55:46Z,20369,9.84765625,107,84,0,126,30,0,3,0
2020-09-02T02:06:52Z,19821,9.84765625,101,59,0,133,45,0,3,0
2020-09-02T02:17:58Z,20199,9.84765625,39,94,1,50,17,0,3,0
2020-09-02T02:29:02Z,20728,9.84765625,89,82,0,115,33,0,3,0
2020-09-02T02:40:07Z,20369,9.84765625,85,91,1,111,18,0,3,0
2020-09-02T02:51:13Z,20558,9.84765625,27,91,1,59,11,0,4,1
2020-09-02T03:02:18Z,19821,9.84765625,93,90,0,116,19,0,3,0
2020-09-02T03:13:23Z,20558,9.84765625,104,87,0,124,25,0,3,0
2020-09-02T03:24:27Z,20010,9.84765625,97,87,0,118,25,0,3,0
2020-09-02T03:35:31Z,20199,9.84765625,82,91,1,108,18,0,3,0
2020-09-02T03:46:36Z,20010,9.84765625,110,74,0,131,39,0,3,0
2020-09-02T03:57:40Z,19840,9.84765625,104,65,0,131,44,0,3,0
2020-09-02T04:08:45Z,19821,9.84765625,101,57,0,133,46,0,3,0
2020-09-02T04:19:49Z,20010,9.84765625,87,35,0,138,44,0,3,0
2020-09-02T04:30:54Z,19821,9.84765625,61,25,0,120,41,0,2,0
2020-09-02T04:41:59Z,19840,9.84765625,86,32,0,138,43,0,3,0
2020-09-02T04:53:05Z,20369,9.84765625,77,20,0,139,35,0,3,0
2020-09-02T05:04:11Z,20199,9.84765625,196,43,1,164,37,0,4,1
2020-09-02T05:15:17Z,20369,9.84765625,235,74,3,9,10,0,4,1
2020-09-02T05:26:21Z,20369,9.84765625,235,74,13,4,5,2,8,2
2020-09-02T05:37:25Z,33243,5.2265625,227,67,35,1,3,4,7,7
2020-09-02T05:48:27Z,33243,2.5859375,229,53,51,1,2,4,6,8
2020-09-02T05:59:31Z,33243,2.328125,231,39,70,1,3,6,6,14
2020-09-02T06:10:33Z,33243,1.53515625,226,42,70,1,4,6,7,17
2020-09-02T06:21:36Z,17533,1.0,237,29,68,2,2,6,6,17
2020-09-02T06:32:41Z,6134,1.0,262,19,65,4,1,4,6,10
2020-09-02T06:43:45Z,3658,1.0,265,18,63,4,1,5,6,12
2020-09-02T06:54:50Z,2429,1.0,282,11,62,7,1,6,5,17
2020-09-02T07:05:56Z,1900,1.0,280,10,60,8,1,6,6,17
2020-09-02T07:16:59Z,1673,1.0,281,13,63,6,1,4,6,11
2020-09-02T07:28:02Z,2108,1.0,235,32,71,2,3,5,6,15
2020-09-02T07:39:05Z,1692,1.0,240,24,69,3,3,7,6,20
2020-09-02T07:50:09Z,1257,1.0,267,16,66,4,2,6,6,17
2020-09-02T08:01:14Z,728,1.0,281,11,64,12,2,6,7,16
2020-09-02T08:12:17Z,822,1.0,268,18,63,4,1,4,6,11
2020-09-02T08:23:22Z,860,1.0,275,15,62,4,1,5,6,12
2020-09-02T08:34:25Z,747,1.01953125,283,13,65,5,1,5,5,13
2020-09-02T08:45:28Z,633,1.0234375,279,11,64,5,1,5,5,13
2020-09-02T08:56:31Z,482,1.03125,279,10,63,6,1,6,6,17
2020-09-02T09:07:34Z,369,1.01953125,289,9,63,7,1,4,5,11
2020-09-02T09:18:37Z,350,1.0078125,289,9,64,8,0,3,5,8
2020-09-02T09:29:38Z,350,1.0078125,282,11,58,6,0,3,6,8
2020-09-02T09:40:56Z,444,1.01953125,280,12,58,6,0,3,6,9
2020-09-02T09:51:59Z,463,1.0,282,11,62,6,1,4,6,11
2020-09-02T10:03:02Z,425,1.03515625,281,10,63,6,0,4,6,11
2020-09-02T10:14:13Z,387,1.0390625,280,10,64,6,1,5,5,14
2020-09-02T10:25:21Z,331,1.02734375,284,9,66,6,0,4,5,11
2020-09-02T10:36:24Z,274,1.01953125,290,8,71,8,1,4,5,11
2020-09-02T10:47:18Z,274,1.0,286,8,72,8,1,4,7,12
2020-09-02T10:58:26Z,293,1.01953125,284,13,62,9,5,9,9,27
2020-09-02T11:09:29Z,274,1.01953125,299,7,70,10,1,8,5,21
2020-09-02T11:20:33Z,198,1.0625,279,10,72,8,3,8,8,24
2020-09-02T11:31:38Z,255,1.0,283,12,68,8,3,8,10,24
2020-09-02T11:42:46Z,236,1.03125,289,7,75,9,1,5,5,16
2020-09-02T11:53:55Z,198,1.0625,281,9,74,9,3,6,7,19
2020-09-02T12:04:58Z,274,1.05078125,279,15,67,10,5,9,11,27
2020-09-02T12:16:02Z,274,1.05078125,272,15,68,9,5,9,11,27
2020-09-02T12:27:06Z,255,1.046875,285,8,73,7,1,2,5,7
2020-09-02T12:38:23Z,236,1.03125,285,7,76,7,1,3,4,10
2020-09-02T12:49:32Z,236,1.01171875,286,8,73,7,0,2,4,6
2020-09-02T13:00:36Z,236,1.01171875,284,8,75,6,0,3,4,10
2020-09-02T13:11:47Z,236,1.01171875,288,8,70,7,1,6,5,16
2020-09-02T13:23:02Z,236,1.01171875,286,8,72,7,1,4,5,13
2020-09-02T13:34:21Z,236,1.01171875,282,8,73,6,0,3,5,8
2020-09-02T13:45:26Z,350,1.0,279,11,57,7,1,6,6,16
2020-09-02T13:56:33Z,274,1.0390625,283,9,71,6,1,6,5,15
2020-09-02T14:07:35Z,236,1.05078125,298,7,73,9,1,6,5,17
2020-09-02T14:18:37Z,217,1.05859375,292,7,72,8,1,5,5,15
2020-09-02T14:29:49Z,198,1.0625,291,6,79,9,1,4,5,12
2020-09-02T14:40:50Z,198,1.04296875,305,6,78,13,2,8,6,22
2020-09-02T14:52:01Z,198,1.04296875,282,9,75,5,1,4,5,12
2020-09-02T15:03:06Z,198,1.04296875,280,8,77,6,1,5,4,16
2020-09-02T15:14:22Z,198,1.04296875,286,8,74,8,1,3,5,10
2020-09-02T15:25:23Z,198,1.04296875,287,7,75,7,1,3,5,10
2020-09-02T15:36:28Z,198,1.04296875,281,10,75,5,1,3,5,9
2020-09-02T15:47:43Z,198,1.04296875,281,9,73,5,1,4,5,12
2020-09-02T15:58:58Z,274,1.05078125,280,12,64,5,1,3,5,9
2020-09-02T16:10:12Z,293,1.0,284,10,64,6,0,5,5,13
2020-09-02T16:21:36Z,350,1.0,283,11,57,7,0,6,5,15
2020-09-02T16:32:39Z,463,1.01953125,279,13,58,5,0,4,5,11
2020-09-02T16:43:41Z,501,1.0,283,12,58,6,1,9,5,24
2020-09-02T16:55:03Z,784,1.0,281,12,60,5,0,2,5,6
2020-09-02T17:06:06Z,898,1.0,283,13,62,5,0,4,5,10
2020-09-02T17:17:30Z,633,1.0234375,281,11,64,6,0,3,5,9
2020-09-02T17:28:53Z,784,1.0,281,14,60,5,1,5,5,12
2020-09-02T17:39:55Z,690,1.0,281,12,64,5,0,3,5,7
2020-09-02T17:50:59Z,671,1.0,283,14,62,6,0,4,5,10
2020-09-02T18:02:02Z,671,1.0,283,13,62,5,1,5,5,12
2020-09-02T18:13:27Z,898,1.0,284,13,60,6,1,6,5,15
2020-09-02T18:24:53Z,955,1.01171875,284,12,63,6,1,8,5,20
2020-09-02T18:36:10Z,1087,1.0078125,282,13,62,6,1,6,5,15
2020-09-02T18:47:21Z,1144,1.0,282,13,59,6,1,9,5,22
2020-09-02T18:58:35Z,1484,1.0,281,12,60,6,1,8,5,19
2020-09-02T19:10:14Z,1730,1.0,281,12,60,6,1,8,5,21
2020-09-02T19:21:15Z,1805,1.0,283,12,59,6,1,7,5,19
2020-09-02T19:32:33Z,2259,1.0,280,13,61,6,1,6,5,15
2020-09-02T19:43:35Z,2826,1.0,274,15,61,5,1,8,5,21
2020-09-02T19:55:11Z,4263,1.0,264,17,62,4,1,8,5,20
2020-09-02T20:06:22Z,5529,1.0,274,15,61,5,2,11,5,28
2020-09-02T20:17:40Z,8044,1.0,283,15,60,6,1,9,5,24
2020-09-02T20:28:57Z,14169,1.0,237,30,68,2,2,5,6,13
2020-09-02T20:39:58Z,32978,1.0,223,48,73,1,2,4,6,11
2020-09-02T20:51:02Z,33243,2.1171875,222,53,73,1,2,4,6,10
2020-09-02T21:02:03Z,33243,2.5859375,225,67,43,1,2,3,6,5
2020-09-02T21:13:05Z,33243,5.2265625,225,78,32,1,3,3,7,4
2020-09-02T21:24:12Z,33243,9.84765625,230,79,20,2,3,2,9,3
2020-09-02T21:35:14Z,33243,9.84765625,229,82,10,3,6,1,6,2
2020-09-02T21:46:15Z,33243,9.84765625,217,70,1,46,22,0,3,0
2020-09-02T21:57:17Z,33243,9.84765625,50,12,0,118,28,0,3,0
2020-09-02T22:08:18Z,33243,9.84765625,37,13,0,102,32,0,2,0
2020-09-02T22:19:19Z,33243,9.84765625,80,64,0,124,45,0,3,0
2020-09-02T22:30:25Z,33243,9.84765625,46,33,0,97,46,0,2,0
2020-09-02T22:41:36Z,33243,9.84765625,31,21,0,84,40,0,2,0
2020-09-02T22:52:40Z,33243,9.84765625,46,38,0,94,47,0,2,0
2020-09-02T23:03:44Z,33243,9.84765625,31,23,0,82,41,0,2,0
2020-09-02T23:14:48Z,33243,9.84765625,6,9,0,20,28,0,1,0
2020-09-02T23:25:49Z,33243,9.84765625,44,34,0,93,46,0,2,0
2020-09-02T23:37:26Z,33243,9.84765625,53,47,0,96,48,0,2,0
2020-09-02T23:48:40Z,33243,9.84765625,64,58,0,103,47,0,3,0
2020-09-02T23:59:58Z,33243,9.84765625,64,74,0,91,41,0,3,0
2020-09-03T00:11:01Z,33243,9.84765625,53,52,0,87,48,0,2,0
2020-09-03T00:22:04Z,33243,9.84765625,59,51,0,98,48,0,2,0
2020-09-03T00:33:06Z,33243,9.84765625,12,20,0,26,40,0,1,0
2020-09-03T00:44:43Z,33243,9.84765625,46,42,0,88,48,0,2,0
2020-09-03T00:55:45Z,33243,9.84765625,54,69,0,77,44,0,3,0
2020-09-03T01:06:46Z,33243,9.84765625,24,40,0,30,49,0,2,0
2020-09-03T01:17:50Z,33243,9.84765625,63,86,0,84,31,0,3,0
2020-09-03T01:28:56Z,33243,9.84765625,57,52,0,96,48,0,2,0
2020-09-03T01:39:59Z,33243,9.84765625,43,33,0,93,46,0,2,0
2020-09-03T01:51:00Z,33243,9.84765625,58,51,0,99,48,0,2,0
2020-09-03T02:02:25Z,33243,9.84765625,42,35,0,88,46,0,2,0
2020-09-03T02:13:27Z,33243,9.84765625,53,44,0,96,48,0,2,0
2020-09-03T02:24:29Z,33243,9.84765625,49,38,0,96,47,0,2,0
2020-09-03T02:35:33Z,33243,9.84765625,39,32,0,86,45,0,2,0
2020-09-03T02:46:44Z,33243,9.84765625,38,37,0,78,47,0,2,0
2020-09-03T02:57:46Z,33243,9.84765625,10,15,0,25,36,0,1,0
2020-09-03T03:08:48Z,33243,9.84765625,19,41,0,32,49,0,2,0
2020-09-03T03:19:59Z,33243,9.84765625,8,14,0,23,34,0,1,0
2020-09-03T03:31:02Z,33243,9.84765625,59,51,0,99,48,0,2,0
2020-09-03T03:42:04Z,33243,9.84765625,55,45,0,98,48,0,2,0
2020-09-03T03:53:06Z,33243,9.84765625,13,21,0,26,41,0,1,0
2020-09-03T04:04:09Z,33243,9.84765625,35,30,0,80,45,0,2,0
2020-09-03T04:15:11Z,33243,9.84765625,33,23,0,85,41,0,2,0
2020-09-03T04:26:14Z,33243,9.84765625,6,8,0,22,28,0,1,0
2020-09-03T04:37:16Z,33243,9.84765625,23,27,0,63,44,0,2,0
2020-09-03T04:48:19Z,33243,9.84765625,137,38,0,162,42,0,3,0
2020-09-03T04:59:22Z,33243,9.84765625,126,61,0,97,44,0,2,0
2020-09-03T05:10:31Z,33243,9.84765625,239,77,6,10,8,3,5,3
2020-09-03T05:21:33Z,33243,9.84765625,227,82,23,1,6,10,9,12
2020-09-03T05:32:35Z,33243,9.84765625,226,64,57,1,5,14,12,26
2020-09-03T05:43:37Z,29481,9.84765625,223,57,75,2,7,11,13,30
2020-09-03T05:54:39Z,8819,9.84765625,225,51,73,2,7,11,13,30
2020-09-03T06:05:41Z,3337,9.84765625,224,48,73,2,6,10,13,27
2020-09-03T06:16:51Z,1560,9.84765625,226,43,73,2,4,9,12,24
2020-09-03T06:27:55Z,917,9.84765625,226,44,75,2,4,7,13,21
2020-09-03T06:40:08Z,501,9.84765625,237,26,68,3,4,8,12,22
2020-09-03T06:51:12Z,312,9.84765625,254,24,66,5,5,10,12,27
2020-09-03T07:02:14Z,236,9.84765625,259,20,63,7,4,12,12,30
2020-09-03T07:13:15Z,217,10.2421875,234,34,70,3,7,11,13,32
2020-09-03T07:24:17Z,180,10.66796875,247,24,71,4,6,10,13,30
2020-09-03T07:35:19Z,142,10.66796875,230,26,79,3,8,10,12,34
2020-09-03T07:46:45Z,104,10.66796875,265,13,81,8,5,8,10,27
2020-09-04T11:45:48Z,1068,1.0,228,37,90,1,5,3,7,14
2020-09-04T11:55:26Z,1125,1.0,227,38,91,1,3,3,5,14
2020-09-04T11:59:47Z,1125,1.0,227,38,91,1,3,3,5,14
2020-09-04T12:02:16Z,1125,1.0,227,38,91,1,3,3,5,13
2020-09-04T12:06:10Z,1125,1.0,227,39,91,1,3,3,5,13
2020-09-04T12:08:14Z,1125,1.0,227,38,91,1,3,3,5,13
2020-09-04T12:10:26Z,1125,1.0,227,38,91,1,3,3,5,13
2020-09-04T12:21:28Z,1276,1.0,230,48,79,1,3,4,6,12
2020-09-04T12:32:29Z,1276,1.0,230,47,79,1,4,4,7,13
2020-09-04T12:43:37Z,1200,1.0078125,229,47,80,1,3,4,6,12
2020-09-04T12:54:39Z,1181,1.0,230,48,79,1,3,4,6,12
2020-09-04T13:05:40Z,936,1.0,231,41,73,3,11,8,10,33
2020-09-04T13:16:41Z,1144,1.0,230,48,78,1,5,5,7,17
2020-09-04T13:27:33Z,1200,1.0,230,48,79,1,5,4,6,17
2020-09-04T13:38:35Z,1181,1.0,231,42,77,2,8,6,7,26
2020-09-04T13:49:38Z,1238,1.0,229,49,79,1,5,4,6,16
2020-09-04T14:00:43Z,1257,1.0,229,49,79,1,3,4,6,13
2020-09-04T14:11:49Z,1257,1.0,229,50,79,1,3,4,6,14
2020-09-04T14:22:56Z,1295,1.0,229,50,79,1,3,4,6,14
2020-09-04T14:34:00Z,1295,1.0,229,50,79,1,3,5,6,15
2020-09-04T14:45:03Z,1295,1.0,229,50,79,1,3,5,6,15
2020-09-04T14:56:06Z,1295,1.0,229,50,79,1,4,5,6,16
2020-09-04T15:07:10Z,1295,1.0,229,49,79,1,6,6,7,20
2020-09-04T15:18:12Z,1238,1.0,231,41,78,3,9,7,9,28
2020-09-04T15:29:21Z,1125,1.01171875,233,41,74,3,10,8,9,32
2020-09-04T15:40:25Z,1049,1.0,234,40,73,4,11,8,10,31
2020-09-04T15:51:27Z,1238,1.0,230,47,77,2,6,6,8,21
2020-09-04T16:02:29Z,1333,1.0,228,50,78,1,4,6,6,19
2020-09-04T16:13:32Z,1333,1.0,228,50,78,1,4,7,6,20
2020-09-04T16:24:37Z,1352,1.0,228,50,78,1,4,7,6,20
2020-09-04T16:35:41Z,1352,1.0,228,49,78,1,5,7,6,21
2020-09-04T16:46:26Z,1163,1.0,225,40,89,1,6,5,5,22
2020-09-04T16:51:18Z,1163,1.0,225,41,89,1,6,6,5,22
2020-09-04T16:56:08Z,1163,1.0,225,40,89,1,6,6,5,22
2020-09-04T17:07:11Z,1408,1.0078125,227,48,79,1,5,7,6,22
2020-09-04T17:18:14Z,1408,1.0078125,227,47,78,2,6,8,6,24
2020-09-04T17:29:18Z,1408,1.0078125,227,48,77,1,5,8,6,22
2020-09-04T17:40:22Z,1446,1.0,227,48,77,1,5,8,6,22
2020-09-04T17:51:27Z,1465,1.0,227,48,76,1,5,8,6,22
2020-09-04T18:02:28Z,1503,1.0,227,48,76,1,5,8,6,22
2020-09-04T18:13:29Z,1560,1.0,226,47,76,1,5,8,6,22
2020-09-04T18:24:35Z,1635,1.0,226,42,74,2,6,9,6,26
2020-09-04T18:35:36Z,1692,1.0,226,47,76,1,5,8,6,22
2020-09-04T18:46:37Z,917,1.015625,275,20,64,28,10,8,9,31
2020-09-04T18:57:38Z,1616,1.0,229,34,73,2,5,5,7,16
2020-09-04T19:08:39Z,2221,1.0,225,46,75,1,5,8,6,22
2020-09-04T19:19:41Z,2013,1.0,232,30,72,3,3,4,7,11
2020-09-04T19:30:42Z,2996,1.0,225,48,74,2,4,8,6,21
2020-09-04T19:41:59Z,3809,1.0,225,48,74,1,4,8,6,21
2020-09-04T19:52:59Z,5265,1.0,224,50,76,2,4,7,6,20
2020-09-04T20:04:01Z,7155,1.0,224,50,76,1,3,6,6,17
2020-09-04T20:15:02Z,9764,1.0,227,44,74,1,5,6,7,18
2020-09-04T20:26:03Z,16059,1.0,224,52,76,2,3,6,6,17
2020-09-04T20:37:03Z,31125,1.0,221,57,77,1,3,6,6,16
2020-09-04T20:48:04Z,33243,2.171875,221,61,77,1,3,5,6,13
2020-09-04T20:59:05Z,33243,2.5859375,224,77,46,1,2,5,6,8
2020-09-04T21:10:06Z,33243,5.2265625,225,85,30,1,2,3,6,4
2020-09-04T21:21:09Z,23866,9.84765625,229,89,11,2,5,2,6,2
2020-09-04T21:32:12Z,24547,9.84765625,226,84,1,18,16,0,3,0
2020-09-04T21:43:17Z,23053,9.84765625,169,41,1,166,41,0,3,1
2020-09-04T21:54:20Z,21276,9.84765625,70,19,0,134,36,0,3,0
2020-09-04T22:05:23Z,21465,9.84765625,56,18,0,121,36,0,2,0
2020-09-04T22:16:26Z,22524,9.84765625,80,67,0,117,43,0,3,0
2020-09-04T22:27:31Z,24017,9.84765625,78,34,0,131,45,0,2,0
2020-09-04T22:38:37Z,21825,9.84765625,21,37,0,40,48,0,2,0
2020-09-04T22:49:42Z,23545,9.84765625,78,35,0,131,45,0,2,0
2020-09-04T23:00:45Z,21465,9.84765625,76,36,0,129,45,0,2,0
2020-09-04T23:11:49Z,21465,9.84765625,75,34,0,129,45,0,2,0
2020-09-04T23:22:51Z,21465,9.84765625,78,36,0,130,45,0,2,0
2020-09-04T23:33:54Z,22505,9.84765625,11,16,0,32,36,0,1,0
2020-09-04T23:44:56Z,21465,9.84765625,63,29,0,120,43,0,2,0
2020-09-04T23:55:59Z,21465,9.84765625,77,36,0,130,45,0,2,0
2020-09-05T00:07:02Z,20010,9.84765625,58,26,0,117,42,0,2,0
2020-09-05T00:18:06Z,20199,9.84765625,58,27,0,117,42,0,2,0
2020-09-05T00:29:10Z,20010,9.84765625,82,36,0,134,45,0,2,0
2020-09-05T00:40:14Z,20010,9.84765625,76,34,0,129,45,0,2,0
2020-09-05T00:51:17Z,20010,9.84765625,73,32,0,129,44,0,2,0
2020-09-05T01:02:20Z,19840,9.84765625,78,35,0,131,45,0,2,0
2020-09-05T01:13:22Z,20010,9.84765625,78,34,0,132,45,0,2,0
2020-09-05T01:24:24Z,20010,9.84765625,11,15,0,32,36,0,1,0
2020-09-05T01:35:27Z,20199,9.84765625,76,33,0,131,44,0,2,0
2020-09-05T01:46:28Z,20010,9.84765625,79,35,0,132,45,0,2,0
2020-09-05T01:57:30Z,20010,9.84765625,9,13,0,32,33,0,1,0
2020-09-05T02:08:34Z,19840,9.84765625,73,32,0,129,44,0,2,0
2020-09-05T02:19:38Z,20010,9.84765625,71,32,0,126,44,0,2,0
2020-09-05T02:30:39Z,20558,9.84765625,76,33,0,130,44,0,2,0
2020-09-05T02:41:42Z,20010,9.84765625,78,33,0,132,44,0,2,0
2020-09-05T02:52:45Z,20010,9.84765625,71,31,0,128,44,0,2,0
2020-09-05T03:03:47Z,20010,9.84765625,75,31,0,131,44,0,2,0
2020-09-05T03:14:52Z,19840,9.84765625,8,12,0,28,32,0,1,0
2020-09-05T03:25:56Z,20369,9.84765625,64,28,0,123,43,0,2,0
2020-09-05T03:36:59Z,20010,9.84765625,69,30,0,126,43,0,2,0
2020-09-05T03:48:03Z,20010,9.84765625,7,11,0,25,31,0,1,0
2020-09-05T03:59:05Z,20010,9.84765625,76,32,0,131,44,0,2,0
2020-09-05T04:10:10Z,20369,9.84765625,74,30,0,131,43,0,2,0
2020-09-05T04:21:15Z,20199,9.84765625,70,29,0,127,43,0,2,0
2020-09-05T04:32:25Z,20010,9.84765625,57,23,0,118,40,0,2,0
2020-09-05T04:43:28Z,20010,9.84765625,68,24,0,129,40,0,2,0
2020-09-05T04:54:31Z,20010,9.84765625,65,19,0,129,36,0,2,0
2020-09-05T05:05:34Z,20010,9.84765625,25,12,0,73,31,0,2,0
2020-09-05T05:16:35Z,20010,9.84765625,237,61,2,93,26,1,4,2
2020-09-05T05:27:37Z,20029,9.84765625,230,82,10,5,8,6,6,7
2020-09-05T05:38:39Z,33243,5.2265625,226,77,30,2,8,13,7,18
2020-09-05T05:49:42Z,33243,2.5859375,229,64,42,1,6,15,5,25
2020-09-05T06:00:44Z,33243,1.87109375,237,38,68,3,7,14,6,37
2020-09-05T06:11:53Z,21447,1.0,262,29,64,14,7,15,6,43
2020-09-05T06:23:00Z,10747,1.0,249,24,63,7,6,15,5,41
2020-09-05T06:34:02Z,6815,1.0,240,24,65,3,4,14,5,36
2020-09-05T06:45:04Z,4490,1.0,245,24,65,3,5,15,6,39
2020-09-05T06:56:04Z,3261,1.0,250,25,65,3,5,14,6,36
2020-09-05T07:07:06Z,2486,1.0,254,24,69,4,4,8,7,22
2020-09-05T07:18:08Z,1616,1.0,278,14,63,21,3,12,7,31
2020-09-05T07:29:10Z,1276,1.0078125,260,17,66,5,3,11,6,29
2020-09-05T07:40:17Z,1144,1.01171875,268,16,64,7,4,14,6,37
2020-09-05T07:58:15Z,822,1.015625,278,16,65,18,5,11,10,30
2020-09-05T08:09:23Z,747,1.01953125,273,16,63,9,4,14,8,35
2020-09-05T08:20:20Z,747,1.0,266,17,64,6,4,14,7,36
2020-09-05T08:31:23Z,747,1.0,259,19,68,4,4,10,6,27
2020-09-05T08:42:25Z,671,1.0,286,13,64,10,3,10,6,27
2020-09-05T08:53:31Z,652,1.0234375,266,17,68,6,3,6,6,19
2020-09-05T09:04:34Z,595,1.0,266,18,63,5,3,12,6,30
2020-09-05T09:15:35Z,595,1.0,267,19,64,5,2,8,6,20
2020-09-05T09:26:37Z,595,1.0,267,17,66,9,5,7,9,23
2020-09-05T09:37:38Z,690,1.0,238,29,68,3,7,10,10,31
2020-09-05T09:48:38Z,501,1.01171875,278,15,66,9,3,8,6,23
2020-09-05T09:59:39Z,350,1.02734375,282,13,66,6,2,6,7,16
2020-09-05T10:10:40Z,293,1.03515625,283,11,71,7,2,5,8,16
2020-09-05T10:21:41Z,274,1.05859375,288,9,70,11,1,4,6,13
2020-09-05T10:32:47Z,274,1.05859375,283,9,68,6,1,6,5,15
2020-09-05T10:43:54Z,274,1.05859375,278,11,66,6,1,5,5,14
2020-09-05T10:54:55Z,274,1.05859375,282,10,70,6,1,4,6,11
2020-09-05T11:05:57Z,274,1.05859375,282,10,70,6,1,5,5,14
2020-09-05T11:17:00Z,274,1.05859375,280,12,66,9,3,11,7,29
2020-09-05T11:28:02Z,444,1.0,256,25,61,4,6,14,8,39
2020-09-05T11:39:04Z,841,1.0,232,42,74,2,7,10,7,31
2020-09-05T11:49:55Z,1125,1.0,230,45,78,1,4,5,6,17
2020-09-05T12:00:58Z,1144,1.0,230,46,78,1,3,5,6,14
2020-09-05T12:12:00Z,1238,1.0,229,48,79,1,3,4,6,12
2020-09-05T12:23:01Z,1257,1.0,229,49,79,1,3,4,6,12
2020-09-05T12:34:04Z,1257,1.0,229,49,79,1,3,4,6,11
2020-09-05T12:45:06Z,1295,1.0,229,49,80,1,3,4,6,11
2020-09-05T12:56:09Z,1295,1.0,229,50,79,1,3,4,6,11
2020-09-05T13:07:11Z,1295,1.0,229,50,79,1,3,4,6,11
2020-09-05T13:18:26Z,1314,1.0,229,50,80,1,3,4,6,11
2020-09-05T13:29:30Z,1352,1.0,229,50,80,1,3,4,6,12
2020-09-05T13:40:31Z,1352,1.0,229,50,80,1,3,4,6,12
2020-09-05T13:51:22Z,1352,1.0,229,50,80,1,3,4,6,12
2020-09-05T14:02:26Z,1352,1.0,229,50,80,1,3,4,6,13
2020-09-05T14:13:27Z,1352,1.0,229,51,79,1,3,4,6,13
2020-09-05T14:24:29Z,1352,1.0,229,50,79,1,3,4,6,13
2020-09-05T14:35:31Z,1352,1.0,229,50,79,1,3,4,6,14
2020-09-05T14:46:32Z,1352,1.0,229,50,79,1,3,5,6,15
2020-09-05T14:57:33Z,1352,1.0,229,50,79,1,3,5,6,15
2020-09-05T15:08:34Z,1352,1.0,229,50,79,1,4,5,6,16
2020-09-05T15:19:35Z,1370,1.0,228,50,79,1,4,5,6,17
2020-09-05T15:30:36Z,1370,1.0,228,50,79,1,4,6,6,17
2020-09-05T15:41:39Z,1370,1.0,228,50,79,1,4,6,6,18
2020-09-05T15:52:42Z,1370,1.0,228,50,79,1,4,6,6,19
2020-09-05T16:03:45Z,1370,1.0,228,50,79,1,4,6,6,19
2020-09-05T16:14:45Z,1370,1.0,228,50,78,1,4,7,6,20
2020-09-05T16:25:48Z,1370,1.0,228,50,78,1,4,7,6,20
2020-09-05T16:36:49Z,1408,1.0,228,50,78,1,4,7,6,21
2020-09-05T16:47:50Z,1408,1.0,228,49,78,1,5,7,6,21
2020-09-05T16:58:51Z,1408,1.0,227,49,78,1,4,7,6,21
2020-09-05T17:09:52Z,1427,1.0,227,49,78,1,5,7,6,21
2020-09-05T17:20:53Z,1484,1.0,227,49,78,1,5,7,6,21
2020-09-05T17:31:56Z,1181,1.0,235,37,75,3,9,9,10,30
2020-09-05T17:42:58Z,1163,1.0,233,35,72,3,11,10,9,37
2020-09-05T17:53:59Z,841,1.015625,250,22,71,9,7,5,9,21
