time,rain
2020-09-15T21:45:10Z,1
2020-09-15T21:46:10Z,1
2020-09-15T21:46:58Z,1
2020-09-15T21:47:54Z,1
2020-09-15T21:48:56Z,1
2020-09-15T21:49:50Z,1
2020-09-15T21:50:44Z,1
2020-09-15T21:55:22Z,1
2020-09-15T22:00:28Z,1
2020-09-15T22:05:33Z,1
2020-09-15T22:10:23Z,1
2020-09-15T22:15:23Z,1
2020-09-15T22:20:22Z,1
2020-09-15T22:25:42Z,1
2020-09-15T22:30:24Z,1
2020-09-15T22:35:22Z,1
2020-09-15T22:40:20Z,1
2020-09-15T22:45:14Z,1
2020-09-15T22:50:25Z,1
2020-09-15T22:55:20Z,1
2020-09-15T23:00:14Z,1
2020-09-15T23:05:24Z,1
2020-09-15T23:10:22Z,1
2020-09-15T23:15:28Z,1
2020-09-15T23:20:17Z,1
2020-09-15T23:25:17Z,1
2020-09-15T23:30:17Z,1
2020-09-15T23:35:13Z,1
2020-09-15T23:40:25Z,1
2020-09-15T23:45:32Z,1
2020-09-15T23:50:12Z,1
2020-09-15T23:55:12Z,1
2020-09-16T00:00:15Z,1
2020-09-16T00:05:16Z,1
2020-09-16T00:10:17Z,1
2020-09-16T00:15:11Z,1
2020-09-16T00:20:23Z,1
2020-09-16T00:25:24Z,1
2020-09-16T00:30:24Z,1
2020-09-16T00:35:22Z,1
2020-09-16T00:40:25Z,1
2020-09-16T00:45:11Z,1
2020-09-16T00:50:09Z,1
2020-09-16T00:55:20Z,1
2020-09-16T01:00:16Z,1
2020-09-16T01:05:10Z,1
2020-09-16T01:10:19Z,1
2020-09-16T01:15:14Z,1
2020-09-16T01:20:08Z,1
2020-09-16T01:25:18Z,1
2020-09-16T01:30:14Z,1
2020-09-16T01:35:09Z,1
2020-09-16T01:40:19Z,1
2020-09-16T01:45:14Z,1
2020-09-16T01:50:08Z,1
2020-09-16T01:55:18Z,1
2020-09-16T02:00:12Z,1
2020-09-16T02:05:07Z,1
2020-09-16T02:10:17Z,1
2020-09-16T02:15:12Z,1
2020-09-16T02:20:07Z,1
2020-09-16T02:25:17Z,1
2020-09-16T02:30:12Z,1
2020-09-16T02:35:07Z,1
2020-09-16T02:40:17Z,1
2020-09-16T02:45:12Z,1
2020-09-16T02:50:07Z,1
2020-09-16T02:55:19Z,1
2020-09-16T03:00:13Z,1
2020-09-16T03:05:09Z,1
2020-09-16T03:10:05Z,1
2020-09-16T03:15:15Z,1
2020-09-16T03:20:10Z,1
2020-09-16T03:25:06Z,1
2020-09-16T03:30:16Z,1
2020-09-16T03:35:12Z,1
2020-09-16T03:40:06Z,1
2020-09-16T03:45:16Z,1
2020-09-16T03:50:11Z,1
2020-09-16T03:55:07Z,1
2020-09-16T04:00:02Z,1
2020-09-16T04:05:12Z,1
2020-09-16T04:10:07Z,1
2020-09-16T04:15:02Z,1
2020-09-16T04:20:12Z,1
2020-09-16T04:25:06Z,1
2020-09-16T04:30:00Z,1
2020-09-16T04:35:10Z,1
2020-09-16T04:40:04Z,1
2020-09-16T04:45:00Z,1
2020-09-16T04:50:10Z,1
2020-09-16T04:55:05Z,1
2020-09-16T05:00:01Z,1
2020-09-16T05:05:11Z,1
2020-09-16T05:10:07Z,1
2020-09-16T05:15:01Z,1
2020-09-16T05:20:11Z,1
2020-09-16T05:25:06Z,1
2020-09-16T05:30:00Z,1
2020-09-16T05:35:10Z,1
2020-09-16T05:40:06Z,1
2020-09-16T05:45:00Z,1
2020-09-16T05:50:11Z,1
2020-09-16T05:55:06Z,1
2020-09-16T06:00:02Z,1
2020-09-16T06:04:57Z,2
2020-09-16T06:10:08Z,1
2020-09-16T06:15:03Z,1
2020-09-16T06:19:57Z,1
2020-09-16T06:25:06Z,1
2020-09-16T06:30:01Z,1
2020-09-16T06:34:55Z,1
2020-09-16T06:40:06Z,1
2020-09-16T06:45:00Z,2
2020-09-16T06:50:09Z,16
2020-09-16T06:55:02Z,22
2020-09-16T06:59:57Z,22
2020-09-16T07:05:07Z,17
2020-09-16T07:10:01Z,13
2020-09-16T07:14:56Z,11
2020-09-16T07:20:06Z,9
2020-09-16T07:25:01Z,8
2020-09-16T07:29:57Z,7
2020-09-16T07:35:07Z,7
2020-09-16T07:40:01Z,7
2020-09-16T07:44:56Z,6
2020-09-16T07:50:05Z,5
2020-09-16T07:55:00Z,4
2020-09-16T07:59:54Z,2
2020-09-16T08:05:03Z,6
2020-09-16T08:09:59Z,4
2020-09-16T08:14:56Z,3
2020-09-16T08:20:05Z,2
2020-09-16T08:25:01Z,1
2020-09-16T08:29:55Z,1
2020-09-16T08:35:27Z,1
2020-09-16T08:40:01Z,1
2020-09-16T08:44:56Z,2
2020-09-16T08:49:55Z,1
2020-09-16T08:54:55Z,1
2020-09-16T08:59:54Z,1
2020-09-16T09:04:59Z,1
2020-09-16T09:09:58Z,1
2020-09-16T09:14:53Z,1
2020-09-16T09:20:02Z,1
2020-09-16T09:24:58Z,1
2020-09-16T09:29:52Z,1
2020-09-16T09:35:01Z,6
2020-09-16T09:39:55Z,4
2020-09-16T09:45:01Z,4
2020-09-16T09:49:56Z,9
2020-09-16T09:54:55Z,34
2020-09-16T09:59:55Z,17
2020-09-16T10:04:55Z,31
2020-09-16T10:09:58Z,37
2020-09-16T10:14:53Z,50
2020-09-16T10:19:53Z,58
2020-09-16T10:24:56Z,60
2020-09-16T10:29:57Z,61
2020-09-16T10:34:57Z,56
2020-09-16T10:39:56Z,42
2020-09-16T10:44:58Z,43
2020-09-16T10:49:53Z,33
2020-09-16T10:54:58Z,40
2020-09-16T11:00:06Z,38
2020-09-16T11:04:58Z,34
2020-09-16T11:09:54Z,40
2020-09-16T11:15:06Z,40
2020-09-16T11:19:48Z,36
2020-09-16T11:24:50Z,38
2020-09-16T11:29:46Z,32
2020-09-16T11:34:56Z,30
2020-09-16T11:39:59Z,54
2020-09-16T11:44:57Z,84
2020-09-16T11:49:59Z,86
2020-09-16T11:54:58Z,81
2020-09-16T11:59:57Z,85
2020-09-16T12:04:59Z,87
2020-09-16T12:10:12Z,86
2020-09-16T12:14:45Z,85
2020-09-16T12:19:59Z,72
2020-09-16T12:24:57Z,79
2020-09-16T12:29:54Z,63
2020-09-16T12:34:56Z,30
2020-09-16T12:39:54Z,26
2020-09-16T12:44:56Z,52
2020-09-16T12:49:57Z,51
2020-09-16T12:55:06Z,47
2020-09-16T12:59:48Z,52
2020-09-16T13:04:42Z,24
2020-09-16T13:09:44Z,20
2020-09-16T13:14:56Z,47
2020-09-16T13:20:01Z,51
2020-09-16T13:24:43Z,58
2020-09-16T13:29:46Z,15
2020-09-16T13:34:43Z,16
2020-09-16T13:39:44Z,18
2020-09-16T13:44:55Z,14
2020-09-16T13:49:52Z,17
2020-09-16T13:54:57Z,64
2020-09-16T13:59:53Z,72
2020-09-16T14:04:59Z,89
2020-09-16T14:09:52Z,60
2020-09-16T14:14:47Z,21
2020-09-16T14:20:15Z,21
2020-09-16T14:24:42Z,23
2020-09-16T14:29:45Z,28
2020-09-16T14:34:40Z,69
2020-09-16T14:39:53Z,57
2020-09-16T14:44:55Z,61
2020-09-16T14:49:41Z,48
2020-09-16T14:54:56Z,63
2020-09-16T14:59:57Z,49
2020-09-16T15:04:41Z,26
2020-09-16T15:09:41Z,50
2020-09-16T15:14:43Z,60
2020-09-16T15:19:43Z,56
2020-09-16T15:24:45Z,74
2020-09-16T15:29:40Z,62
2020-09-16T15:34:50Z,60
2020-09-16T15:39:44Z,54
2020-09-16T15:44:39Z,39
2020-09-16T15:49:49Z,36
2020-09-16T15:54:44Z,25
2020-09-16T15:59:39Z,27
2020-09-16T16:04:49Z,28
2020-09-16T16:09:44Z,30
2020-09-16T16:14:40Z,37
2020-09-16T16:19:35Z,47
2020-09-16T16:24:44Z,34
2020-09-16T16:29:38Z,42
2020-09-16T16:34:48Z,37
2020-09-16T16:39:43Z,37
2020-09-16T16:44:38Z,41
2020-09-16T16:49:47Z,39
2020-09-16T16:54:42Z,40
2020-09-16T16:59:37Z,39
2020-09-16T17:04:48Z,29
2020-09-16T17:09:42Z,34
2020-09-16T17:14:37Z,29
2020-09-16T17:19:47Z,30
2020-09-16T17:24:41Z,36
2020-09-16T17:29:36Z,20
2020-09-16T17:34:45Z,21
2020-09-16T17:39:40Z,23
2020-09-16T17:44:34Z,34
2020-09-16T17:49:44Z,68
2020-09-16T17:54:38Z,56
2020-09-16T17:59:32Z,54
2020-09-16T18:04:42Z,50
2020-09-16T18:09:37Z,63
2020-09-16T18:14:33Z,64
2020-09-16T18:19:43Z,53
2020-09-16T18:24:38Z,63
2020-09-16T18:29:32Z,57
2020-09-16T18:34:42Z,52
2020-09-16T18:39:37Z,56
2020-09-16T18:44:31Z,63
2020-09-16T18:49:41Z,36
2020-09-16T18:54:36Z,40
2020-09-16T18:59:32Z,24
2020-09-16T19:04:41Z,53
2020-09-16T19:09:36Z,48
2020-09-16T19:14:32Z,39
2020-09-16T19:19:42Z,30
2020-09-16T19:24:37Z,35
2020-09-16T19:29:32Z,28
2020-09-16T19:34:41Z,66
2020-09-16T19:39:36Z,67
2020-09-16T19:44:31Z,72
2020-09-16T19:49:40Z,69
2020-09-16T19:54:36Z,68
2020-09-16T19:59:31Z,58
2020-09-16T20:04:41Z,25
2020-09-16T20:09:36Z,69
2020-09-16T20:14:32Z,28
2020-09-16T20:19:27Z,25
2020-09-16T20:24:37Z,54
2020-09-16T20:29:32Z,26
2020-09-16T20:34:26Z,68
2020-09-16T20:39:36Z,31
2020-09-16T20:44:30Z,27
2020-09-16T20:49:24Z,34
2020-09-16T20:54:34Z,33
2020-09-16T20:59:29Z,26
2020-09-16T21:04:38Z,38
2020-09-16T21:09:33Z,40
2020-09-16T21:14:27Z,33
2020-09-16T21:19:36Z,35
2020-09-16T21:24:31Z,44
2020-09-16T21:29:25Z,44
2020-09-16T21:34:36Z,45
2020-09-16T21:39:30Z,47
2020-09-16T21:44:25Z,40
2020-09-16T21:49:36Z,41
2020-09-16T21:54:31Z,56
2020-09-16T21:59:26Z,45
2020-09-16T22:04:36Z,41
2020-09-16T22:09:31Z,52
2020-09-16T22:14:26Z,48
2020-09-16T22:19:36Z,34
2020-09-16T22:24:31Z,33
2020-09-16T22:29:26Z,48
2020-09-16T22:34:22Z,33
2020-09-16T22:39:33Z,32
2020-09-16T22:44:28Z,42
2020-09-16T22:49:23Z,45
2020-09-16T22:54:32Z,22
2020-09-16T22:59:26Z,36
2020-09-16T23:04:21Z,40
2020-09-16T23:09:30Z,47
2020-09-16T23:14:23Z,42
2020-09-16T23:19:32Z,39
2020-09-16T23:24:27Z,43
2020-09-16T23:29:22Z,27
2020-09-16T23:34:19Z,27
2020-09-16T23:39:29Z,29
2020-09-16T23:44:23Z,27
2020-09-16T23:49:17Z,26
2020-09-16T23:54:26Z,26
2020-09-16T23:59:21Z,26
2020-09-17T00:04:37Z,27
2020-09-17T00:09:33Z,29
2020-09-17T00:14:27Z,31
2020-09-17T00:19:24Z,39
2020-09-17T00:24:26Z,40
2020-09-17T00:29:29Z,32
2020-09-17T00:34:29Z,26
2020-09-17T00:39:26Z,25
2020-09-17T00:44:26Z,26
2020-09-17T00:49:26Z,26
2020-09-17T00:54:25Z,24
2020-09-17T00:59:26Z,25
2020-09-17T01:04:31Z,25
2020-09-17T01:09:26Z,25
2020-09-17T01:14:26Z,24
2020-09-17T01:19:22Z,24
2020-09-17T01:24:19Z,22
2020-09-17T01:29:28Z,20
2020-09-17T01:34:25Z,22
2020-09-17T01:39:25Z,20
2020-09-17T01:44:22Z,19
2020-09-17T01:49:32Z,33
2020-09-17T01:54:28Z,31
2020-09-17T01:59:26Z,24
2020-09-17T02:04:26Z,23
2020-09-17T02:09:25Z,22
2020-09-17T02:14:24Z,38
2020-09-17T02:19:39Z,32
2020-09-17T02:24:33Z,29
2020-09-17T02:29:13Z,33
2020-09-17T02:34:13Z,25
2020-09-17T02:39:24Z,24
2020-09-17T02:44:24Z,23
2020-09-17T02:49:27Z,22
2020-09-17T02:54:22Z,24
2020-09-17T02:59:23Z,24
2020-09-17T03:04:27Z,25
2020-09-17T03:09:26Z,25
2020-09-17T03:14:29Z,25
2020-09-17T03:19:24Z,24
2020-09-17T03:24:11Z,24
2020-09-17T03:29:25Z,23
2020-09-17T03:34:28Z,28
2020-09-17T03:39:25Z,28
2020-09-17T03:44:25Z,37
2020-09-17T03:49:09Z,35
2020-09-17T03:54:22Z,32
2020-09-17T03:59:20Z,29
2020-09-17T04:04:15Z,39
2020-09-17T04:09:12Z,36
2020-09-17T04:14:14Z,31
2020-09-17T04:19:10Z,28
2020-09-17T04:24:22Z,28
2020-09-17T04:29:17Z,26
2020-09-17T04:34:12Z,24
2020-09-17T04:39:11Z,23
2020-09-17T04:44:11Z,24
2020-09-17T04:49:10Z,22
2020-09-17T04:54:23Z,25
2020-09-17T04:59:20Z,22
2020-09-17T05:04:15Z,23
2020-09-17T05:09:10Z,22
2020-09-17T05:14:23Z,21
2020-09-17T05:19:17Z,40
2020-09-17T05:24:12Z,36
2020-09-17T05:29:15Z,40
2020-09-17T05:34:14Z,33
2020-09-17T05:39:10Z,30
2020-09-17T05:44:05Z,30
2020-09-17T05:49:14Z,29
2020-09-17T05:54:16Z,27
2020-09-17T05:59:12Z,28
2020-09-17T06:04:10Z,35
2020-09-17T06:09:07Z,37
2020-09-17T06:14:24Z,33
2020-09-17T06:19:14Z,31
2020-09-17T06:24:19Z,29
2020-09-17T06:29:13Z,27
2020-09-17T06:34:13Z,27
2020-09-17T06:39:12Z,26
2020-09-17T06:44:11Z,27
2020-09-17T06:49:05Z,27
2020-09-17T06:54:14Z,24
2020-09-17T06:59:15Z,22
2020-09-17T07:04:15Z,21
2020-09-17T07:09:25Z,21
2020-09-17T07:14:20Z,18
2020-09-17T07:19:16Z,17
2020-09-17T07:24:26Z,16
2020-09-17T07:29:21Z,15
2020-09-17T07:34:17Z,14
2020-09-17T07:39:27Z,11
2020-09-17T07:44:22Z,10
2020-09-17T07:49:03Z,6
2020-09-17T07:54:14Z,5
2020-09-17T07:59:15Z,5
2020-09-17T08:04:11Z,3
2020-09-17T08:09:32Z,3
2020-09-17T08:14:17Z,4
2020-09-17T08:19:12Z,2
2020-09-17T08:24:11Z,2
2020-09-17T08:29:13Z,3
2020-09-17T08:34:11Z,2
2020-09-17T08:39:09Z,1
2020-09-17T08:44:04Z,2
2020-09-17T08:48:58Z,2
2020-09-17T08:54:10Z,1
2020-09-17T08:59:05Z,1
2020-09-17T09:03:58Z,1
2020-09-17T09:09:10Z,1
2020-09-17T09:14:06Z,1
2020-09-17T09:18:57Z,1
2020-09-17T09:23:59Z,1
2020-09-17T09:29:15Z,1
2020-09-17T09:34:01Z,1
2020-09-17T09:39:13Z,1
2020-09-17T09:44:00Z,1
2020-09-17T09:48:57Z,1
2020-09-17T09:54:16Z,1
2020-09-17T09:58:54Z,1
2020-09-17T10:04:16Z,1
2020-09-17T10:08:59Z,1
2020-09-17T10:14:00Z,1
2020-09-17T10:19:03Z,1
2020-09-17T10:24:04Z,1
2020-09-17T10:28:58Z,1
2020-09-17T10:33:58Z,1
2020-09-17T10:39:03Z,1
2020-09-17T10:43:59Z,1
2020-09-17T10:48:58Z,1
2020-09-17T10:54:11Z,1
2020-09-17T10:59:13Z,1
2020-09-17T11:04:02Z,1
2020-09-17T11:08:58Z,1
2020-09-17T11:13:59Z,1
2020-09-17T11:18:58Z,1
2020-09-17T11:23:58Z,1
2020-09-17T11:28:54Z,1
2020-09-17T11:34:04Z,1
2020-09-17T11:39:04Z,1
2020-09-17T11:43:58Z,1
2020-09-17T11:49:03Z,1
2020-09-17T11:53:58Z,1
2020-09-17T11:59:02Z,1
2020-09-17T12:03:57Z,1
2020-09-17T12:09:02Z,1
2020-09-17T12:14:02Z,1
2020-09-17T12:18:59Z,1
2020-09-17T12:23:58Z,1
2020-09-17T12:28:58Z,1
2020-09-17T12:33:58Z,1
2020-09-17T12:38:58Z,1
2020-09-17T12:43:52Z,1
2020-09-17T12:49:02Z,1
2020-09-17T12:53:56Z,1
2020-09-17T12:58:56Z,1
2020-09-17T13:03:56Z,1
2020-09-17T13:08:54Z,1
2020-09-17T13:13:55Z,1
2020-09-17T13:18:55Z,1
2020-09-17T13:23:52Z,6
2020-09-17T13:29:01Z,3
2020-09-17T13:33:56Z,2
2020-09-17T13:38:54Z,1
2020-09-17T13:44:00Z,1
2020-09-17T13:48:54Z,1
2020-09-17T13:53:58Z,1
2020-09-17T13:58:54Z,1
2020-09-17T14:03:55Z,7
2020-09-17T14:08:57Z,25
2020-09-17T14:13:59Z,16
2020-09-17T14:18:59Z,17
2020-09-17T14:23:55Z,16
2020-09-17T14:28:55Z,17
2020-09-17T14:33:53Z,13
2020-09-17T14:38:51Z,21
2020-09-17T14:43:45Z,10
2020-09-17T14:48:58Z,15
2020-09-17T14:53:57Z,14
2020-09-17T14:58:55Z,10
2020-09-17T15:03:56Z,9
2020-09-17T15:08:55Z,6
2020-09-17T15:13:45Z,4
2020-09-17T15:18:45Z,3
2020-09-17T15:23:45Z,4
2020-09-17T15:28:48Z,4
2020-09-17T15:33:58Z,3
2020-09-17T15:38:52Z,3
2020-09-17T15:43:47Z,3
2020-09-17T15:48:56Z,2
2020-09-17T15:53:51Z,1
2020-09-17T15:58:46Z,1
2020-09-17T16:03:55Z,31
2020-09-17T16:08:51Z,31
2020-09-17T16:13:45Z,32
2020-09-17T16:18:55Z,27
2020-09-17T16:23:50Z,22
2020-09-17T16:28:45Z,13
2020-09-17T16:33:55Z,8
2020-09-17T16:38:50Z,5
2020-09-17T16:43:44Z,4
2020-09-17T16:48:53Z,4
2020-09-17T16:53:49Z,3
2020-09-17T16:58:44Z,1
2020-09-17T17:03:54Z,1
2020-09-17T17:08:49Z,1
2020-09-17T17:13:43Z,1
2020-09-17T17:18:53Z,1
2020-09-17T17:23:47Z,1
2020-09-17T17:28:42Z,1
2020-09-17T17:33:51Z,1
2020-09-17T17:38:45Z,1
2020-09-17T17:43:40Z,1
2020-09-17T17:48:50Z,1
2020-09-17T17:53:44Z,1
2020-09-17T17:58:39Z,1
2020-09-17T18:03:49Z,1
2020-09-17T18:08:44Z,1
2020-09-17T18:13:38Z,1
2020-09-17T18:18:49Z,1
2020-09-17T18:23:43Z,1
2020-09-17T18:28:38Z,1
2020-09-17T18:33:49Z,1
2020-09-17T18:38:44Z,1
2020-09-17T18:43:38Z,1
2020-09-17T18:48:48Z,1
2020-09-17T18:53:43Z,1
2020-09-17T18:58:38Z,1
2020-09-17T19:03:49Z,1
2020-09-17T19:08:43Z,1
2020-09-17T19:13:38Z,1
2020-09-17T19:18:49Z,1
2020-09-17T19:23:44Z,1
2020-09-17T19:28:39Z,1
2020-09-17T19:33:49Z,1
2020-09-17T19:38:44Z,1
2020-09-17T19:43:38Z,1
2020-09-17T19:48:48Z,1
2020-09-17T19:53:43Z,1
2020-09-17T19:58:38Z,1
2020-09-17T20:03:48Z,10
2020-09-17T20:08:43Z,10
2020-09-17T20:13:38Z,10
2020-09-17T20:18:33Z,14
2020-09-17T20:23:48Z,9
2020-09-17T20:28:43Z,18
2020-09-17T20:33:39Z,14
2020-09-17T20:38:34Z,18
2020-09-17T20:43:44Z,14
2020-09-17T20:48:41Z,14
2020-09-17T20:53:36Z,40
2020-09-17T20:58:46Z,35
2020-09-17T21:03:40Z,33
2020-09-17T21:08:36Z,36
2020-09-17T21:13:45Z,38
2020-09-17T21:18:41Z,38
2020-09-17T21:23:37Z,32
2020-09-17T21:28:32Z,32
2020-09-17T21:33:42Z,32
2020-09-17T21:38:38Z,31
2020-09-17T21:43:33Z,31
2020-09-17T21:48:44Z,32
2020-09-17T21:53:39Z,30
2020-09-17T21:58:34Z,29
2020-09-17T22:03:44Z,30
2020-09-17T22:08:39Z,39
2020-09-17T22:13:34Z,33
2020-09-17T22:18:29Z,32
2020-09-17T22:23:39Z,33
2020-09-17T22:28:34Z,33
2020-09-17T22:33:29Z,34
2020-09-17T22:38:39Z,32
2020-09-17T22:43:34Z,34
2020-09-17T22:48:28Z,28
2020-09-17T22:53:39Z,28
2020-09-17T22:58:34Z,30
2020-09-17T23:03:29Z,30
2020-09-17T23:08:41Z,29
2020-09-17T23:13:36Z,30
2020-09-17T23:18:31Z,29
2020-09-17T23:23:41Z,29
2020-09-17T23:28:37Z,29
2020-09-17T23:33:32Z,29
2020-09-17T23:38:27Z,28
2020-09-17T23:43:38Z,27
2020-09-17T23:48:32Z,27
2020-09-17T23:53:27Z,41
2020-09-17T23:58:38Z,61
2020-09-18T00:03:33Z,64
2020-09-18T00:08:28Z,61
2020-09-18T00:13:38Z,66
2020-09-18T00:18:33Z,66
2020-09-18T00:23:27Z,66
2020-09-18T00:28:38Z,65
2020-09-18T00:33:33Z,62
2020-09-18T00:38:27Z,63
2020-09-18T00:43:38Z,61
2020-09-18T00:48:33Z,61
2020-09-18T00:53:28Z,57
2020-09-18T00:58:23Z,57
2020-09-18T01:03:33Z,59
2020-09-18T01:08:28Z,57
2020-09-18T01:13:25Z,59
2020-09-18T01:18:36Z,58
2020-09-18T01:23:31Z,58
2020-09-18T01:28:26Z,58
2020-09-18T01:33:37Z,57
2020-09-18T01:38:32Z,56
2020-09-18T01:43:27Z,56
2020-09-18T01:48:23Z,55
2020-09-18T01:53:33Z,57
2020-09-18T01:58:29Z,59
2020-09-18T02:03:25Z,59
2020-09-18T02:08:35Z,60
2020-09-18T02:13:30Z,59
2020-09-18T02:18:25Z,49
2020-09-18T02:23:20Z,42
2020-09-18T02:28:30Z,16
2020-09-18T02:33:25Z,12
2020-09-18T02:38:21Z,9
2020-09-18T02:43:30Z,8
2020-09-18T02:48:25Z,7
2020-09-18T02:53:21Z,5
2020-09-18T02:58:30Z,5
2020-09-18T03:03:26Z,5
2020-09-18T03:08:21Z,5
2020-09-18T03:13:30Z,5
2020-09-18T03:18:25Z,4
2020-09-18T03:23:20Z,5
2020-09-18T03:28:30Z,9
2020-09-18T03:33:26Z,17
2020-09-18T03:38:21Z,10
2020-09-18T03:43:30Z,22
2020-09-18T03:48:26Z,12
2020-09-18T03:53:21Z,15
2020-09-18T03:58:31Z,14
2020-09-18T04:03:26Z,14
2020-09-18T04:08:21Z,17
2020-09-18T04:13:16Z,16
2020-09-18T04:18:26Z,23
2020-09-18T04:23:20Z,26
2020-09-18T04:28:15Z,42
2020-09-18T04:33:26Z,46
2020-09-18T04:38:21Z,41
2020-09-18T04:43:16Z,42
2020-09-18T04:48:26Z,42
2020-09-18T04:53:21Z,41
2020-09-18T04:58:16Z,41
2020-09-18T05:03:27Z,39
2020-09-18T05:08:22Z,38
2020-09-18T05:13:17Z,37
2020-09-18T05:18:27Z,43
2020-09-18T05:23:22Z,41
2020-09-18T05:28:18Z,38
2020-09-18T05:33:13Z,39
2020-09-18T05:38:24Z,38
2020-09-18T05:43:19Z,45
2020-09-18T05:48:15Z,36
2020-09-18T05:53:26Z,33
2020-09-18T05:58:21Z,31
2020-09-18T06:03:16Z,34
2020-09-18T06:08:26Z,34
2020-09-18T06:13:21Z,33
2020-09-18T06:18:15Z,30
2020-09-18T06:23:27Z,35
2020-09-18T06:28:22Z,54
2020-09-18T06:33:17Z,31
2020-09-18T06:38:11Z,31
2020-09-18T06:43:21Z,33
2020-09-18T06:48:16Z,32
2020-09-18T06:53:11Z,33
2020-09-18T06:58:22Z,34
2020-09-18T07:03:17Z,33
2020-09-18T07:08:12Z,36
2020-09-18T07:13:22Z,36
2020-09-18T07:18:17Z,40
2020-09-18T07:23:12Z,39
2020-09-18T07:28:23Z,40
2020-09-18T07:33:18Z,40
2020-09-18T07:38:13Z,40
2020-09-18T07:43:08Z,40
2020-09-18T07:48:18Z,38
2020-09-18T07:53:13Z,37
2020-09-18T07:58:08Z,37
2020-09-18T08:03:18Z,37
2020-09-18T08:08:13Z,32
2020-09-18T08:13:09Z,30
2020-09-18T08:18:18Z,30
2020-09-18T08:23:14Z,33
2020-09-18T08:28:09Z,32
2020-09-18T08:33:19Z,34
2020-09-18T08:38:14Z,31
2020-09-18T08:43:09Z,22
2020-09-18T08:48:19Z,2
2020-09-18T08:53:14Z,2
2020-09-18T08:58:09Z,17
2020-09-18T09:03:20Z,15
2020-09-18T09:08:15Z,7
2020-09-18T09:13:10Z,10
2020-09-18T09:18:05Z,5
2020-09-18T09:23:15Z,5
2020-09-18T09:28:10Z,6
2020-09-18T09:33:05Z,4
2020-09-18T09:38:15Z,7
2020-09-18T09:43:11Z,4
2020-09-18T09:48:06Z,8
2020-09-18T09:53:16Z,7
2020-09-18T09:58:11Z,8
2020-09-18T10:03:06Z,8
2020-09-18T10:08:16Z,7
2020-09-18T10:13:12Z,7
2020-09-18T10:18:15Z,7
2020-09-18T10:23:10Z,7
2020-09-18T10:28:05Z,7
2020-09-18T10:33:15Z,7
2020-09-18T10:38:10Z,8
2020-09-18T10:43:05Z,8
2020-09-18T10:48:15Z,8
2020-09-18T10:53:10Z,8
2020-09-18T10:58:04Z,8
2020-09-18T11:03:15Z,7
2020-09-18T11:08:12Z,7
2020-09-18T11:13:07Z,7
2020-09-18T11:18:02Z,6
2020-09-18T11:23:12Z,6
2020-09-18T11:28:07Z,6
2020-09-18T11:33:02Z,6
2020-09-18T11:38:13Z,6
2020-09-18T11:43:08Z,5
2020-09-18T11:48:04Z,6
2020-09-18T11:53:13Z,6
2020-09-18T11:58:13Z,6
2020-09-18T12:03:08Z,5
2020-09-18T12:08:03Z,4
2020-09-18T12:12:58Z,4
2020-09-18T12:18:07Z,3
2020-09-18T12:23:02Z,2
2020-09-18T12:28:16Z,1
2020-09-18T12:33:12Z,1
2020-09-18T12:38:08Z,1
2020-09-18T12:43:02Z,1
2020-09-18T12:47:57Z,1
2020-09-18T12:53:07Z,1
2020-09-18T12:58:01Z,1
2020-09-18T13:03:11Z,1
2020-09-18T13:08:07Z,1
2020-09-18T13:13:08Z,1
2020-09-18T13:19:27Z,1
2020-09-18T13:23:13Z,1
2020-09-18T13:28:00Z,1
2020-09-18T13:33:22Z,1
2020-09-18T13:38:27Z,1
2020-09-18T13:43:03Z,1
2020-09-18T13:47:58Z,1
2020-09-18T13:53:08Z,1
2020-09-18T13:58:04Z,1
2020-09-18T14:03:01Z,1
2020-09-18T14:07:56Z,1
2020-09-18T14:13:07Z,1
2020-09-18T14:18:02Z,1
2020-09-18T14:22:57Z,1
2020-09-18T14:27:53Z,1
2020-09-18T14:33:03Z,1
2020-09-18T14:38:01Z,1
2020-09-18T14:43:01Z,1
2020-09-18T14:47:56Z,1
2020-09-18T14:53:07Z,12
2020-09-18T14:58:01Z,7
2020-09-18T15:02:56Z,5
2020-09-18T15:07:54Z,1
2020-09-18T15:13:11Z,1
2020-09-18T15:18:07Z,1
2020-09-18T15:23:11Z,1
2020-09-18T15:27:55Z,1
2020-09-18T15:33:05Z,1
2020-09-18T15:38:00Z,1
2020-09-18T15:42:55Z,1
2020-09-18T15:48:05Z,1
2020-09-18T15:53:02Z,1
2020-09-18T15:57:58Z,1
2020-09-18T16:02:53Z,1
2020-09-18T16:08:04Z,1
2020-09-18T16:12:58Z,1
2020-09-18T16:17:55Z,5
2020-09-18T16:22:51Z,2
2020-09-18T16:37:19Z,2
2020-09-18T16:42:29Z,1
2020-09-18T16:47:23Z,1
2020-09-18T16:52:19Z,2
2020-09-18T16:57:28Z,1
2020-09-18T17:02:23Z,1
2020-09-18T17:07:18Z,1
2020-09-18T17:12:28Z,1
2020-09-18T17:17:23Z,1
2020-09-18T17:22:17Z,2
2020-09-18T17:27:28Z,2
2020-09-18T17:32:23Z,1
2020-09-18T17:37:18Z,2
2020-09-18T17:42:28Z,2
2020-09-18T17:47:22Z,2
2020-09-18T17:52:17Z,1
2020-09-18T17:57:27Z,1
2020-09-18T18:02:22Z,1
2020-09-18T18:07:16Z,1
2020-09-18T18:12:26Z,2
2020-09-18T18:17:21Z,2
2020-09-18T18:22:16Z,2
2020-09-18T18:27:27Z,1
2020-09-18T18:32:22Z,1
2020-09-18T18:37:16Z,1
2020-09-18T18:42:11Z,2
2020-09-18T18:47:21Z,1
2020-09-18T18:52:17Z,1
2020-09-18T18:57:11Z,1
2020-09-18T19:02:22Z,1
2020-09-18T19:07:18Z,2
2020-09-18T19:12:12Z,1
2020-09-18T19:17:23Z,1
2020-09-18T19:22:18Z,2
2020-09-18T19:27:13Z,1
2020-09-18T19:32:23Z,1
2020-09-18T19:37:18Z,1
2020-09-18T19:42:18Z,2
2020-09-18T19:47:13Z,2
2020-09-18T19:52:23Z,1
2020-09-18T19:57:17Z,1
2020-09-18T20:02:13Z,2
2020-09-18T20:07:23Z,2
2020-09-18T20:12:18Z,1
2020-09-18T20:17:13Z,2
2020-09-18T20:22:08Z,1
2020-09-18T20:27:18Z,2
2020-09-18T20:32:13Z,1
2020-09-18T20:37:11Z,1
2020-09-18T20:42:21Z,2
2020-09-18T20:47:15Z,1
2020-09-18T20:52:11Z,1
2020-09-18T20:57:21Z,2
2020-09-18T21:02:16Z,2
2020-09-18T21:07:11Z,1
2020-09-18T21:12:05Z,2
2020-09-18T21:17:15Z,1
2020-09-18T21:22:09Z,1
2020-09-18T21:27:19Z,1
2020-09-18T21:32:14Z,1
2020-09-18T21:37:11Z,2
2020-09-18T21:42:09Z,2
2020-09-18T21:47:15Z,2
2020-09-18T21:52:11Z,2
2020-09-18T21:57:09Z,1
2020-09-18T22:02:07Z,1
2020-09-18T22:07:19Z,1
2020-09-18T22:12:15Z,1
2020-09-18T22:17:10Z,1
2020-09-18T22:22:05Z,1
2020-09-18T22:27:17Z,1
2020-09-18T22:32:12Z,1
2020-09-18T22:37:08Z,2
2020-09-18T22:42:04Z,2
2020-09-18T22:47:15Z,1
2020-09-18T22:52:13Z,2
2020-09-18T22:57:10Z,1
2020-09-18T23:02:05Z,1
2020-09-18T23:07:15Z,1
2020-09-18T23:12:11Z,1
2020-09-18T23:17:06Z,1
2020-09-18T23:22:02Z,2
2020-09-18T23:27:12Z,2
2020-09-18T23:32:08Z,1
2020-09-18T23:37:03Z,2
2020-09-18T23:42:12Z,2
2020-09-18T23:47:07Z,2
2020-09-18T23:52:02Z,1
2020-09-18T23:57:12Z,1
2020-09-19T00:02:07Z,1
2020-09-19T00:07:02Z,1
2020-09-19T00:12:11Z,1
2020-09-19T00:17:06Z,1
2020-09-19T00:22:01Z,2
2020-09-19T00:27:11Z,1
2020-09-19T00:32:06Z,1
2020-09-19T00:37:02Z,1
2020-09-19T00:42:12Z,1
2020-09-19T00:47:07Z,1
2020-09-19T00:52:02Z,2
2020-09-19T00:57:11Z,2
2020-09-19T01:02:06Z,10
2020-09-19T01:07:00Z,25
2020-09-19T01:12:09Z,48
2020-09-19T01:17:04Z,53
2020-09-19T01:21:58Z,54
2020-09-19T01:27:08Z,56
2020-09-19T01:32:02Z,51
2020-09-19T01:36:57Z,51
2020-09-19T01:42:07Z,33
2020-09-19T01:47:01Z,45
2020-09-19T01:51:56Z,47
2020-09-19T01:57:06Z,34
2020-09-19T02:02:01Z,27
2020-09-19T02:06:55Z,31
2020-09-19T02:12:05Z,28
2020-09-19T02:17:00Z,32
2020-09-19T02:21:54Z,34
2020-09-19T02:26:59Z,35
2020-09-19T02:32:09Z,35
2020-09-19T02:37:03Z,35
2020-09-19T02:41:58Z,32
2020-09-19T02:47:08Z,32
2020-09-19T02:52:02Z,34
2020-09-19T02:56:57Z,36
2020-09-19T03:02:06Z,39
2020-09-19T03:07:01Z,35
2020-09-19T03:11:55Z,39
2020-09-19T03:17:05Z,40
2020-09-19T03:21:59Z,39
2020-09-19T03:26:54Z,39
2020-09-19T03:32:03Z,37
2020-09-19T03:36:58Z,38
2020-09-19T03:41:52Z,54
2020-09-19T03:47:02Z,50
2020-09-19T03:51:57Z,45
2020-09-19T03:56:52Z,45
2020-09-19T04:02:02Z,42
2020-09-19T04:06:56Z,37
2020-09-19T04:11:50Z,32
2020-09-19T04:17:00Z,32
2020-09-19T04:21:54Z,30
2020-09-19T04:27:03Z,32
2020-09-19T04:31:58Z,31
2020-09-19T04:36:52Z,30
2020-09-19T04:42:02Z,28
2020-09-19T04:46:56Z,27
2020-09-19T04:51:51Z,28
2020-09-19T04:57:00Z,24
2020-09-19T05:01:55Z,25
2020-09-19T05:06:50Z,25
2020-09-19T05:12:00Z,24
2020-09-19T05:16:55Z,24
2020-09-19T05:21:50Z,21
2020-09-19T05:26:59Z,19
2020-09-19T05:31:54Z,10
2020-09-19T05:36:50Z,10
2020-09-19T05:42:00Z,4
2020-09-19T05:46:55Z,3
2020-09-19T05:51:50Z,4
2020-09-19T05:57:00Z,4
2020-09-19T06:01:55Z,4
2020-09-19T06:06:50Z,4
2020-09-19T06:11:59Z,3
2020-09-19T06:16:54Z,3
2020-09-19T06:21:48Z,4
2020-09-19T06:26:58Z,3
2020-09-19T06:31:53Z,1
2020-09-19T06:36:48Z,1
2020-09-19T06:41:58Z,1
2020-09-19T06:46:53Z,1
2020-09-19T06:51:47Z,2
2020-09-19T06:56:56Z,2
2020-09-19T07:01:51Z,2
2020-09-19T07:06:46Z,1
2020-09-19T07:11:55Z,1
2020-09-19T07:16:52Z,2
2020-09-19T07:21:46Z,2
2020-09-19T07:26:56Z,1
2020-09-19T07:31:51Z,1
2020-09-19T07:36:46Z,1
2020-09-19T07:41:55Z,1
2020-09-19T07:46:50Z,1
2020-09-19T07:51:45Z,1
2020-09-19T07:56:55Z,2
2020-09-19T08:01:51Z,2
2020-09-19T08:06:46Z,2
2020-09-19T08:11:56Z,2
2020-09-19T08:16:50Z,1
2020-09-19T08:21:45Z,2
2020-09-19T08:26:54Z,2
2020-09-19T08:31:50Z,1
2020-09-19T08:36:44Z,1
2020-09-19T08:41:54Z,1
2020-09-19T08:46:48Z,1
2020-09-19T08:51:48Z,10
2020-09-19T08:56:44Z,12
2020-09-19T09:01:55Z,8
2020-09-19T09:06:50Z,8
2020-09-19T09:11:44Z,7
2020-09-19T09:16:54Z,6
2020-09-19T09:21:48Z,5
2020-09-19T09:26:43Z,2
2020-09-19T09:31:54Z,1
2020-09-19T09:36:49Z,50
2020-09-19T09:41:44Z,50
2020-09-19T09:46:40Z,45
2020-09-19T09:51:50Z,59
2020-09-19T09:56:45Z,63
2020-09-19T10:01:40Z,69
2020-09-19T10:06:50Z,73
2020-09-19T10:11:45Z,74
2020-09-19T10:16:40Z,75
2020-09-19T10:21:51Z,70
2020-09-19T10:26:46Z,71
2020-09-19T10:31:40Z,66
2020-09-19T10:36:50Z,68
2020-09-19T10:41:45Z,70
2020-09-19T10:46:40Z,72
2020-09-19T10:51:51Z,72
2020-09-19T10:56:45Z,74
2020-09-19T11:01:41Z,70
2020-09-19T11:06:36Z,71
2020-09-19T11:11:46Z,69
2020-09-19T11:16:42Z,58
2020-09-19T11:21:38Z,59
2020-09-19T11:26:48Z,58
2020-09-19T11:31:42Z,58
2020-09-19T11:36:38Z,55
2020-09-19T11:41:47Z,55
2020-09-19T11:46:42Z,55
2020-09-19T11:51:37Z,54
2020-09-19T11:56:47Z,50
2020-09-19T12:01:42Z,9
2020-09-19T12:06:36Z,2
2020-09-19T12:11:46Z,1
2020-09-19T12:16:42Z,1
2020-09-19T12:21:36Z,2
2020-09-19T12:26:46Z,1
2020-09-19T12:31:41Z,1
2020-09-19T12:36:36Z,1
2020-09-19T12:41:45Z,2
2020-09-19T12:46:40Z,2
2020-09-19T12:51:35Z,4
2020-09-19T12:56:45Z,2
2020-09-19T13:01:40Z,2
2020-09-19T13:06:35Z,2
2020-09-19T13:11:45Z,2
2020-09-19T13:16:40Z,1
2020-09-19T13:21:36Z,52
2020-09-19T13:26:31Z,65
2020-09-19T13:31:41Z,70
2020-09-19T13:36:35Z,70
2020-09-19T13:41:30Z,63
2020-09-19T13:46:40Z,50
2020-09-19T13:51:35Z,90
2020-09-19T13:56:31Z,89
2020-09-19T14:01:41Z,85
2020-09-19T14:06:36Z,83
2020-09-19T14:11:25Z,84
2020-09-19T14:16:32Z,81
2020-09-19T14:21:41Z,82
2020-09-19T14:26:37Z,79
2020-09-19T14:31:32Z,80
2020-09-19T14:36:42Z,75
2020-09-19T14:41:36Z,79
2020-09-19T14:46:32Z,78
2020-09-19T14:51:41Z,74
2020-09-19T14:56:36Z,76
2020-09-19T15:01:31Z,75
2020-09-19T15:06:41Z,76
2020-09-19T15:11:36Z,72
2020-09-19T15:16:32Z,70
2020-09-19T15:21:27Z,62
2020-09-19T15:26:38Z,60
2020-09-19T15:31:33Z,60
2020-09-19T15:36:29Z,27
2020-09-19T15:41:40Z,2
2020-09-19T15:46:26Z,1
2020-09-19T15:51:35Z,1
2020-09-19T15:56:30Z,1
2020-09-19T16:01:26Z,2
2020-09-19T16:06:37Z,1
2020-09-19T16:11:31Z,1
2020-09-19T16:16:26Z,2
2020-09-19T16:21:36Z,2
2020-09-19T16:26:32Z,1
2020-09-19T16:31:27Z,2
2020-09-19T16:36:37Z,1
2020-09-19T16:41:32Z,1
2020-09-19T16:46:27Z,1
2020-09-19T16:51:37Z,1
2020-09-19T16:56:33Z,1
2020-09-19T17:01:27Z,2
2020-09-19T17:06:37Z,2
2020-09-19T17:11:32Z,1
2020-09-19T17:16:27Z,1
2020-09-19T17:21:22Z,1
2020-09-19T17:26:32Z,1
2020-09-19T17:31:27Z,1
2020-09-19T17:36:23Z,1
2020-09-19T17:41:33Z,1
2020-09-19T17:46:27Z,1
2020-09-19T17:51:23Z,1
2020-09-19T17:56:32Z,2
2020-09-19T18:01:27Z,1
2020-09-19T18:06:22Z,2
2020-09-19T18:11:32Z,1
2020-09-19T18:16:26Z,2
2020-09-19T18:21:22Z,12
2020-09-19T18:26:31Z,8
2020-09-19T18:31:26Z,2
2020-09-19T18:36:21Z,1
2020-09-19T18:41:31Z,1
2020-09-19T18:46:26Z,2
2020-09-19T18:51:20Z,1
2020-09-19T18:56:30Z,2
2020-09-19T19:01:24Z,1
2020-09-19T19:06:18Z,1
2020-09-19T19:11:28Z,6
2020-09-19T19:16:23Z,9
2020-09-19T19:21:17Z,2
2020-09-19T19:26:27Z,1
2020-09-19T19:31:22Z,2
2020-09-19T19:36:17Z,1
2020-09-19T19:41:27Z,2
2020-09-19T19:46:22Z,2
2020-09-19T19:51:17Z,1
2020-09-19T19:56:27Z,15
2020-09-19T20:01:21Z,38
2020-09-19T20:06:16Z,22
2020-09-19T20:11:25Z,17
2020-09-19T20:16:20Z,8
2020-09-19T20:21:30Z,3
2020-09-19T20:26:24Z,2
2020-09-19T20:31:19Z,1
2020-09-19T20:36:29Z,2
2020-09-19T20:41:23Z,1
2020-09-19T20:46:18Z,2
2020-09-19T20:51:27Z,1
2020-09-19T20:56:22Z,2
2020-09-19T21:01:17Z,2
2020-09-19T21:06:26Z,4
2020-09-19T21:11:23Z,9
2020-09-19T21:16:23Z,2
2020-09-19T21:21:18Z,2
2020-09-19T21:26:28Z,1
2020-09-19T21:31:20Z,1
2020-09-19T21:36:15Z,1
2020-09-19T21:41:31Z,2
2020-09-19T21:46:32Z,2
2020-09-19T21:51:27Z,48
2020-09-19T21:56:27Z,74
2020-09-19T22:01:25Z,74
2020-09-19T22:06:20Z,71
2020-09-19T22:11:15Z,64
2020-09-19T22:16:12Z,52
2020-09-19T22:21:37Z,44
2020-09-19T22:26:15Z,37
2020-09-19T22:31:19Z,32
2020-09-19T22:36:16Z,26
2020-09-19T22:41:19Z,22
2020-09-19T22:46:17Z,20
2020-09-19T22:51:18Z,16
2020-09-19T22:56:16Z,9
2020-09-19T23:01:18Z,9
2020-09-19T23:06:16Z,7
2020-09-19T23:11:19Z,7
2020-09-19T23:16:31Z,6
2020-09-19T23:21:16Z,4
2020-09-19T23:26:20Z,4
2020-09-19T23:31:20Z,3
2020-09-19T23:36:22Z,3
2020-09-19T23:41:17Z,3
2020-09-19T23:46:17Z,3
2020-09-19T23:51:14Z,2
2020-09-19T23:56:10Z,1
2020-09-20T00:01:21Z,1
2020-09-20T00:06:16Z,2
2020-09-20T00:11:18Z,2
2020-09-20T00:16:18Z,1
2020-09-20T00:21:16Z,1
2020-09-20T00:26:16Z,4
2020-09-20T00:31:16Z,2
2020-09-20T00:36:17Z,2
2020-09-20T00:41:18Z,2
2020-09-20T00:46:09Z,2
2020-09-20T00:51:20Z,2
2020-09-20T00:56:15Z,1
2020-09-20T01:01:19Z,2
2020-09-20T01:06:20Z,2
2020-09-20T01:11:05Z,2
2020-09-20T01:16:15Z,2
2020-09-20T01:21:47Z,1
2020-09-20T01:26:04Z,1
2020-09-20T01:31:17Z,2
2020-09-20T01:36:16Z,1
2020-09-20T01:41:15Z,2
2020-09-20T01:46:19Z,2
2020-09-20T01:51:17Z,2
2020-09-20T01:56:06Z,1
2020-09-20T02:01:19Z,2
2020-09-20T02:06:15Z,1
2020-09-20T02:11:17Z,1
2020-09-20T02:16:16Z,2
2020-09-20T02:21:04Z,2
2020-09-20T02:26:14Z,1
2020-09-20T02:31:09Z,1
2020-09-20T02:36:04Z,1
2020-09-20T02:41:20Z,2
2020-09-20T02:46:14Z,2
2020-09-20T02:51:27Z,1
2020-09-20T02:56:06Z,1
2020-09-20T03:01:01Z,1
2020-09-20T03:05:55Z,1
2020-09-20T03:11:11Z,2
2020-09-20T03:16:10Z,5
2020-09-20T03:21:06Z,3
2020-09-20T03:26:02Z,25
2020-09-20T03:31:18Z,33
2020-09-20T03:36:06Z,37
2020-09-20T03:41:01Z,68
2020-09-20T03:46:18Z,73
2020-09-20T03:51:03Z,72
2020-09-20T03:56:14Z,73
2020-09-20T04:01:13Z,74
2020-09-20T04:06:13Z,73
2020-09-20T04:11:08Z,72
2020-09-20T04:16:02Z,66
2020-09-20T04:21:17Z,61
2020-09-20T04:26:00Z,62
2020-09-20T04:31:16Z,56
2020-09-20T04:36:00Z,54
2020-09-20T04:41:16Z,52
2020-09-20T04:46:04Z,53
2020-09-20T04:51:05Z,52
2020-09-20T04:56:00Z,50
2020-09-20T05:01:05Z,45
2020-09-20T05:06:00Z,40
2020-09-20T05:11:00Z,45
2020-09-20T05:15:57Z,38
2020-09-20T05:21:02Z,60
2020-09-20T05:25:58Z,44
2020-09-20T05:30:59Z,45
2020-09-20T05:35:59Z,53
2020-09-20T05:40:59Z,57
2020-09-20T05:45:59Z,41
2020-09-20T05:51:03Z,54
2020-09-20T05:55:59Z,49
2020-09-20T06:01:04Z,50
2020-09-20T06:05:59Z,46
2020-09-20T06:10:59Z,48
2020-09-20T06:15:59Z,54
2020-09-20T06:20:59Z,54
2020-09-20T06:25:59Z,50
2020-09-20T06:30:59Z,50
2020-09-20T06:35:59Z,47
2020-09-20T06:41:04Z,59
2020-09-20T06:46:00Z,62
2020-09-20T06:51:00Z,37
2020-09-20T06:56:00Z,39
2020-09-20T07:01:00Z,33
2020-09-20T07:05:59Z,34
2020-09-20T07:10:59Z,38
2020-09-20T07:16:00Z,36
2020-09-20T07:21:05Z,36
2020-09-20T07:25:59Z,46
2020-09-20T07:31:04Z,38
2020-09-20T07:36:00Z,41
2020-09-20T07:41:02Z,37
2020-09-20T07:46:01Z,35
2020-09-20T07:51:01Z,40
2020-09-20T07:55:56Z,40
2020-09-20T08:00:54Z,47
2020-09-20T08:06:05Z,40
2020-09-20T08:11:00Z,51
2020-09-20T08:16:01Z,44
2020-09-20T08:21:00Z,37
2020-09-20T08:25:57Z,50
2020-09-20T08:31:02Z,64
2020-09-20T08:35:59Z,43
2020-09-20T08:40:59Z,49
2020-09-20T08:45:59Z,51
2020-09-20T08:51:00Z,47
2020-09-20T08:55:59Z,50
2020-09-20T09:01:00Z,49
2020-09-20T09:05:56Z,49
2020-09-20T09:10:51Z,48
2020-09-20T09:16:01Z,48
2020-09-20T09:20:47Z,47
2020-09-20T09:25:53Z,50
2020-09-20T09:31:01Z,53
2020-09-20T09:35:58Z,47
2020-09-20T09:40:59Z,39
2020-09-20T09:46:00Z,37
2020-09-20T09:51:00Z,43
2020-09-20T09:56:01Z,44
2020-09-20T10:00:57Z,40
2020-09-20T10:05:58Z,47
2020-09-20T10:10:56Z,47
2020-09-20T10:15:53Z,39
2020-09-20T10:20:48Z,43
2020-09-20T10:25:59Z,41
2020-09-20T10:31:00Z,40
2020-09-20T10:36:00Z,40
2020-09-20T10:41:03Z,39
2020-09-20T10:45:48Z,41
2020-09-20T10:50:59Z,44
2020-09-20T10:55:49Z,42
2020-09-20T11:00:49Z,38
2020-09-20T11:05:48Z,38
2020-09-20T11:10:46Z,40
2020-09-20T11:15:46Z,40
2020-09-20T11:20:50Z,70
2020-09-20T11:25:47Z,74
2020-09-20T11:30:46Z,78
2020-09-20T11:35:46Z,69
2020-09-20T11:40:47Z,74
2020-09-20T11:45:49Z,76
2020-09-20T11:50:47Z,71
2020-09-20T11:55:48Z,81
2020-09-20T12:00:47Z,82
2020-09-20T12:05:49Z,82
2020-09-20T12:10:45Z,81
2020-09-20T12:15:43Z,80
2020-09-20T12:20:48Z,81
2020-09-20T12:25:58Z,70
2020-09-20T12:31:16Z,80
2020-09-20T12:35:48Z,74
2020-09-20T12:40:50Z,66
2020-09-20T12:46:05Z,64
2020-09-20T12:51:37Z,52
2020-09-20T12:56:33Z,54
2020-09-20T13:00:48Z,34
2020-09-20T13:05:45Z,30
2020-09-20T13:10:46Z,24
2020-09-20T13:15:46Z,7
2020-09-20T13:20:49Z,4
2020-09-20T13:25:45Z,1
2020-09-20T13:30:44Z,2
2020-09-20T13:35:54Z,1
2020-09-20T13:40:50Z,1
2020-09-20T13:46:05Z,1
2020-09-20T13:50:51Z,1
2020-09-20T13:55:51Z,1
2020-09-20T14:00:58Z,1
2020-09-20T14:05:58Z,1
2020-09-20T14:10:54Z,1
2020-09-20T14:15:49Z,1
2020-09-20T14:20:44Z,1
2020-09-20T14:25:49Z,1
2020-09-20T14:30:46Z,1
2020-09-20T14:35:48Z,2
2020-09-20T14:40:48Z,1
2020-09-20T14:45:50Z,2
2020-09-20T14:50:38Z,1
2020-09-20T14:55:45Z,6
2020-09-20T15:00:35Z,47
2020-09-20T15:05:47Z,61
2020-09-20T15:10:36Z,75
2020-09-20T15:15:35Z,76
2020-09-20T15:20:57Z,75
2020-09-20T15:25:37Z,74
2020-09-20T15:30:49Z,69
2020-09-20T15:35:53Z,69
2020-09-20T15:40:33Z,56
2020-09-20T15:45:43Z,39
2020-09-20T15:50:39Z,4
2020-09-20T15:55:34Z,3
2020-09-20T16:00:43Z,4
2020-09-20T16:05:38Z,3
2020-09-20T16:10:33Z,3
2020-09-20T16:15:48Z,3
2020-09-20T16:20:45Z,8
2020-09-20T16:25:48Z,5
2020-09-20T16:30:46Z,11
2020-09-20T16:35:50Z,14
2020-09-20T16:40:51Z,4
2020-09-20T16:45:31Z,10
2020-09-20T16:50:45Z,16
2020-09-20T16:55:48Z,12
2020-09-20T17:00:34Z,6
2020-09-20T17:05:46Z,3
2020-09-20T17:10:51Z,3
2020-09-20T17:15:31Z,10
2020-09-20T17:20:46Z,3
2020-09-20T17:25:45Z,3
2020-09-20T17:30:33Z,3
2020-09-20T17:35:45Z,4
2020-09-20T17:40:29Z,3
2020-09-20T17:45:31Z,6
2020-09-20T17:50:47Z,3
2020-09-20T17:55:34Z,3
2020-09-20T18:00:29Z,3
2020-09-20T18:05:49Z,3
2020-09-20T18:10:38Z,39
2020-09-20T18:15:34Z,25
2020-09-20T18:20:34Z,19
2020-09-20T18:25:24Z,15
2020-09-20T18:30:39Z,11
2020-09-20T18:35:35Z,6
2020-09-20T18:40:30Z,5
2020-09-20T18:45:34Z,3
2020-09-20T18:50:31Z,3
2020-09-20T18:55:43Z,3
2020-09-20T19:00:39Z,3
2020-09-20T19:05:37Z,8
2020-09-20T19:10:35Z,9
2020-09-20T19:15:30Z,7
2020-09-20T19:20:33Z,4
2020-09-20T19:25:42Z,33
2020-09-20T19:30:38Z,24
2020-09-20T19:35:34Z,20
2020-09-20T19:40:29Z,17
2020-09-20T19:45:32Z,27
2020-09-20T19:50:31Z,20
2020-09-20T19:55:33Z,18
2020-09-20T20:00:30Z,14
2020-09-20T20:05:27Z,12
2020-09-20T20:10:32Z,10
2020-09-20T20:15:33Z,9
2020-09-20T20:20:43Z,7
2020-09-20T20:25:34Z,5
2020-09-20T20:30:30Z,3
2020-09-20T20:35:31Z,4
2020-09-20T20:40:34Z,3
2020-09-20T20:45:30Z,4
2020-09-20T20:50:28Z,4
2020-09-20T20:55:31Z,4
2020-09-20T21:00:34Z,3
2020-09-20T21:05:31Z,3
2020-09-20T21:10:35Z,4
2020-09-20T21:15:46Z,4
2020-09-20T21:20:29Z,4
2020-09-20T21:25:46Z,4
2020-09-20T21:30:30Z,3
2020-09-20T21:35:30Z,4
2020-09-20T21:40:27Z,4
2020-09-20T21:45:22Z,4
2020-09-20T21:50:48Z,4
2020-09-20T21:55:43Z,4
2020-09-20T22:00:30Z,2
2020-09-20T22:05:33Z,4
2020-09-20T22:10:31Z,4
2020-09-20T22:15:33Z,4
2020-09-20T22:20:34Z,3
2020-09-20T22:25:32Z,21
2020-09-20T22:30:27Z,14
2020-09-20T22:35:29Z,12
2020-09-20T22:40:29Z,11
2020-09-20T22:45:30Z,10
2020-09-20T22:50:27Z,16
2020-09-20T22:55:23Z,12
2020-09-20T23:00:19Z,9
2020-09-20T23:05:30Z,8
2020-09-20T23:10:29Z,7
2020-09-20T23:15:28Z,6
2020-09-20T23:20:33Z,4
2020-09-20T23:25:24Z,3
2020-09-20T23:30:25Z,4
2020-09-20T23:35:21Z,4
2020-09-20T23:40:31Z,3
2020-09-20T23:45:17Z,4
2020-09-20T23:50:18Z,4
2020-09-20T23:55:17Z,4
2020-09-21T00:00:18Z,3
2020-09-21T00:05:19Z,4
2020-09-21T00:10:29Z,4
2020-09-21T00:15:29Z,3
2020-09-21T00:20:15Z,6
2020-09-21T00:25:29Z,3
2020-09-21T00:30:20Z,4
2020-09-21T00:35:16Z,3
2020-09-21T00:40:19Z,3
2020-09-21T00:45:20Z,4
2020-09-21T00:50:31Z,4
2020-09-21T00:55:18Z,4
2020-09-21T01:00:18Z,4
2020-09-21T01:05:17Z,4
2020-09-21T01:10:23Z,4
2020-09-21T01:15:20Z,3
2020-09-21T01:20:16Z,4
2020-09-21T01:25:29Z,14
2020-09-21T01:30:28Z,20
2020-09-21T01:35:19Z,11
2020-09-21T01:40:20Z,4
2020-09-21T01:45:15Z,4
2020-09-21T01:50:19Z,4
2020-09-21T01:55:16Z,4
2020-09-21T02:00:19Z,3
2020-09-21T02:05:20Z,4
2020-09-21T02:10:20Z,3
2020-09-21T02:15:19Z,4
2020-09-21T02:20:16Z,4
2020-09-21T02:25:20Z,3
2020-09-21T02:30:18Z,3
2020-09-21T02:35:18Z,3
2020-09-21T02:40:18Z,4
2020-09-21T02:45:22Z,4
2020-09-21T02:50:22Z,3
2020-09-21T02:55:18Z,3
2020-09-21T03:00:17Z,3
2020-09-21T03:05:21Z,3
2020-09-21T03:10:21Z,3
2020-09-21T03:15:16Z,3
2020-09-21T03:20:18Z,4
2020-09-21T03:25:29Z,9
2020-09-21T03:30:15Z,13
2020-09-21T03:35:25Z,7
2020-09-21T03:40:23Z,5
2020-09-21T03:45:33Z,4
2020-09-21T03:50:13Z,4
2020-09-21T03:55:17Z,4
2020-09-21T04:00:27Z,4
2020-09-21T04:05:09Z,4
2020-09-21T04:10:12Z,4
2020-09-21T04:15:15Z,3
2020-09-21T04:20:08Z,4
2020-09-21T04:25:23Z,4
2020-09-21T04:30:33Z,4
2020-09-21T04:35:15Z,4
2020-09-21T04:40:14Z,4
2020-09-21T04:45:15Z,4
2020-09-21T04:50:16Z,4
2020-09-21T04:55:17Z,4
2020-09-21T05:00:20Z,4
2020-09-21T05:05:17Z,4
2020-09-21T05:10:21Z,4
2020-09-21T05:15:06Z,3
2020-09-21T05:20:17Z,8
2020-09-21T05:25:17Z,13
2020-09-21T05:30:21Z,28
2020-09-21T05:35:17Z,20
2020-09-21T05:40:14Z,17
2020-09-21T05:45:17Z,15
2020-09-21T05:50:18Z,14
2020-09-21T05:55:18Z,14
2020-09-21T06:00:04Z,13
2020-09-21T06:05:19Z,12
2020-09-21T06:10:16Z,12
2020-09-21T06:15:17Z,53
2020-09-21T06:20:02Z,50
2020-09-21T06:25:19Z,38
2020-09-21T06:30:15Z,27
2020-09-21T06:35:18Z,18
2020-09-21T06:40:14Z,19
2020-09-21T06:45:10Z,24
2020-09-21T06:50:05Z,29
2020-09-21T06:55:07Z,32
2020-09-21T07:00:02Z,30
2020-09-21T07:05:17Z,28
2020-09-21T07:10:02Z,27
2020-09-21T07:15:03Z,23
2020-09-21T07:20:04Z,22
2020-09-21T07:25:05Z,22
2020-09-21T07:30:06Z,22
2020-09-21T07:35:01Z,22
2020-09-21T07:40:01Z,22
2020-09-21T07:45:01Z,57
2020-09-21T07:49:59Z,42
2020-09-21T07:55:17Z,33
2020-09-21T08:00:04Z,39
2020-09-21T08:05:00Z,27
2020-09-21T08:10:08Z,26
2020-09-21T08:15:07Z,30
2020-09-21T08:20:05Z,25
2020-09-21T08:25:00Z,24
2020-09-21T08:30:04Z,24
2020-09-21T08:35:00Z,21
2020-09-21T08:40:00Z,20
2020-09-21T08:45:12Z,17
2020-09-21T08:50:08Z,11
2020-09-21T08:55:04Z,9
2020-09-21T09:00:06Z,8
2020-09-21T09:05:01Z,7
2020-09-21T09:10:03Z,6
2020-09-21T09:15:07Z,5
2020-09-21T09:20:02Z,9
2020-09-21T09:25:26Z,6
2020-09-21T09:30:06Z,6
2020-09-21T09:35:01Z,3
2020-09-21T09:40:02Z,3
2020-09-21T09:45:05Z,4
2020-09-21T09:50:09Z,4
2020-09-21T09:55:07Z,3
2020-09-21T10:00:02Z,5
2020-09-21T10:05:04Z,4
2020-09-21T10:10:02Z,4
2020-09-21T10:15:00Z,3
2020-09-21T10:20:11Z,4
2020-09-21T10:25:08Z,12
2020-09-21T10:30:18Z,10
2020-09-21T10:35:14Z,6
2020-09-21T10:40:00Z,3
2020-09-21T10:45:02Z,4
2020-09-21T10:50:01Z,3
2020-09-21T10:55:03Z,4
2020-09-21T11:00:19Z,3
2020-09-21T11:05:05Z,4
2020-09-21T11:10:01Z,6
2020-09-21T11:15:04Z,4
2020-09-21T11:20:04Z,3
2020-09-21T11:25:00Z,4
2020-09-21T11:30:03Z,4
2020-09-21T11:35:04Z,3
2020-09-21T11:40:00Z,4
2020-09-21T11:44:59Z,4
2020-09-21T11:50:03Z,4
2020-09-21T11:55:02Z,4
2020-09-21T12:00:04Z,3
2020-09-21T12:05:02Z,4
2020-09-21T12:09:58Z,4
2020-09-21T12:15:03Z,3
2020-09-21T12:20:03Z,4
2020-09-21T12:24:59Z,4
2020-09-21T12:30:07Z,4
2020-09-21T12:35:01Z,4
2020-09-21T12:40:26Z,7
2020-09-21T12:45:21Z,28
2020-09-21T12:49:59Z,66
2020-09-21T12:55:20Z,58
2020-09-21T12:59:58Z,68
2020-09-21T13:04:53Z,57
2020-09-21T13:09:50Z,23
2020-09-21T13:15:01Z,16
2020-09-21T13:19:58Z,13
2020-09-21T13:24:54Z,8
2020-09-21T13:29:49Z,10
2020-09-21T13:34:59Z,12
2020-09-21T13:39:55Z,8
2020-09-21T13:44:50Z,5
2020-09-21T13:49:47Z,4
2020-09-21T13:54:58Z,54
2020-09-21T13:59:53Z,48
2020-09-21T14:04:48Z,39
2020-09-21T14:09:58Z,34
2020-09-21T14:14:55Z,29
2020-09-21T14:19:51Z,51
2020-09-21T14:24:47Z,51
2020-09-21T14:29:59Z,44
2020-09-21T14:34:58Z,41
2020-09-21T14:39:54Z,37
2020-09-21T14:44:50Z,35
2020-09-21T14:49:47Z,31
2020-09-21T14:54:59Z,28
2020-09-21T14:59:54Z,26
2020-09-21T15:04:50Z,26
2020-09-21T15:09:46Z,25
2020-09-21T15:14:58Z,25
2020-09-21T15:20:01Z,10
2020-09-21T15:24:44Z,3
2020-09-21T15:29:54Z,35
2020-09-21T15:34:49Z,45
2020-09-21T15:39:44Z,37
2020-09-21T15:44:55Z,36
2020-09-21T15:49:55Z,34
2020-09-21T15:54:51Z,37
2020-09-21T15:59:47Z,35
2020-09-21T16:04:42Z,47
2020-09-21T16:09:54Z,48
2020-09-21T16:14:53Z,44
2020-09-21T16:19:48Z,40
2020-09-21T16:24:44Z,33
2020-09-21T16:29:43Z,33
2020-09-21T16:34:54Z,31
2020-09-21T16:39:39Z,30
2020-09-21T16:44:45Z,30
2020-09-21T16:49:43Z,30
2020-09-21T16:55:00Z,28
2020-09-21T16:59:40Z,26
2020-09-21T17:04:53Z,27
2020-09-21T17:09:48Z,37
2020-09-21T17:14:44Z,25
2020-09-21T17:19:40Z,22
2020-09-21T17:24:50Z,21
2020-09-21T17:29:46Z,17
2020-09-21T17:34:42Z,15
2020-09-21T17:39:37Z,11
2020-09-21T17:44:47Z,6
2020-09-21T17:49:42Z,41
2020-09-21T17:54:39Z,25
2020-09-21T17:59:49Z,25
2020-09-21T18:04:45Z,22
2020-09-21T18:09:41Z,46
2020-09-21T18:14:37Z,20
2020-09-21T18:19:48Z,42
2020-09-21T18:24:43Z,74
2020-09-21T18:29:39Z,63
2020-09-21T18:34:50Z,53
2020-09-21T18:39:46Z,40
2020-09-21T18:44:42Z,43
2020-09-21T18:49:37Z,15
2020-09-21T18:54:48Z,5
2020-09-21T18:59:44Z,5
2020-09-21T19:04:41Z,5
2020-09-21T19:09:36Z,5
2020-09-21T19:14:47Z,5
2020-09-21T19:19:42Z,54
2020-09-21T19:24:38Z,43
2020-09-21T19:29:34Z,33
2020-09-21T19:34:44Z,27
2020-09-21T19:39:40Z,23
2020-09-21T19:44:36Z,22
2020-09-21T19:49:47Z,28
2020-09-21T19:54:42Z,32
2020-09-21T19:59:39Z,36
2020-09-21T20:04:35Z,39
2020-09-21T20:09:45Z,39
2020-09-21T20:14:40Z,40
2020-09-21T20:19:37Z,43
2020-09-21T20:24:32Z,45
2020-09-21T20:29:43Z,46
2020-09-21T20:34:38Z,54
2020-09-21T20:39:33Z,54
2020-09-21T20:44:44Z,51
2020-09-21T20:49:40Z,49
2020-09-21T20:54:36Z,46
2020-09-21T20:59:31Z,42
2020-09-21T21:04:42Z,33
2020-09-21T21:09:37Z,31
2020-09-21T21:14:33Z,32
2020-09-21T21:19:44Z,33
2020-09-21T21:24:40Z,32
2020-09-21T21:29:36Z,38
2020-09-21T21:34:30Z,39
2020-09-21T21:39:41Z,40
2020-09-21T21:44:37Z,41
2020-09-21T21:49:31Z,40
2020-09-21T21:54:44Z,42
2020-09-21T21:59:39Z,42
2020-09-21T22:04:35Z,43
2020-09-21T22:09:31Z,41
2020-09-21T22:14:32Z,41
2020-09-21T22:19:28Z,38
2020-09-21T22:24:38Z,51
2020-09-21T22:29:34Z,57
2020-09-21T22:34:29Z,57
2020-09-21T22:39:41Z,53
2020-09-21T22:44:37Z,59
2020-09-21T22:49:33Z,47
2020-09-21T22:54:30Z,58
2020-09-21T22:59:30Z,49
2020-09-21T23:04:28Z,71
2020-09-21T23:09:38Z,74
2020-09-21T23:14:37Z,64
2020-09-21T23:19:48Z,56
2020-09-21T23:24:33Z,56
2020-09-21T23:29:36Z,52
2020-09-21T23:34:39Z,45
2020-09-21T23:39:36Z,41
2020-09-21T23:44:32Z,37
2020-09-21T23:49:36Z,37
2020-09-21T23:54:37Z,34
2020-09-21T23:59:44Z,27
2020-09-22T00:04:30Z,24
2020-09-22T00:09:31Z,21
2020-09-22T00:14:34Z,15
2020-09-22T00:19:34Z,5
2020-09-22T00:24:30Z,29
2020-09-22T00:29:29Z,35
2020-09-22T00:34:32Z,27
2020-09-22T00:39:35Z,34
2020-09-22T00:44:30Z,29
2020-09-22T00:49:29Z,33
2020-09-22T00:54:25Z,30
2020-09-22T00:59:21Z,37
2020-09-22T01:04:23Z,35
2020-09-22T01:09:34Z,37
2020-09-22T01:14:29Z,35
2020-09-22T01:19:25Z,51
2020-09-22T01:24:21Z,49
2020-09-22T01:29:22Z,41
2020-09-22T01:34:32Z,36
2020-09-22T01:39:28Z,33
2020-09-22T01:44:23Z,35
2020-09-22T01:49:34Z,35
2020-09-22T01:54:34Z,29
2020-09-22T01:59:30Z,28
2020-09-22T02:04:36Z,27
2020-09-22T02:09:37Z,24
2020-09-22T02:14:33Z,24
2020-09-22T02:19:24Z,24
2020-09-22T02:24:20Z,21
2020-09-22T02:29:21Z,18
2020-09-22T02:34:32Z,18
2020-09-22T02:39:28Z,19
2020-09-22T02:44:25Z,22
2020-09-22T02:49:20Z,15
2020-09-22T02:54:21Z,18
2020-09-22T02:59:21Z,17
2020-09-22T03:04:18Z,16
2020-09-22T03:09:21Z,20
2020-09-22T03:14:20Z,29
2020-09-22T03:19:22Z,32
2020-09-22T03:24:18Z,31
2020-09-22T03:29:23Z,25
2020-09-22T03:34:23Z,24
2020-09-22T03:39:25Z,24
2020-09-22T03:44:21Z,24
2020-09-22T03:49:22Z,20
2020-09-22T03:54:33Z,17
2020-09-22T03:59:19Z,19
2020-09-22T04:04:20Z,10
2020-09-22T04:09:22Z,8
2020-09-22T04:14:24Z,6
2020-09-22T04:19:20Z,4
2020-09-22T04:24:22Z,3
2020-09-22T04:29:23Z,4
2020-09-22T04:34:27Z,4
2020-09-22T04:39:40Z,4
2020-09-22T04:44:20Z,3
2020-09-22T04:49:17Z,4
2020-09-22T04:54:18Z,4
2020-09-22T04:59:28Z,4
2020-09-22T05:04:24Z,3
2020-09-22T05:09:20Z,4
2020-09-22T05:14:22Z,4
2020-09-22T05:19:22Z,3
2020-09-22T05:24:23Z,3
2020-09-22T05:29:18Z,3
2020-09-22T05:34:20Z,3
2020-09-22T05:39:21Z,4
2020-09-22T05:44:18Z,3
2020-09-22T05:49:21Z,3
2020-09-22T05:54:18Z,3
2020-09-22T05:59:23Z,3
2020-09-22T06:04:18Z,47
2020-09-22T06:09:19Z,41
2020-09-22T06:14:21Z,36
2020-09-22T06:19:22Z,32
2020-09-22T06:24:22Z,29
2020-09-22T06:29:17Z,45
2020-09-22T06:34:18Z,44
2020-09-22T06:39:21Z,42
2020-09-22T06:44:18Z,38
2020-09-22T06:49:20Z,25
2020-09-22T06:54:21Z,18
2020-09-22T06:59:09Z,19
2020-09-22T07:04:21Z,22
2020-09-22T07:09:21Z,24
2020-09-22T07:14:07Z,25
2020-09-22T07:19:08Z,74
2020-09-22T07:24:21Z,77
2020-09-22T07:29:22Z,74
2020-09-22T07:34:19Z,74
2020-09-22T07:39:24Z,65
2020-09-22T07:44:20Z,59
2020-09-22T07:49:07Z,68
2020-09-22T07:54:17Z,70
2020-09-22T07:59:19Z,71
2020-09-22T08:04:06Z,70
2020-09-22T08:09:18Z,70
2020-09-22T08:14:20Z,66
2020-09-22T08:19:20Z,57
2020-09-22T08:24:08Z,54
2020-09-22T08:29:18Z,55
2020-09-22T08:34:22Z,61
2020-09-22T08:39:23Z,60
2020-09-22T08:44:18Z,62
2020-09-22T08:49:19Z,62
2020-09-22T08:54:24Z,57
2020-09-22T08:59:05Z,57
2020-09-22T09:04:22Z,55
2020-09-22T09:09:07Z,58
2020-09-22T09:14:23Z,60
2020-09-22T09:19:05Z,59
2020-09-22T09:24:07Z,59
2020-09-22T09:29:22Z,56
2020-09-22T09:34:08Z,61
2020-09-22T09:39:04Z,44
2020-09-22T09:44:06Z,43
2020-09-22T09:49:17Z,36
2020-09-22T09:54:19Z,10
2020-09-22T09:59:08Z,9
2020-09-22T10:04:06Z,8
2020-09-22T10:09:06Z,7
2020-09-22T10:14:03Z,6
2020-09-22T10:19:04Z,5
2020-09-22T10:24:06Z,5
2020-09-22T10:29:03Z,16
2020-09-22T10:34:07Z,10
2020-09-22T10:39:03Z,13
2020-09-22T10:44:04Z,14
2020-09-22T10:49:07Z,12
2020-09-22T10:54:03Z,8
2020-09-22T10:59:03Z,4
2020-09-22T11:04:03Z,3
2020-09-22T11:09:04Z,3
2020-09-22T11:14:04Z,3
2020-09-22T11:19:05Z,3
2020-09-22T11:24:00Z,3
2020-09-22T11:29:11Z,3
2020-09-22T11:34:08Z,21
2020-09-22T11:39:08Z,31
2020-09-22T11:44:12Z,22
2020-09-22T11:49:07Z,27
2020-09-22T11:54:03Z,24
2020-09-22T11:59:06Z,20
2020-09-22T12:04:03Z,12
2020-09-22T12:09:10Z,11
2020-09-22T12:14:05Z,12
2020-09-22T12:19:06Z,12
2020-09-22T12:24:02Z,11
2020-09-22T12:29:00Z,10
2020-09-22T12:33:57Z,8
2020-09-22T12:39:13Z,9
2020-09-22T12:44:09Z,7
2020-09-22T12:49:10Z,8
2020-09-22T12:54:08Z,9
2020-09-22T12:59:03Z,9
2020-09-22T13:04:04Z,8
2020-09-22T13:09:05Z,6
2020-09-22T13:14:01Z,9
2020-09-22T13:19:04Z,10
2020-09-22T13:24:06Z,10
2020-09-22T13:29:01Z,9
2020-09-22T13:34:05Z,6
2020-09-22T13:39:01Z,4
2020-09-22T13:43:54Z,5
2020-09-22T13:48:54Z,6
2020-09-22T13:54:06Z,6
2020-09-22T13:59:01Z,6
2020-09-22T14:04:01Z,7
2020-09-22T14:09:08Z,4
2020-09-22T14:13:54Z,3
2020-09-22T14:18:54Z,3
2020-09-22T14:24:05Z,3
2020-09-22T14:29:05Z,3
2020-09-22T14:34:07Z,3
2020-09-22T14:39:02Z,3
2020-09-22T14:44:00Z,3
2020-09-22T14:49:04Z,3
2020-09-22T14:54:04Z,3
2020-09-22T14:59:12Z,3
2020-09-22T15:03:54Z,3
2020-09-22T15:08:52Z,3
2020-09-22T15:14:04Z,3
2020-09-22T15:19:08Z,3
2020-09-22T15:24:09Z,3
2020-09-22T15:29:04Z,3
2020-09-22T15:34:00Z,3
2020-09-22T15:38:55Z,3
2020-09-22T15:43:51Z,3
2020-09-22T15:48:53Z,3
2020-09-22T15:54:04Z,3
2020-09-22T15:58:59Z,3
2020-09-22T16:03:55Z,3
2020-09-22T16:08:51Z,3
2020-09-22T16:14:03Z,3
2020-09-22T16:18:59Z,3
2020-09-22T16:23:54Z,3
2020-09-22T16:28:50Z,3
2020-09-22T16:34:01Z,3
2020-09-22T16:38:57Z,3
2020-09-22T16:43:52Z,2
2020-09-22T16:48:47Z,3
2020-09-22T16:53:58Z,3
2020-09-22T16:58:53Z,2
2020-09-22T17:03:50Z,2
2020-09-22T17:08:48Z,3
2020-09-22T17:13:59Z,3
2020-09-22T17:18:55Z,3
2020-09-22T17:23:53Z,3
2020-09-22T17:28:50Z,3
2020-09-22T17:33:50Z,3
2020-09-22T17:38:47Z,3
2020-09-22T17:43:58Z,3
2020-09-22T17:48:54Z,3
2020-09-22T17:53:52Z,3
2020-09-22T17:58:47Z,3
2020-09-22T18:03:59Z,3
2020-09-22T18:09:00Z,3
2020-09-22T18:14:01Z,3
2020-09-22T18:18:57Z,3
2020-09-22T18:23:57Z,3
2020-09-22T18:28:52Z,3
2020-09-22T18:33:48Z,3
2020-09-22T18:38:44Z,3
2020-09-22T18:43:54Z,3
2020-09-22T18:48:50Z,3
2020-09-22T18:53:46Z,3
2020-09-22T18:58:56Z,3
2020-09-22T19:03:52Z,3
2020-09-22T19:08:49Z,3
2020-09-22T19:13:45Z,3
2020-09-22T19:18:56Z,3
2020-09-22T19:23:56Z,3
2020-09-22T19:28:52Z,2
2020-09-22T19:33:48Z,2
2020-09-22T19:38:45Z,3
2020-09-22T19:43:42Z,6
2020-09-22T19:48:55Z,16
2020-09-22T19:53:51Z,37
2020-09-22T19:58:48Z,28
2020-09-22T20:03:55Z,45
2020-09-22T20:08:56Z,35
2020-09-22T20:13:53Z,36
2020-09-22T20:18:52Z,48
2020-09-22T20:23:49Z,51
2020-09-22T20:28:48Z,47
2020-09-22T20:33:45Z,45
2020-09-22T20:38:41Z,38
2020-09-22T20:43:54Z,39
2020-09-22T20:48:54Z,39
2020-09-22T20:53:50Z,37
2020-09-22T20:58:48Z,38
2020-09-22T21:03:44Z,38
2020-09-22T21:08:41Z,38
2020-09-22T21:13:37Z,38
2020-09-22T21:18:48Z,38
2020-09-22T21:23:44Z,37
2020-09-22T21:28:40Z,37
2020-09-22T21:33:51Z,37
2020-09-22T21:38:49Z,37
2020-09-22T21:43:45Z,38
2020-09-22T21:48:41Z,38
2020-09-22T21:53:37Z,38
2020-09-22T21:58:49Z,51
2020-09-22T22:03:44Z,43
2020-09-22T22:08:41Z,46
2020-09-22T22:13:37Z,36
2020-09-22T22:18:53Z,36
2020-09-22T22:23:50Z,43
2020-09-22T22:28:47Z,41
2020-09-22T22:33:45Z,40
2020-09-22T22:38:40Z,36
2020-09-22T22:43:37Z,37
2020-09-22T22:48:48Z,36
2020-09-22T22:53:44Z,37
2020-09-22T22:58:48Z,38
2020-09-22T23:03:46Z,44
2020-09-22T23:08:45Z,44
2020-09-22T23:13:41Z,45
2020-09-22T23:18:37Z,48
2020-09-22T23:23:34Z,49
2020-09-22T23:28:38Z,48
2020-09-22T23:33:38Z,48
2020-09-22T23:38:38Z,45
2020-09-22T23:43:33Z,46
2020-09-22T23:48:44Z,47
2020-09-22T23:53:39Z,47
2020-09-22T23:58:39Z,47
2020-09-23T00:03:34Z,46
2020-09-23T00:08:45Z,49
2020-09-23T00:13:40Z,47
2020-09-23T00:18:36Z,49
2020-09-23T00:23:32Z,46
2020-09-23T00:28:42Z,49
2020-09-23T00:33:38Z,49
2020-09-23T00:38:34Z,46
2020-09-23T00:43:30Z,48
2020-09-23T00:48:41Z,49
2020-09-23T00:53:37Z,48
2020-09-23T00:58:33Z,46
2020-09-23T01:03:43Z,49
2020-09-23T01:08:40Z,49
2020-09-23T01:13:39Z,49
2020-09-23T01:18:34Z,47
2020-09-23T01:23:30Z,49
2020-09-23T01:28:41Z,51
2020-09-23T01:33:36Z,50
2020-09-23T01:38:31Z,47
2020-09-23T01:43:27Z,46
2020-09-23T01:48:38Z,48
2020-09-23T01:53:34Z,47
2020-09-23T01:58:30Z,46
2020-09-23T02:03:41Z,44
2020-09-23T02:08:37Z,43
2020-09-23T02:13:35Z,43
2020-09-23T02:18:30Z,43
2020-09-23T02:23:28Z,42
2020-09-23T02:28:27Z,43
2020-09-23T02:33:38Z,42
2020-09-23T02:38:35Z,41
2020-09-23T02:43:30Z,39
2020-09-23T02:48:27Z,38
2020-09-23T02:53:37Z,38
2020-09-23T02:58:32Z,39
2020-09-23T03:03:29Z,40
2020-09-23T03:08:25Z,39
2020-09-23T03:13:35Z,37
2020-09-23T03:18:31Z,37
2020-09-23T03:23:27Z,36
2020-09-23T03:28:37Z,36
2020-09-23T03:33:33Z,35
2020-09-23T03:38:32Z,34
2020-09-23T03:43:28Z,33
2020-09-23T03:48:24Z,24
2020-09-23T03:53:35Z,20
2020-09-23T03:58:31Z,19
2020-09-23T04:03:26Z,29
2020-09-23T04:08:22Z,15
2020-09-23T04:13:33Z,14
2020-09-23T04:18:35Z,13
2020-09-23T04:23:31Z,13
2020-09-23T04:28:27Z,13
2020-09-23T04:33:22Z,13
2020-09-23T04:38:33Z,12
2020-09-23T04:43:29Z,12
2020-09-23T04:48:25Z,12
2020-09-23T04:53:20Z,12
2020-09-23T04:58:30Z,25
2020-09-23T05:03:26Z,26
2020-09-23T05:08:22Z,26
2020-09-23T05:13:32Z,25
2020-09-23T05:18:28Z,25
2020-09-23T05:23:23Z,24
2020-09-23T05:28:19Z,23
2020-09-23T05:33:30Z,22
2020-09-23T05:38:26Z,21
2020-09-23T05:43:22Z,21
2020-09-23T05:48:33Z,21
2020-09-23T05:53:29Z,22
2020-09-23T05:58:25Z,21
2020-09-23T06:03:21Z,22
2020-09-23T06:08:31Z,22
2020-09-23T06:13:27Z,22
2020-09-23T06:18:23Z,22
2020-09-23T06:23:18Z,22
2020-09-23T06:28:31Z,22
2020-09-23T06:33:27Z,21
2020-09-23T06:38:22Z,22
2020-09-23T06:43:18Z,21
2020-09-23T06:48:29Z,22
2020-09-23T06:53:25Z,22
2020-09-23T06:58:22Z,22
2020-09-23T07:03:20Z,22
2020-09-23T07:08:15Z,22
2020-09-23T07:13:25Z,22
2020-09-23T07:18:21Z,22
2020-09-23T07:23:19Z,22
2020-09-23T07:28:14Z,21
2020-09-23T07:33:26Z,21
2020-09-23T07:38:22Z,21
2020-09-23T07:43:18Z,21
2020-09-23T07:48:14Z,22
2020-09-23T07:53:25Z,21
2020-09-23T07:58:21Z,21
2020-09-23T08:03:17Z,21
2020-09-23T08:08:13Z,21
2020-09-23T08:13:23Z,21
2020-09-23T08:18:19Z,5
2020-09-23T08:23:15Z,4
2020-09-23T08:28:26Z,4
2020-09-23T08:33:21Z,4
2020-09-23T08:38:18Z,4
2020-09-23T08:43:12Z,4
2020-09-23T08:48:24Z,4
2020-09-23T08:53:20Z,3
2020-09-23T08:58:15Z,3
2020-09-23T09:03:25Z,4
2020-09-23T09:08:24Z,4
2020-09-23T09:13:19Z,3
2020-09-23T09:18:52Z,3
2020-09-23T09:23:19Z,4
2020-09-23T09:28:24Z,3
2020-09-23T09:33:22Z,4
2020-09-23T09:38:20Z,3
2020-09-23T09:43:25Z,3
2020-09-23T09:48:23Z,4
2020-09-23T09:53:24Z,4
2020-09-23T09:58:20Z,3
2020-09-23T10:03:18Z,4
2020-09-23T10:08:20Z,4
2020-09-23T10:13:10Z,3
2020-09-23T10:18:24Z,3
2020-09-23T10:23:21Z,3
2020-09-23T10:28:19Z,4
2020-09-23T10:33:24Z,4
2020-09-23T10:38:20Z,4
2020-09-23T10:43:22Z,3
2020-09-23T10:48:19Z,3
2020-09-23T10:53:22Z,3
2020-09-23T10:58:08Z,4
2020-09-23T11:03:33Z,5
2020-09-23T11:08:15Z,4
2020-09-23T11:13:25Z,4
2020-09-23T11:18:20Z,4
2020-09-23T11:23:07Z,3
2020-09-23T11:28:21Z,3
2020-09-23T11:33:18Z,3
2020-09-23T11:38:18Z,3
2020-09-23T11:43:22Z,3
2020-09-23T11:48:19Z,4
2020-09-23T11:53:09Z,4
2020-09-23T11:58:05Z,4
2020-09-23T12:03:21Z,4
2020-09-23T12:08:07Z,3
2020-09-23T12:13:19Z,3
2020-09-23T12:18:19Z,4
2020-09-23T12:23:17Z,3
2020-09-23T12:28:21Z,3
2020-09-23T12:33:07Z,4
2020-09-23T12:38:17Z,3
2020-09-23T12:43:18Z,3
2020-09-23T12:48:21Z,3
2020-09-23T12:53:07Z,3
2020-09-23T12:58:02Z,3
2020-09-23T13:03:21Z,3
2020-09-23T13:08:06Z,3
2020-09-23T13:13:21Z,4
2020-09-23T13:18:01Z,4
2020-09-23T13:23:02Z,4
2020-09-23T13:28:08Z,4
2020-09-23T13:33:04Z,4
2020-09-23T13:38:06Z,3
2020-09-23T13:43:02Z,4
2020-09-23T13:48:07Z,4
2020-09-23T13:53:02Z,4
2020-09-23T13:58:02Z,4
2020-09-23T14:03:05Z,3
2020-09-23T14:08:02Z,3
2020-09-23T14:13:04Z,4
2020-09-23T14:18:03Z,3
2020-09-23T14:23:17Z,4
2020-09-23T14:28:16Z,3
2020-09-23T14:33:04Z,3
2020-09-23T14:38:02Z,3
2020-09-23T14:42:59Z,3
2020-09-23T14:48:00Z,3
2020-09-23T14:52:58Z,4
2020-09-23T14:58:09Z,3
2020-09-23T15:03:04Z,3
2020-09-23T15:08:00Z,4
2020-09-23T15:13:10Z,4
2020-09-23T15:18:06Z,4
2020-09-23T15:23:02Z,4
2020-09-23T15:28:02Z,4
2020-09-23T15:32:58Z,3
2020-09-23T15:38:08Z,3
2020-09-23T15:43:04Z,4
2020-09-23T15:48:00Z,3
2020-09-23T15:52:56Z,3
2020-09-23T15:58:08Z,3
2020-09-23T16:03:04Z,3
2020-09-23T16:08:00Z,3
2020-09-23T16:12:55Z,3
2020-09-23T16:18:06Z,4
2020-09-23T16:23:02Z,3
2020-09-23T16:27:57Z,3
2020-09-23T16:33:08Z,3
2020-09-23T16:38:03Z,3
2020-09-23T16:42:59Z,4
2020-09-23T16:47:56Z,4
2020-09-23T16:52:59Z,3
2020-09-23T16:57:54Z,4
2020-09-23T17:03:06Z,3
2020-09-23T17:08:01Z,4
2020-09-23T17:12:57Z,4
2020-09-23T17:18:11Z,4
2020-09-23T17:23:07Z,4
2020-09-23T17:28:06Z,4
2020-09-23T17:33:03Z,4
2020-09-23T17:37:59Z,5
2020-09-23T17:42:55Z,4
2020-09-23T17:48:07Z,3
2020-09-23T17:53:02Z,4
2020-09-23T17:57:59Z,4
2020-09-23T18:02:54Z,4
2020-09-23T18:08:06Z,4
2020-09-23T18:13:02Z,4
2020-09-23T18:17:58Z,5
2020-09-23T18:22:55Z,4
2020-09-23T18:27:51Z,5
2020-09-23T18:33:02Z,4
2020-09-23T18:37:59Z,4
2020-09-23T18:42:55Z,4
2020-09-23T18:47:51Z,4
2020-09-23T18:53:03Z,4
2020-09-23T18:58:02Z,4
2020-09-23T19:02:57Z,4
2020-09-23T19:07:53Z,4
2020-09-23T19:12:51Z,4
2020-09-23T19:17:49Z,4
2020-09-23T19:23:01Z,4
2020-09-23T19:27:57Z,4
2020-09-23T19:32:55Z,4
2020-09-23T19:37:51Z,4
2020-09-23T19:43:01Z,4
2020-09-23T19:47:58Z,4
2020-09-23T19:52:52Z,3
2020-09-23T19:57:50Z,4
2020-09-23T20:03:01Z,4
2020-09-23T20:07:57Z,4
2020-09-23T20:12:54Z,5
2020-09-23T20:17:50Z,3
2020-09-23T20:22:47Z,4
2020-09-23T20:27:57Z,4
2020-09-23T20:32:53Z,4
2020-09-23T20:37:54Z,4
2020-09-23T20:42:53Z,4
2020-09-23T20:47:51Z,3
2020-09-23T20:52:51Z,4
2020-09-23T20:57:55Z,4
2020-09-23T21:02:53Z,4
2020-09-23T21:07:50Z,4
2020-09-23T21:12:45Z,4
2020-09-23T21:17:55Z,4
2020-09-23T21:22:53Z,4
2020-09-23T21:27:50Z,4
2020-09-23T21:32:49Z,4
2020-09-23T21:37:44Z,4
2020-09-23T21:42:55Z,4
2020-09-23T21:47:50Z,4
2020-09-23T21:52:47Z,4
2020-09-23T21:57:43Z,4
2020-09-23T22:02:56Z,4
2020-09-23T22:07:52Z,4
2020-09-23T22:12:49Z,4
2020-09-23T22:17:47Z,4
2020-09-23T22:22:43Z,4
2020-09-23T22:27:54Z,4
2020-09-23T22:32:50Z,3
2020-09-23T22:37:47Z,4
2020-09-23T22:42:43Z,4
2020-09-23T22:47:53Z,4
2020-09-23T22:53:27Z,4
2020-09-23T22:57:53Z,4
2020-09-23T23:02:49Z,4
2020-09-23T23:07:45Z,4
2020-09-23T23:12:40Z,4
2020-09-23T23:17:52Z,4
2020-09-23T23:22:49Z,4
2020-09-23T23:27:45Z,4
2020-09-23T23:32:40Z,4
2020-09-23T23:37:52Z,4
2020-09-23T23:42:48Z,3
2020-09-23T23:47:43Z,4
2020-09-23T23:52:39Z,4
2020-09-23T23:57:50Z,4
2020-09-24T00:02:47Z,4
2020-09-24T00:07:43Z,4
2020-09-24T00:12:38Z,4
2020-09-24T00:17:49Z,4
2020-09-24T00:22:44Z,4
2020-09-24T00:27:40Z,4
2020-09-24T00:32:56Z,4
2020-09-24T00:37:51Z,4
2020-09-24T00:42:48Z,4
2020-09-24T00:47:44Z,4
2020-09-24T00:52:39Z,4
2020-09-24T00:57:50Z,4
2020-09-24T01:02:46Z,3
2020-09-24T01:07:42Z,4
2020-09-24T01:12:39Z,4
2020-09-24T01:17:51Z,4
2020-09-24T01:22:46Z,4
2020-09-24T01:27:42Z,4
2020-09-24T01:32:39Z,3
2020-09-24T01:37:35Z,4
2020-09-24T01:42:46Z,4
2020-09-24T01:47:41Z,4
2020-09-24T01:52:37Z,3
2020-09-24T01:57:47Z,4
2020-09-24T02:02:43Z,4
2020-09-24T02:07:38Z,4
2020-09-24T02:12:33Z,3
2020-09-24T02:17:44Z,4
2020-09-24T02:22:40Z,4
2020-09-24T02:27:37Z,3
2020-09-24T02:32:33Z,4
2020-09-24T02:37:44Z,4
2020-09-24T02:42:39Z,4
2020-09-24T02:47:35Z,4
2020-09-24T02:52:45Z,4
2020-09-24T02:57:40Z,4
2020-09-24T03:02:36Z,4
2020-09-24T03:07:32Z,4
2020-09-24T03:12:43Z,4
2020-09-24T03:17:41Z,4
2020-09-24T03:22:37Z,4
2020-09-24T03:27:33Z,4
2020-09-24T03:32:44Z,4
2020-09-24T03:37:39Z,4
2020-09-24T03:42:35Z,3
2020-09-24T03:47:31Z,3
2020-09-24T03:52:42Z,4
2020-09-24T03:57:37Z,4
2020-09-24T04:02:33Z,4
2020-09-24T04:07:43Z,4
2020-09-24T04:12:38Z,3
2020-09-24T04:17:34Z,3
2020-09-24T04:22:30Z,4
2020-09-24T04:27:40Z,4
2020-09-24T04:32:36Z,3
2020-09-24T04:37:32Z,4
2020-09-24T04:42:28Z,4
2020-09-24T04:47:38Z,4
2020-09-24T04:52:34Z,4
2020-09-24T04:57:30Z,4
2020-09-24T05:02:40Z,4
2020-09-24T05:07:36Z,4
2020-09-24T05:12:32Z,4
2020-09-24T05:17:27Z,4
2020-09-24T05:22:38Z,4
2020-09-24T05:27:34Z,4
2020-09-24T05:32:31Z,4
2020-09-24T05:37:26Z,4
2020-09-24T05:42:37Z,4
2020-09-24T05:47:32Z,4
2020-09-24T05:52:28Z,4
2020-09-24T05:57:39Z,3
2020-09-24T06:02:35Z,4
2020-09-24T06:07:31Z,4
2020-09-24T06:12:27Z,4
2020-09-24T06:17:37Z,4
2020-09-24T06:22:33Z,4
2020-09-24T06:27:29Z,4
2020-09-24T06:32:25Z,4
2020-09-24T06:37:36Z,4
2020-09-24T06:42:31Z,4
2020-09-24T06:47:27Z,4
2020-09-24T06:52:23Z,4
2020-09-24T06:57:33Z,4
2020-09-24T07:02:29Z,3
2020-09-24T07:07:25Z,4
2020-09-24T07:12:35Z,4
2020-09-24T07:17:31Z,4
2020-09-24T07:22:27Z,3
2020-09-24T07:27:23Z,4
2020-09-24T07:32:33Z,4
2020-09-24T07:37:29Z,4
2020-09-24T07:42:25Z,4
2020-09-24T07:47:35Z,4
2020-09-24T07:52:32Z,4
2020-09-24T07:57:28Z,4
2020-09-24T08:02:23Z,4
2020-09-24T08:07:34Z,4
2020-09-24T08:12:29Z,4
2020-09-24T08:17:25Z,3
2020-09-24T08:22:21Z,4
2020-09-24T08:27:35Z,4
2020-09-24T08:32:32Z,4
2020-09-24T08:37:27Z,3
2020-09-24T08:42:23Z,4
2020-09-24T08:47:19Z,4
2020-09-24T08:52:29Z,4
2020-09-24T08:57:26Z,4
2020-09-24T09:02:21Z,4
2020-09-24T09:07:33Z,4
2020-09-24T09:12:30Z,3
2020-09-24T09:17:26Z,4
2020-09-24T09:22:22Z,4
2020-09-24T09:27:19Z,4
2020-09-24T09:32:31Z,4
2020-09-24T09:37:28Z,4
2020-09-24T09:42:25Z,3
2020-09-24T09:47:26Z,4
2020-09-24T09:52:37Z,4
2020-09-24T09:57:23Z,3
2020-09-24T10:02:36Z,2
2020-09-24T10:07:24Z,3
2020-09-24T10:12:36Z,3
2020-09-24T10:17:58Z,3
2020-09-24T10:22:27Z,3
2020-09-24T10:27:25Z,3
2020-09-24T10:32:34Z,2
2020-09-24T10:37:23Z,3
2020-09-24T10:42:21Z,2
2020-09-24T10:47:54Z,3
2020-09-24T10:52:39Z,3
2020-09-24T10:57:21Z,2
2020-09-24T11:02:26Z,3
2020-09-24T11:07:23Z,3
2020-09-24T11:12:38Z,3
2020-09-24T11:17:23Z,2
2020-09-24T11:25:02Z,2
2020-09-24T11:27:16Z,3
2020-09-24T11:32:16Z,3
2020-09-24T11:37:27Z,2
2020-09-24T11:42:30Z,2
2020-09-24T11:47:30Z,3
2020-09-24T11:52:16Z,3
2020-09-24T11:57:15Z,3
2020-09-24T12:02:24Z,2
2020-09-24T12:07:35Z,2
2020-09-24T12:12:19Z,2
2020-09-24T12:17:24Z,3
2020-09-24T12:22:22Z,3
2020-09-24T12:27:20Z,3
2020-09-24T12:32:19Z,3
2020-09-24T12:37:17Z,3
2020-09-24T12:42:12Z,3
2020-09-24T12:47:23Z,3
2020-09-24T12:52:20Z,3
2020-09-24T12:57:22Z,3
2020-09-24T13:02:19Z,3
2020-09-24T13:07:15Z,3
2020-09-24T13:12:10Z,3
2020-09-24T13:17:22Z,3
2020-09-24T13:22:18Z,3
2020-09-24T13:27:15Z,3
2020-09-24T13:32:10Z,3
2020-09-24T13:37:21Z,3
2020-09-24T13:42:18Z,3
2020-09-24T13:47:15Z,3
2020-09-24T13:52:12Z,3
2020-09-24T13:57:08Z,3
2020-09-24T14:02:30Z,3
2020-09-24T14:07:12Z,3
2020-09-24T14:12:11Z,3
2020-09-24T14:17:12Z,3
2020-09-24T14:22:12Z,3
2020-09-24T14:27:08Z,3
2020-09-24T14:32:09Z,3
2020-09-24T14:37:09Z,3
2020-09-24T14:42:20Z,2
2020-09-24T14:47:17Z,3
2020-09-24T14:52:17Z,2
2020-09-24T14:57:13Z,2
2020-09-24T15:02:10Z,2
2020-09-24T15:07:06Z,3
2020-09-24T15:12:17Z,2
2020-09-24T15:17:13Z,3
2020-09-24T15:22:13Z,3
2020-09-24T15:27:09Z,3
2020-09-24T15:32:05Z,3
2020-09-24T15:37:17Z,2
2020-09-24T15:42:13Z,3
2020-09-24T15:47:10Z,3
2020-09-24T15:52:06Z,2
2020-09-24T15:57:19Z,3
2020-09-24T16:02:15Z,2
2020-09-24T16:07:11Z,2
2020-09-24T16:12:08Z,2
2020-09-24T16:17:05Z,3
2020-09-24T16:22:03Z,2
2020-09-24T16:27:14Z,2
2020-09-24T16:32:11Z,3
2020-09-24T16:37:09Z,2
2020-09-24T16:42:05Z,3
2020-09-24T16:47:03Z,2
2020-09-24T16:52:14Z,2
2020-09-24T16:57:10Z,2
2020-09-24T17:02:06Z,2
2020-09-24T17:07:03Z,2
2020-09-24T17:12:15Z,2
2020-09-24T17:17:11Z,2
2020-09-24T17:22:09Z,2
2020-09-24T17:27:04Z,2
2020-09-24T17:32:02Z,2
2020-09-24T17:37:13Z,2
2020-09-24T17:42:09Z,2
2020-09-24T17:47:05Z,2
2020-09-24T17:52:01Z,2
2020-09-24T17:57:12Z,2
2020-09-24T18:02:10Z,2
2020-09-24T18:07:05Z,2
2020-09-24T18:12:02Z,1
2020-09-24T18:16:57Z,2
2020-09-24T18:22:09Z,2
2020-09-24T18:27:04Z,3
2020-09-24T18:32:00Z,2
2020-09-24T18:37:10Z,2
2020-09-24T18:42:06Z,2
2020-09-24T18:47:02Z,2
2020-09-24T18:51:58Z,2
2020-09-24T18:57:08Z,3
2020-09-24T19:02:04Z,3
2020-09-24T19:07:01Z,2
2020-09-24T19:11:56Z,3
2020-09-24T19:17:08Z,2
2020-09-24T19:22:03Z,2
2020-09-24T19:27:00Z,2
2020-09-24T19:31:56Z,2
2020-09-24T19:37:08Z,3
2020-09-24T19:42:04Z,2
2020-09-24T19:46:59Z,2
2020-09-24T19:51:54Z,2
2020-09-24T19:57:06Z,3
2020-09-24T20:02:08Z,2
2020-09-24T20:07:05Z,2
2020-09-24T20:12:27Z,2
2020-09-24T20:17:10Z,2
2020-09-24T20:22:31Z,2
2020-09-24T20:27:13Z,3
2020-09-24T20:32:00Z,2
2020-09-24T20:37:03Z,2
2020-09-24T20:42:11Z,2
2020-09-24T20:47:04Z,2
2020-09-24T20:52:05Z,2
2020-09-24T20:57:05Z,2
2020-09-24T21:01:54Z,2
2020-09-24T21:07:02Z,2
2020-09-24T21:12:01Z,2
2020-09-24T21:17:08Z,2
2020-09-24T21:21:58Z,2
2020-09-24T21:26:54Z,2
2020-09-24T21:32:06Z,2
2020-09-24T21:36:52Z,2
2020-09-24T21:41:57Z,2
2020-09-24T21:46:53Z,2
2020-09-24T21:51:55Z,2
2020-09-24T21:56:52Z,2
2020-09-24T22:01:53Z,2
2020-09-24T22:06:54Z,2
2020-09-24T22:12:03Z,2
2020-09-24T22:17:09Z,2
2020-09-24T22:21:55Z,2
2020-09-24T22:26:51Z,2
2020-09-24T22:32:00Z,2
2020-09-24T22:37:04Z,2
2020-09-24T22:42:04Z,3
2020-09-24T22:46:50Z,2
2020-09-24T22:51:51Z,2
2020-09-24T22:56:53Z,3
2020-09-24T23:01:52Z,2
2020-09-24T23:07:04Z,2
2020-09-24T23:11:51Z,2
2020-09-24T23:16:55Z,2
2020-09-24T23:22:03Z,3
2020-09-24T23:26:49Z,2
2020-09-24T23:32:05Z,2
2020-09-24T23:36:49Z,2
2020-09-24T23:41:55Z,2
2020-09-24T23:46:50Z,2
2020-09-24T23:51:55Z,2
2020-09-24T23:56:51Z,2
2020-09-25T00:01:52Z,2
2020-09-25T00:06:54Z,2
2020-09-25T00:11:52Z,2
2020-09-25T00:16:53Z,2
2020-09-25T00:21:52Z,2
2020-09-25T00:26:46Z,2
2020-09-25T00:31:59Z,2
2020-09-25T00:37:09Z,2
2020-09-25T00:41:58Z,2
2020-09-25T00:47:01Z,2
2020-09-25T00:51:58Z,2
2020-09-25T00:56:57Z,2
2020-09-25T01:01:53Z,2
2020-09-25T01:06:58Z,2
2020-09-25T01:12:00Z,2
2020-09-25T01:17:01Z,2
2020-09-25T01:22:02Z,2
2020-09-25T01:26:43Z,2
2020-09-25T01:32:08Z,2
2020-09-25T01:36:54Z,2
2020-09-25T01:41:56Z,2
2020-09-25T01:46:42Z,2
2020-09-25T01:51:54Z,2
2020-09-25T01:56:55Z,2
2020-09-25T02:01:52Z,2
2020-09-25T02:06:53Z,2
2020-09-25T02:12:05Z,2
2020-09-25T02:16:52Z,2
2020-09-25T02:21:53Z,2
2020-09-25T02:26:51Z,2
2020-09-25T02:31:48Z,2
2020-09-25T02:36:48Z,2
2020-09-25T18:05:37Z,2
2020-09-25T18:10:52Z,2
2020-09-25T18:15:38Z,2
2020-09-25T18:20:36Z,2
2020-09-25T18:25:42Z,1
2020-09-25T18:30:37Z,3
2020-09-25T18:35:38Z,3
2020-09-25T18:40:42Z,3
2020-09-25T18:45:37Z,3
2020-09-25T18:50:38Z,2
2020-09-25T18:55:33Z,3
2020-09-25T19:00:37Z,2
2020-09-25T19:05:37Z,2
2020-09-25T19:10:38Z,2
2020-09-25T19:15:38Z,2
2020-09-25T19:20:39Z,3
2020-09-25T19:25:40Z,2
2020-09-25T19:30:38Z,2
2020-09-25T19:35:35Z,2
2020-09-25T19:40:35Z,3
2020-09-25T19:45:37Z,2
2020-09-25T19:50:40Z,2
2020-09-25T19:55:36Z,3
2020-09-25T20:00:35Z,2
2020-09-25T20:05:36Z,3
2020-09-25T20:10:33Z,2
2020-09-25T20:15:35Z,3
2020-09-25T20:20:39Z,2
2020-09-25T20:25:34Z,2
2020-09-25T20:30:38Z,3
2020-09-25T20:35:35Z,2
2020-09-25T20:40:38Z,2
2020-09-25T20:45:35Z,2
2020-09-25T20:50:40Z,2
2020-09-25T20:55:36Z,2
2020-09-25T21:00:33Z,3
2020-09-25T21:05:39Z,3
2020-09-25T21:10:41Z,2
2020-09-25T21:15:39Z,21
2020-09-25T21:20:38Z,44
2020-09-25T21:25:37Z,40
2020-09-25T21:30:41Z,32
2020-09-25T21:35:37Z,34
2020-09-25T21:40:36Z,31
2020-09-25T21:45:44Z,31
2020-09-25T21:50:40Z,26
2020-09-25T21:55:26Z,21
2020-09-25T22:00:43Z,13
2020-09-25T22:05:39Z,9
2020-09-25T22:10:40Z,5
2020-09-25T22:15:36Z,5
2020-09-25T22:20:32Z,4
2020-09-25T22:25:28Z,4
2020-09-25T22:30:32Z,3
2020-09-25T22:35:29Z,4
2020-09-25T22:40:24Z,4
2020-09-25T22:45:24Z,4
2020-09-25T22:50:43Z,4
2020-09-25T22:55:24Z,4
2020-09-25T23:00:25Z,3
2020-09-25T23:05:26Z,4
2020-09-25T23:10:27Z,4
2020-09-25T23:15:23Z,3
2020-09-25T23:20:34Z,2
2020-09-25T23:25:38Z,2
2020-09-25T23:30:26Z,10
2020-09-25T23:35:24Z,21
2020-09-25T23:40:24Z,18
2020-09-25T23:45:25Z,22
2020-09-25T23:50:23Z,64
2020-09-25T23:55:22Z,43
2020-09-26T00:00:40Z,53
2020-09-26T00:05:26Z,48
2020-09-26T00:10:22Z,50
2020-09-26T00:15:40Z,42
2020-09-26T00:20:28Z,39
2020-09-26T00:25:37Z,33
2020-09-26T00:30:26Z,42
2020-09-26T00:35:23Z,31
2020-09-26T00:40:30Z,55
2020-09-26T00:45:35Z,36
2020-09-26T00:50:28Z,33
2020-09-26T00:55:29Z,29
2020-09-26T01:00:25Z,29
2020-09-26T01:05:28Z,26
2020-09-26T01:10:24Z,26
2020-09-26T01:15:28Z,27
2020-09-26T01:20:24Z,21
2020-09-26T01:25:25Z,21
2020-09-26T01:30:24Z,20
2020-09-26T01:35:27Z,18
2020-09-26T01:40:28Z,23
2020-09-26T01:45:23Z,24
2020-09-26T01:50:24Z,23
2020-09-26T01:55:25Z,26
2020-09-26T02:00:26Z,22
2020-09-26T02:05:22Z,27
2020-09-26T02:10:29Z,23
2020-09-26T02:15:25Z,21
2020-09-26T02:20:26Z,23
2020-09-26T02:25:22Z,23
2020-09-26T02:30:26Z,23
2020-09-26T02:35:23Z,26
2020-09-26T02:40:22Z,23
2020-09-26T02:45:22Z,23
2020-09-26T02:50:28Z,22
2020-09-26T02:55:34Z,24
2020-09-26T03:00:22Z,25
2020-09-26T03:05:21Z,26
2020-09-26T03:10:21Z,26
2020-09-26T03:15:26Z,25
2020-09-26T03:20:28Z,29
2020-09-26T03:25:25Z,22
2020-09-26T03:30:25Z,28
2020-09-26T03:35:13Z,27
2020-09-26T03:40:24Z,26
2020-09-26T03:45:25Z,31
2020-09-26T03:50:24Z,25
2020-09-26T03:55:23Z,26
2020-09-26T04:00:29Z,26
2020-09-26T04:05:24Z,27
2020-09-26T04:10:28Z,26
2020-09-26T04:15:24Z,26
2020-09-26T04:20:22Z,28
2020-09-26T04:25:22Z,28
2020-09-26T04:30:26Z,26
2020-09-26T04:35:22Z,26
2020-09-26T04:40:24Z,26
2020-09-26T04:45:12Z,26
2020-09-26T04:50:22Z,26
2020-09-26T04:55:21Z,26
2020-09-26T05:00:22Z,25
2020-09-26T05:05:11Z,26
2020-09-26T05:10:22Z,22
2020-09-26T05:15:23Z,22
2020-09-26T05:20:10Z,20
2020-09-26T05:25:26Z,15
2020-09-26T05:30:24Z,16
2020-09-26T05:35:22Z,13
2020-09-26T05:40:24Z,11
2020-09-26T05:45:27Z,12
2020-09-26T05:50:23Z,14
2020-09-26T05:55:20Z,14
2020-09-26T06:00:15Z,14
2020-09-26T06:05:12Z,13
2020-09-26T06:10:07Z,12
2020-09-26T06:15:08Z,11
2020-09-26T06:20:23Z,10
2020-09-26T06:25:08Z,10
2020-09-26T06:30:08Z,9
2020-09-26T06:35:22Z,9
2020-09-26T06:40:09Z,10
2020-09-26T06:45:25Z,9
2020-09-26T06:50:06Z,9
2020-09-26T06:55:09Z,9
2020-09-26T07:00:10Z,9
2020-09-26T07:05:05Z,9
2020-09-26T07:10:23Z,8
2020-09-26T07:15:11Z,8
2020-09-26T07:20:06Z,8
2020-09-26T07:25:04Z,8
2020-09-26T07:30:24Z,8
2020-09-26T07:35:07Z,8
2020-09-26T07:40:12Z,8
2020-09-26T07:45:09Z,8
2020-09-26T07:50:05Z,8
2020-09-26T07:55:05Z,8
2020-09-26T08:00:19Z,8
2020-09-26T08:05:15Z,8
2020-09-26T08:10:11Z,8
2020-09-26T08:15:07Z,8
2020-09-26T08:20:06Z,8
2020-09-26T08:25:04Z,8
2020-09-26T08:30:15Z,8
2020-09-26T08:35:12Z,8
2020-09-26T08:40:08Z,8
2020-09-26T08:45:05Z,8
2020-09-26T08:50:06Z,7
2020-09-26T08:55:05Z,8
2020-09-26T09:00:09Z,8
2020-09-26T09:05:04Z,8
2020-09-26T09:10:08Z,7
2020-09-26T09:15:09Z,7
2020-09-26T09:20:04Z,7
2020-09-26T09:25:09Z,7
2020-09-26T09:30:05Z,7
2020-09-26T09:35:04Z,7
2020-09-26T09:40:07Z,7
2020-09-26T09:45:09Z,7
2020-09-26T09:50:05Z,7
2020-09-26T09:55:05Z,7
2020-09-26T10:00:06Z,7
2020-09-26T10:05:08Z,7
2020-09-26T10:10:09Z,7
2020-09-26T10:15:04Z,7
2020-09-26T10:20:10Z,7
2020-09-26T10:25:06Z,7
2020-09-26T10:30:09Z,6
2020-09-26T10:35:05Z,7
2020-09-26T10:40:11Z,7
2020-09-26T10:45:06Z,6
2020-09-26T10:50:09Z,6
2020-09-26T10:55:10Z,7
2020-09-26T11:00:06Z,6
2020-09-26T11:05:10Z,6
2020-09-26T11:10:05Z,6
2020-09-26T11:15:09Z,6
2020-09-26T11:20:05Z,6
2020-09-26T11:25:04Z,6
2020-09-26T11:30:04Z,6
2020-09-26T11:35:04Z,6
2020-09-26T11:40:06Z,6
2020-09-26T11:44:56Z,6
2020-09-26T11:49:57Z,6
2020-09-26T11:54:58Z,11
2020-09-26T12:00:08Z,14
2020-09-26T12:05:09Z,17
2020-09-26T12:10:10Z,18
2020-09-26T12:15:13Z,17
2020-09-26T12:19:54Z,14
2020-09-26T12:25:06Z,14
2020-09-26T12:30:06Z,11
2020-09-26T12:35:07Z,9
2020-09-26T12:40:05Z,8
2020-09-26T12:45:06Z,13
2020-09-26T12:50:05Z,12
2020-09-26T12:55:06Z,14
2020-09-26T13:00:07Z,14
2020-09-26T13:05:06Z,14
2020-09-26T13:10:04Z,13
2020-09-26T13:15:00Z,12
2020-09-26T13:19:57Z,12
2020-09-26T13:24:54Z,12
2020-09-26T13:30:11Z,13
2020-09-26T13:34:53Z,12
2020-09-26T13:40:06Z,24
2020-09-26T13:45:11Z,26
2020-09-26T13:49:59Z,28
2020-09-26T13:55:00Z,22
2020-09-26T13:59:57Z,21
2020-09-26T14:05:00Z,20
2020-09-26T14:09:57Z,22
2020-09-26T14:14:54Z,40
2020-09-26T14:19:54Z,43
2020-09-26T14:24:54Z,45
2020-09-26T14:29:57Z,47
2020-09-26T14:34:59Z,45
2020-09-26T14:39:55Z,49
2020-09-26T14:44:58Z,49
2020-09-26T14:50:00Z,48
2020-09-26T14:54:57Z,49
2020-09-26T14:59:58Z,51
2020-09-26T15:04:58Z,52
2020-09-26T15:09:59Z,53
2020-09-26T15:14:55Z,52
2020-09-26T15:19:53Z,50
2020-09-26T15:24:50Z,47
2020-09-26T15:30:00Z,38
2020-09-26T15:34:56Z,47
2020-09-26T15:39:51Z,45
2020-09-26T15:44:48Z,42
2020-09-26T15:49:58Z,42
2020-09-26T15:54:54Z,42
2020-09-26T15:59:51Z,42
2020-09-26T16:04:46Z,41
2020-09-26T16:09:57Z,40
2020-09-26T16:14:52Z,37
2020-09-26T16:19:47Z,48
2020-09-26T16:24:57Z,39
2020-09-26T16:29:53Z,41
2020-09-26T16:34:48Z,35
2020-09-26T16:39:44Z,35
2020-09-26T16:44:54Z,40
2020-09-26T16:49:51Z,44
2020-09-26T16:54:46Z,43
2020-09-26T16:59:57Z,44
2020-09-26T17:04:52Z,42
2020-09-26T17:09:49Z,41
2020-09-26T17:14:45Z,40
2020-09-26T17:19:56Z,38
2020-09-26T17:24:52Z,40
2020-09-26T17:29:47Z,42
2020-09-26T17:34:43Z,43
2020-09-26T17:39:52Z,41
2020-09-26T17:44:49Z,41
2020-09-26T17:49:45Z,39
2020-09-26T17:54:55Z,38
2020-09-26T17:59:50Z,39
2020-09-26T18:04:45Z,35
2020-09-26T18:09:41Z,36
2020-09-26T18:14:52Z,37
2020-09-26T18:19:47Z,37
2020-09-26T18:24:43Z,37
2020-09-26T18:29:53Z,37
2020-09-26T18:34:50Z,36
2020-09-26T18:39:46Z,38
2020-09-26T18:44:41Z,38
2020-09-26T18:49:52Z,37
2020-09-26T18:54:47Z,38
2020-09-26T18:59:43Z,38
2020-09-26T19:04:53Z,43
2020-09-26T19:09:50Z,40
2020-09-26T19:14:46Z,39
2020-09-26T19:19:41Z,40
2020-09-26T19:24:51Z,40
2020-09-26T19:29:47Z,38
2020-09-26T19:34:42Z,37
2020-09-26T19:39:38Z,37
2020-09-26T19:44:48Z,38
2020-09-26T19:49:44Z,38
2020-09-26T19:54:41Z,38
2020-09-26T19:59:53Z,37
2020-09-26T20:04:49Z,36
2020-09-26T20:09:45Z,38
2020-09-26T20:14:41Z,37
2020-09-26T20:19:36Z,37
2020-09-26T20:24:41Z,37
2020-09-26T20:29:43Z,37
2020-09-26T20:34:41Z,35
2020-09-26T20:39:37Z,37
2020-09-26T20:44:40Z,35
2020-09-26T20:49:42Z,33
2020-09-26T20:54:43Z,35
2020-09-26T20:59:44Z,26
2020-09-26T21:04:41Z,19
2020-09-26T21:09:38Z,18
2020-09-26T21:14:39Z,18
2020-09-26T21:19:40Z,18
2020-09-26T21:24:37Z,18
2020-09-26T21:29:40Z,17
2020-09-26T21:34:37Z,17
2020-09-26T21:39:38Z,17
2020-09-26T21:44:38Z,15
2020-09-26T21:49:41Z,14
2020-09-26T21:54:43Z,14
2020-09-26T21:59:55Z,13
2020-09-26T22:04:36Z,17
2020-09-26T22:09:38Z,16
2020-09-26T22:14:44Z,15
2020-09-26T22:19:42Z,17
2020-09-26T22:24:52Z,13
2020-09-26T22:29:39Z,13
2020-09-26T22:34:41Z,13
2020-09-26T22:39:38Z,13
2020-09-26T22:44:34Z,13
2020-09-26T22:49:44Z,12
2020-09-26T22:54:40Z,16
2020-09-26T22:59:36Z,10
2020-09-26T23:04:38Z,10
2020-09-26T23:09:40Z,8
2020-09-26T23:14:38Z,9
2020-09-26T23:19:39Z,8
2020-09-26T23:24:40Z,8
2020-09-26T23:29:37Z,8
2020-09-26T23:34:35Z,8
2020-09-26T23:39:37Z,8
2020-09-26T23:44:34Z,6
2020-09-26T23:49:40Z,6
2020-09-26T23:54:36Z,7
2020-09-26T23:59:43Z,7
2020-09-27T00:04:40Z,6
2020-09-27T00:09:36Z,6
2020-09-27T00:14:38Z,6
2020-09-27T11:19:50Z,32
2020-09-27T11:24:54Z,30
2020-09-27T11:29:55Z,30
2020-09-27T11:35:05Z,28
2020-09-27T11:39:55Z,25
2020-09-27T11:44:56Z,19
2020-09-27T11:49:58Z,25
2020-09-27T11:54:57Z,27
2020-09-27T11:59:57Z,20
2020-09-27T12:04:59Z,26
2020-09-27T12:09:55Z,22
2020-09-27T12:14:53Z,38
2020-09-27T12:19:53Z,37
2020-09-27T12:24:54Z,40
2020-09-27T12:29:59Z,39
2020-09-27T12:34:56Z,37
2020-09-27T12:39:48Z,41
2020-09-27T12:44:44Z,38
2020-09-27T12:49:56Z,39
2020-09-27T12:54:55Z,37
2020-09-27T12:59:54Z,34
2020-09-27T13:04:52Z,28
2020-09-27T13:09:52Z,31
2020-09-27T13:14:52Z,31
2020-09-27T13:19:54Z,32
2020-09-27T13:24:57Z,29
2020-09-27T13:29:56Z,29
2020-09-27T13:34:55Z,30
2020-09-27T13:39:55Z,29
2020-09-27T13:44:55Z,27
2020-09-27T13:49:41Z,31
2020-09-27T13:54:54Z,30
2020-09-27T13:59:53Z,29
2020-09-27T14:04:54Z,30
2020-09-27T14:09:54Z,28
2020-09-27T14:14:55Z,27
2020-09-27T14:19:40Z,19
2020-09-27T14:24:53Z,27
2020-09-27T14:29:51Z,25
2020-09-27T14:34:48Z,28
2020-09-27T14:39:44Z,26
2020-09-27T14:44:53Z,29
2020-09-27T14:49:52Z,27
2020-09-27T14:54:50Z,30
2020-09-27T14:59:47Z,30
2020-09-27T15:04:44Z,29
2020-09-27T15:09:40Z,30
2020-09-27T15:14:41Z,33
2020-09-27T15:19:37Z,28
2020-09-27T15:24:52Z,31
2020-09-27T15:29:49Z,32
2020-09-27T15:34:45Z,30
2020-09-27T15:39:41Z,27
2020-09-27T15:44:37Z,28
2020-09-27T15:49:48Z,32
2020-09-27T15:54:44Z,32
2020-09-27T15:59:40Z,32
2020-09-27T16:04:36Z,33
2020-09-27T16:09:47Z,28
2020-09-27T16:14:43Z,28
2020-09-27T16:19:40Z,30
2020-09-27T16:24:36Z,33
2020-09-27T16:29:48Z,33
2020-09-27T16:34:45Z,33
2020-09-27T16:39:40Z,31
2020-09-27T16:44:36Z,33
2020-09-27T16:49:37Z,31
2020-09-27T16:54:49Z,35
2020-09-27T16:59:47Z,35
2020-09-27T17:04:43Z,33
2020-09-27T17:09:38Z,17
2020-09-27T17:14:39Z,16
2020-09-27T17:19:35Z,14
2020-09-27T17:24:47Z,14
2020-09-27T17:29:44Z,14
2020-09-27T17:34:40Z,14
2020-09-27T17:39:36Z,14
2020-09-27T17:44:47Z,13
2020-09-27T17:49:43Z,13
